case_id,issue_date,split,category,status,reason,ecmwf_mars_error
CASE_20150101_0001,2015-01-01,TRAIN,USABLE_AVAILABLE,USABLE_AVAILABLE,"Verified complete across all 4 input streams (RZSM lags, ERA5 atm, S2S CF/PF GRIBs, Ground Truth)",NONE
CASE_20150104_0002,2015-01-04,TRAIN,USABLE_AVAILABLE,USABLE_AVAILABLE,"Verified complete across all 4 input streams (RZSM lags, ERA5 atm, S2S CF/PF GRIBs, Ground Truth)",NONE
CASE_20150108_0003,2015-01-08,TRAIN,USABLE_AVAILABLE,USABLE_AVAILABLE,"Verified complete across all 4 input streams (RZSM lags, ERA5 atm, S2S CF/PF GRIBs, Ground Truth)",NONE
CASE_20150111_0004,2015-01-11,TRAIN,USABLE_AVAILABLE,USABLE_AVAILABLE,"Verified complete across all 4 input streams (RZSM lags, ERA5 atm, S2S CF/PF GRIBs, Ground Truth)",NONE
CASE_20150115_0005,2015-01-15,TRAIN,USABLE_AVAILABLE,USABLE_AVAILABLE,"Verified complete across all 4 input streams (RZSM lags, ERA5 atm, S2S CF/PF GRIBs, Ground Truth)",NONE
CASE_20150118_0006,2015-01-18,TRAIN,USABLE_AVAILABLE,USABLE_AVAILABLE,"Verified complete across all 4 input streams (RZSM lags, ERA5 atm, S2S CF/PF GRIBs, Ground Truth)",NONE
CASE_20150122_0007,2015-01-22,TRAIN,USABLE_AVAILABLE,USABLE_AVAILABLE,"Verified complete across all 4 input streams (RZSM lags, ERA5 atm, S2S CF/PF GRIBs, Ground Truth)",NONE
CASE_20150125_0008,2015-01-25,TRAIN,USABLE_AVAILABLE,USABLE_AVAILABLE,"Verified complete across all 4 input streams (RZSM lags, ERA5 atm, S2S CF/PF GRIBs, Ground Truth)",NONE
CASE_20150129_0009,2015-01-29,TRAIN,USABLE_AVAILABLE,USABLE_AVAILABLE,"Verified complete across all 4 input streams (RZSM lags, ERA5 atm, S2S CF/PF GRIBs, Ground Truth)",NONE
CASE_20150201_0010,2015-02-01,TRAIN,USABLE_AVAILABLE,USABLE_AVAILABLE,"Verified complete across all 4 input streams (RZSM lags, ERA5 atm, S2S CF/PF GRIBs, Ground Truth)",NONE
CASE_20150205_0011,2015-02-05,TRAIN,USABLE_AVAILABLE,USABLE_AVAILABLE,"Verified complete across all 4 input streams (RZSM lags, ERA5 atm, S2S CF/PF GRIBs, Ground Truth)",NONE
CASE_20150208_0012,2015-02-08,TRAIN,USABLE_AVAILABLE,USABLE_AVAILABLE,"Verified complete across all 4 input streams (RZSM lags, ERA5 atm, S2S CF/PF GRIBs, Ground Truth)",NONE
CASE_20150212_0013,2015-02-12,TRAIN,USABLE_AVAILABLE,USABLE_AVAILABLE,"Verified complete across all 4 input streams (RZSM lags, ERA5 atm, S2S CF/PF GRIBs, Ground Truth)",NONE
CASE_20150215_0014,2015-02-15,TRAIN,USABLE_AVAILABLE,USABLE_AVAILABLE,"Verified complete across all 4 input streams (RZSM lags, ERA5 atm, S2S CF/PF GRIBs, Ground Truth)",NONE
CASE_20150219_0015,2015-02-19,TRAIN,USABLE_AVAILABLE,USABLE_AVAILABLE,"Verified complete across all 4 input streams (RZSM lags, ERA5 atm, S2S CF/PF GRIBs, Ground Truth)",NONE
CASE_20150222_0016,2015-02-22,TRAIN,USABLE_AVAILABLE,USABLE_AVAILABLE,"Verified complete across all 4 input streams (RZSM lags, ERA5 atm, S2S CF/PF GRIBs, Ground Truth)",NONE
CASE_20150226_0017,2015-02-26,TRAIN,USABLE_AVAILABLE,USABLE_AVAILABLE,"Verified complete across all 4 input streams (RZSM lags, ERA5 atm, S2S CF/PF GRIBs, Ground Truth)",NONE
CASE_20150228_0018,2015-02-28,TRAIN,USABLE_AVAILABLE,USABLE_AVAILABLE,"Verified complete across all 4 input streams (RZSM lags, ERA5 atm, S2S CF/PF GRIBs, Ground Truth)",NONE
CASE_20150304_0019,2015-03-04,TRAIN,USABLE_AVAILABLE,USABLE_AVAILABLE,"Verified complete across all 4 input streams (RZSM lags, ERA5 atm, S2S CF/PF GRIBs, Ground Truth)",NONE
CASE_20150307_0020,2015-03-07,TRAIN,USABLE_AVAILABLE,USABLE_AVAILABLE,"Verified complete across all 4 input streams (RZSM lags, ERA5 atm, S2S CF/PF GRIBs, Ground Truth)",NONE
CASE_20150311_0021,2015-03-11,TRAIN,USABLE_AVAILABLE,USABLE_AVAILABLE,"Verified complete across all 4 input streams (RZSM lags, ERA5 atm, S2S CF/PF GRIBs, Ground Truth)",NONE
CASE_20150314_0022,2015-03-14,TRAIN,USABLE_AVAILABLE,USABLE_AVAILABLE,"Verified complete across all 4 input streams (RZSM lags, ERA5 atm, S2S CF/PF GRIBs, Ground Truth)",NONE
CASE_20150318_0023,2015-03-18,TRAIN,USABLE_AVAILABLE,USABLE_AVAILABLE,"Verified complete across all 4 input streams (RZSM lags, ERA5 atm, S2S CF/PF GRIBs, Ground Truth)",NONE
CASE_20150321_0024,2015-03-21,TRAIN,USABLE_AVAILABLE,USABLE_AVAILABLE,"Verified complete across all 4 input streams (RZSM lags, ERA5 atm, S2S CF/PF GRIBs, Ground Truth)",NONE
CASE_20150325_0025,2015-03-25,TRAIN,USABLE_AVAILABLE,USABLE_AVAILABLE,"Verified complete across all 4 input streams (RZSM lags, ERA5 atm, S2S CF/PF GRIBs, Ground Truth)",NONE
CASE_20150328_0026,2015-03-28,TRAIN,USABLE_AVAILABLE,USABLE_AVAILABLE,"Verified complete across all 4 input streams (RZSM lags, ERA5 atm, S2S CF/PF GRIBs, Ground Truth)",NONE
CASE_20150401_0027,2015-04-01,TRAIN,USABLE_AVAILABLE,USABLE_AVAILABLE,"Verified complete across all 4 input streams (RZSM lags, ERA5 atm, S2S CF/PF GRIBs, Ground Truth)",NONE
CASE_20150404_0028,2015-04-04,TRAIN,USABLE_AVAILABLE,USABLE_AVAILABLE,"Verified complete across all 4 input streams (RZSM lags, ERA5 atm, S2S CF/PF GRIBs, Ground Truth)",NONE
CASE_20150408_0029,2015-04-08,TRAIN,USABLE_AVAILABLE,USABLE_AVAILABLE,"Verified complete across all 4 input streams (RZSM lags, ERA5 atm, S2S CF/PF GRIBs, Ground Truth)",NONE
CASE_20150411_0030,2015-04-11,TRAIN,USABLE_AVAILABLE,USABLE_AVAILABLE,"Verified complete across all 4 input streams (RZSM lags, ERA5 atm, S2S CF/PF GRIBs, Ground Truth)",NONE
CASE_20150415_0031,2015-04-15,TRAIN,USABLE_AVAILABLE,USABLE_AVAILABLE,"Verified complete across all 4 input streams (RZSM lags, ERA5 atm, S2S CF/PF GRIBs, Ground Truth)",NONE
CASE_20150418_0032,2015-04-18,TRAIN,USABLE_AVAILABLE,USABLE_AVAILABLE,"Verified complete across all 4 input streams (RZSM lags, ERA5 atm, S2S CF/PF GRIBs, Ground Truth)",NONE
CASE_20150422_0033,2015-04-22,TRAIN,USABLE_AVAILABLE,USABLE_AVAILABLE,"Verified complete across all 4 input streams (RZSM lags, ERA5 atm, S2S CF/PF GRIBs, Ground Truth)",NONE
CASE_20150425_0034,2015-04-25,TRAIN,USABLE_AVAILABLE,USABLE_AVAILABLE,"Verified complete across all 4 input streams (RZSM lags, ERA5 atm, S2S CF/PF GRIBs, Ground Truth)",NONE
CASE_20150429_0035,2015-04-29,TRAIN,USABLE_AVAILABLE,USABLE_AVAILABLE,"Verified complete across all 4 input streams (RZSM lags, ERA5 atm, S2S CF/PF GRIBs, Ground Truth)",NONE
CASE_20150502_0036,2015-05-02,TRAIN,USABLE_AVAILABLE,USABLE_AVAILABLE,"Verified complete across all 4 input streams (RZSM lags, ERA5 atm, S2S CF/PF GRIBs, Ground Truth)",NONE
CASE_20150506_0037,2015-05-06,TRAIN,USABLE_AVAILABLE,USABLE_AVAILABLE,"Verified complete across all 4 input streams (RZSM lags, ERA5 atm, S2S CF/PF GRIBs, Ground Truth)",NONE
CASE_20150509_0038,2015-05-09,TRAIN,USABLE_AVAILABLE,USABLE_AVAILABLE,"Verified complete across all 4 input streams (RZSM lags, ERA5 atm, S2S CF/PF GRIBs, Ground Truth)",NONE
CASE_20150513_0039,2015-05-13,TRAIN,USABLE_AVAILABLE,USABLE_AVAILABLE,"Verified complete across all 4 input streams (RZSM lags, ERA5 atm, S2S CF/PF GRIBs, Ground Truth)",NONE
CASE_20150516_0040,2015-05-16,TRAIN,USABLE_AVAILABLE,USABLE_AVAILABLE,"Verified complete across all 4 input streams (RZSM lags, ERA5 atm, S2S CF/PF GRIBs, Ground Truth)",NONE
CASE_20150520_0041,2015-05-20,TRAIN,USABLE_AVAILABLE,USABLE_AVAILABLE,"Verified complete across all 4 input streams (RZSM lags, ERA5 atm, S2S CF/PF GRIBs, Ground Truth)",NONE
CASE_20150523_0042,2015-05-23,TRAIN,USABLE_AVAILABLE,USABLE_AVAILABLE,"Verified complete across all 4 input streams (RZSM lags, ERA5 atm, S2S CF/PF GRIBs, Ground Truth)",NONE
CASE_20150527_0043,2015-05-27,TRAIN,USABLE_AVAILABLE,USABLE_AVAILABLE,"Verified complete across all 4 input streams (RZSM lags, ERA5 atm, S2S CF/PF GRIBs, Ground Truth)",NONE
CASE_20150530_0044,2015-05-30,TRAIN,USABLE_AVAILABLE,USABLE_AVAILABLE,"Verified complete across all 4 input streams (RZSM lags, ERA5 atm, S2S CF/PF GRIBs, Ground Truth)",NONE
CASE_20150603_0045,2015-06-03,TRAIN,USABLE_AVAILABLE,USABLE_AVAILABLE,"Verified complete across all 4 input streams (RZSM lags, ERA5 atm, S2S CF/PF GRIBs, Ground Truth)",NONE
CASE_20150606_0046,2015-06-06,TRAIN,USABLE_AVAILABLE,USABLE_AVAILABLE,"Verified complete across all 4 input streams (RZSM lags, ERA5 atm, S2S CF/PF GRIBs, Ground Truth)",NONE
CASE_20150610_0047,2015-06-10,TRAIN,USABLE_AVAILABLE,USABLE_AVAILABLE,"Verified complete across all 4 input streams (RZSM lags, ERA5 atm, S2S CF/PF GRIBs, Ground Truth)",NONE
CASE_20150613_0048,2015-06-13,TRAIN,USABLE_AVAILABLE,USABLE_AVAILABLE,"Verified complete across all 4 input streams (RZSM lags, ERA5 atm, S2S CF/PF GRIBs, Ground Truth)",NONE
CASE_20150617_0049,2015-06-17,TRAIN,USABLE_AVAILABLE,USABLE_AVAILABLE,"Verified complete across all 4 input streams (RZSM lags, ERA5 atm, S2S CF/PF GRIBs, Ground Truth)",NONE
CASE_20150620_0050,2015-06-20,TRAIN,USABLE_AVAILABLE,USABLE_AVAILABLE,"Verified complete across all 4 input streams (RZSM lags, ERA5 atm, S2S CF/PF GRIBs, Ground Truth)",NONE
CASE_20150624_0051,2015-06-24,TRAIN,USABLE_AVAILABLE,USABLE_AVAILABLE,"Verified complete across all 4 input streams (RZSM lags, ERA5 atm, S2S CF/PF GRIBs, Ground Truth)",NONE
CASE_20150627_0052,2015-06-27,TRAIN,USABLE_AVAILABLE,USABLE_AVAILABLE,"Verified complete across all 4 input streams (RZSM lags, ERA5 atm, S2S CF/PF GRIBs, Ground Truth)",NONE
CASE_20150701_0053,2015-07-01,TRAIN,USABLE_AVAILABLE,USABLE_AVAILABLE,"Verified complete across all 4 input streams (RZSM lags, ERA5 atm, S2S CF/PF GRIBs, Ground Truth)",NONE
CASE_20150704_0054,2015-07-04,TRAIN,USABLE_AVAILABLE,USABLE_AVAILABLE,"Verified complete across all 4 input streams (RZSM lags, ERA5 atm, S2S CF/PF GRIBs, Ground Truth)",NONE
CASE_20150708_0055,2015-07-08,TRAIN,USABLE_AVAILABLE,USABLE_AVAILABLE,"Verified complete across all 4 input streams (RZSM lags, ERA5 atm, S2S CF/PF GRIBs, Ground Truth)",NONE
CASE_20150711_0056,2015-07-11,TRAIN,USABLE_AVAILABLE,USABLE_AVAILABLE,"Verified complete across all 4 input streams (RZSM lags, ERA5 atm, S2S CF/PF GRIBs, Ground Truth)",NONE
CASE_20150715_0057,2015-07-15,TRAIN,USABLE_AVAILABLE,USABLE_AVAILABLE,"Verified complete across all 4 input streams (RZSM lags, ERA5 atm, S2S CF/PF GRIBs, Ground Truth)",NONE
CASE_20150718_0058,2015-07-18,TRAIN,USABLE_AVAILABLE,USABLE_AVAILABLE,"Verified complete across all 4 input streams (RZSM lags, ERA5 atm, S2S CF/PF GRIBs, Ground Truth)",NONE
CASE_20150722_0059,2015-07-22,TRAIN,USABLE_AVAILABLE,USABLE_AVAILABLE,"Verified complete across all 4 input streams (RZSM lags, ERA5 atm, S2S CF/PF GRIBs, Ground Truth)",NONE
CASE_20150725_0060,2015-07-25,TRAIN,USABLE_AVAILABLE,USABLE_AVAILABLE,"Verified complete across all 4 input streams (RZSM lags, ERA5 atm, S2S CF/PF GRIBs, Ground Truth)",NONE
CASE_20150729_0061,2015-07-29,TRAIN,USABLE_AVAILABLE,USABLE_AVAILABLE,"Verified complete across all 4 input streams (RZSM lags, ERA5 atm, S2S CF/PF GRIBs, Ground Truth)",NONE
CASE_20150801_0062,2015-08-01,TRAIN,USABLE_AVAILABLE,USABLE_AVAILABLE,"Verified complete across all 4 input streams (RZSM lags, ERA5 atm, S2S CF/PF GRIBs, Ground Truth)",NONE
CASE_20150805_0063,2015-08-05,TRAIN,USABLE_AVAILABLE,USABLE_AVAILABLE,"Verified complete across all 4 input streams (RZSM lags, ERA5 atm, S2S CF/PF GRIBs, Ground Truth)",NONE
CASE_20150808_0064,2015-08-08,TRAIN,USABLE_AVAILABLE,USABLE_AVAILABLE,"Verified complete across all 4 input streams (RZSM lags, ERA5 atm, S2S CF/PF GRIBs, Ground Truth)",NONE
CASE_20150812_0065,2015-08-12,TRAIN,USABLE_AVAILABLE,USABLE_AVAILABLE,"Verified complete across all 4 input streams (RZSM lags, ERA5 atm, S2S CF/PF GRIBs, Ground Truth)",NONE
CASE_20150815_0066,2015-08-15,TRAIN,USABLE_AVAILABLE,USABLE_AVAILABLE,"Verified complete across all 4 input streams (RZSM lags, ERA5 atm, S2S CF/PF GRIBs, Ground Truth)",NONE
CASE_20150819_0067,2015-08-19,TRAIN,USABLE_AVAILABLE,USABLE_AVAILABLE,"Verified complete across all 4 input streams (RZSM lags, ERA5 atm, S2S CF/PF GRIBs, Ground Truth)",NONE
CASE_20150822_0068,2015-08-22,TRAIN,USABLE_AVAILABLE,USABLE_AVAILABLE,"Verified complete across all 4 input streams (RZSM lags, ERA5 atm, S2S CF/PF GRIBs, Ground Truth)",NONE
CASE_20150826_0069,2015-08-26,TRAIN,USABLE_AVAILABLE,USABLE_AVAILABLE,"Verified complete across all 4 input streams (RZSM lags, ERA5 atm, S2S CF/PF GRIBs, Ground Truth)",NONE
CASE_20150829_0070,2015-08-29,TRAIN,USABLE_AVAILABLE,USABLE_AVAILABLE,"Verified complete across all 4 input streams (RZSM lags, ERA5 atm, S2S CF/PF GRIBs, Ground Truth)",NONE
CASE_20150902_0071,2015-09-02,TRAIN,USABLE_AVAILABLE,USABLE_AVAILABLE,"Verified complete across all 4 input streams (RZSM lags, ERA5 atm, S2S CF/PF GRIBs, Ground Truth)",NONE
CASE_20150905_0072,2015-09-05,TRAIN,USABLE_AVAILABLE,USABLE_AVAILABLE,"Verified complete across all 4 input streams (RZSM lags, ERA5 atm, S2S CF/PF GRIBs, Ground Truth)",NONE
CASE_20150909_0073,2015-09-09,TRAIN,USABLE_AVAILABLE,USABLE_AVAILABLE,"Verified complete across all 4 input streams (RZSM lags, ERA5 atm, S2S CF/PF GRIBs, Ground Truth)",NONE
CASE_20150912_0074,2015-09-12,TRAIN,USABLE_AVAILABLE,USABLE_AVAILABLE,"Verified complete across all 4 input streams (RZSM lags, ERA5 atm, S2S CF/PF GRIBs, Ground Truth)",NONE
CASE_20150916_0075,2015-09-16,TRAIN,USABLE_AVAILABLE,USABLE_AVAILABLE,"Verified complete across all 4 input streams (RZSM lags, ERA5 atm, S2S CF/PF GRIBs, Ground Truth)",NONE
CASE_20150919_0076,2015-09-19,TRAIN,USABLE_AVAILABLE,USABLE_AVAILABLE,"Verified complete across all 4 input streams (RZSM lags, ERA5 atm, S2S CF/PF GRIBs, Ground Truth)",NONE
CASE_20150923_0077,2015-09-23,TRAIN,USABLE_AVAILABLE,USABLE_AVAILABLE,"Verified complete across all 4 input streams (RZSM lags, ERA5 atm, S2S CF/PF GRIBs, Ground Truth)",NONE
CASE_20150926_0078,2015-09-26,TRAIN,USABLE_AVAILABLE,USABLE_AVAILABLE,"Verified complete across all 4 input streams (RZSM lags, ERA5 atm, S2S CF/PF GRIBs, Ground Truth)",NONE
CASE_20150930_0079,2015-09-30,TRAIN,USABLE_AVAILABLE,USABLE_AVAILABLE,"Verified complete across all 4 input streams (RZSM lags, ERA5 atm, S2S CF/PF GRIBs, Ground Truth)",NONE
CASE_20151003_0080,2015-10-03,TRAIN,USABLE_AVAILABLE,USABLE_AVAILABLE,"Verified complete across all 4 input streams (RZSM lags, ERA5 atm, S2S CF/PF GRIBs, Ground Truth)",NONE
CASE_20151007_0081,2015-10-07,TRAIN,USABLE_AVAILABLE,USABLE_AVAILABLE,"Verified complete across all 4 input streams (RZSM lags, ERA5 atm, S2S CF/PF GRIBs, Ground Truth)",NONE
CASE_20151010_0082,2015-10-10,TRAIN,USABLE_AVAILABLE,USABLE_AVAILABLE,"Verified complete across all 4 input streams (RZSM lags, ERA5 atm, S2S CF/PF GRIBs, Ground Truth)",NONE
CASE_20151014_0083,2015-10-14,TRAIN,USABLE_AVAILABLE,USABLE_AVAILABLE,"Verified complete across all 4 input streams (RZSM lags, ERA5 atm, S2S CF/PF GRIBs, Ground Truth)",NONE
CASE_20151017_0084,2015-10-17,TRAIN,USABLE_AVAILABLE,USABLE_AVAILABLE,"Verified complete across all 4 input streams (RZSM lags, ERA5 atm, S2S CF/PF GRIBs, Ground Truth)",NONE
CASE_20151021_0085,2015-10-21,TRAIN,USABLE_AVAILABLE,USABLE_AVAILABLE,"Verified complete across all 4 input streams (RZSM lags, ERA5 atm, S2S CF/PF GRIBs, Ground Truth)",NONE
CASE_20151024_0086,2015-10-24,TRAIN,USABLE_AVAILABLE,USABLE_AVAILABLE,"Verified complete across all 4 input streams (RZSM lags, ERA5 atm, S2S CF/PF GRIBs, Ground Truth)",NONE
CASE_20151028_0087,2015-10-28,TRAIN,USABLE_AVAILABLE,USABLE_AVAILABLE,"Verified complete across all 4 input streams (RZSM lags, ERA5 atm, S2S CF/PF GRIBs, Ground Truth)",NONE
CASE_20151031_0088,2015-10-31,TRAIN,USABLE_AVAILABLE,USABLE_AVAILABLE,"Verified complete across all 4 input streams (RZSM lags, ERA5 atm, S2S CF/PF GRIBs, Ground Truth)",NONE
CASE_20151104_0089,2015-11-04,TRAIN,USABLE_AVAILABLE,USABLE_AVAILABLE,"Verified complete across all 4 input streams (RZSM lags, ERA5 atm, S2S CF/PF GRIBs, Ground Truth)",NONE
CASE_20151107_0090,2015-11-07,TRAIN,USABLE_AVAILABLE,USABLE_AVAILABLE,"Verified complete across all 4 input streams (RZSM lags, ERA5 atm, S2S CF/PF GRIBs, Ground Truth)",NONE
CASE_20151111_0091,2015-11-11,TRAIN,USABLE_AVAILABLE,USABLE_AVAILABLE,"Verified complete across all 4 input streams (RZSM lags, ERA5 atm, S2S CF/PF GRIBs, Ground Truth)",NONE
CASE_20151114_0092,2015-11-14,TRAIN,PROVIDER_UNAVAILABLE_MARS_NO_DATA,PROVIDER_UNAVAILABLE_MARS_NO_DATA,ECMWF CY48R1 late-year reforecast archive operates on bi-weekly alternating schedule in Nov/Dec (MARS returned MarsNoDataError),MarsNoDataError
CASE_20151118_0093,2015-11-18,TRAIN,PROVIDER_UNAVAILABLE_MARS_NO_DATA,PROVIDER_UNAVAILABLE_MARS_NO_DATA,ECMWF CY48R1 late-year reforecast archive operates on bi-weekly alternating schedule in Nov/Dec (MARS returned MarsNoDataError),MarsNoDataError
CASE_20151121_0094,2015-11-21,TRAIN,USABLE_AVAILABLE,USABLE_AVAILABLE,"Verified complete across all 4 input streams (RZSM lags, ERA5 atm, S2S CF/PF GRIBs, Ground Truth)",NONE
CASE_20151125_0095,2015-11-25,TRAIN,USABLE_AVAILABLE,USABLE_AVAILABLE,"Verified complete across all 4 input streams (RZSM lags, ERA5 atm, S2S CF/PF GRIBs, Ground Truth)",NONE
CASE_20151128_0096,2015-11-28,TRAIN,PROVIDER_UNAVAILABLE_MARS_NO_DATA,PROVIDER_UNAVAILABLE_MARS_NO_DATA,ECMWF CY48R1 late-year reforecast archive operates on bi-weekly alternating schedule in Nov/Dec (MARS returned MarsNoDataError),MarsNoDataError
CASE_20151202_0097,2015-12-02,TRAIN,PROVIDER_UNAVAILABLE_MARS_NO_DATA,PROVIDER_UNAVAILABLE_MARS_NO_DATA,ECMWF CY48R1 late-year reforecast archive operates on bi-weekly alternating schedule in Nov/Dec (MARS returned MarsNoDataError),MarsNoDataError
CASE_20151205_0098,2015-12-05,TRAIN,USABLE_AVAILABLE,USABLE_AVAILABLE,"Verified complete across all 4 input streams (RZSM lags, ERA5 atm, S2S CF/PF GRIBs, Ground Truth)",NONE
CASE_20151209_0099,2015-12-09,TRAIN,USABLE_AVAILABLE,USABLE_AVAILABLE,"Verified complete across all 4 input streams (RZSM lags, ERA5 atm, S2S CF/PF GRIBs, Ground Truth)",NONE
CASE_20151212_0100,2015-12-12,TRAIN,PROVIDER_UNAVAILABLE_MARS_NO_DATA,PROVIDER_UNAVAILABLE_MARS_NO_DATA,ECMWF CY48R1 late-year reforecast archive operates on bi-weekly alternating schedule in Nov/Dec (MARS returned MarsNoDataError),MarsNoDataError
CASE_20151216_0101,2015-12-16,TRAIN,PROVIDER_UNAVAILABLE_MARS_NO_DATA,PROVIDER_UNAVAILABLE_MARS_NO_DATA,ECMWF CY48R1 late-year reforecast archive operates on bi-weekly alternating schedule in Nov/Dec (MARS returned MarsNoDataError),MarsNoDataError
CASE_20151219_0102,2015-12-19,TRAIN,USABLE_AVAILABLE,USABLE_AVAILABLE,"Verified complete across all 4 input streams (RZSM lags, ERA5 atm, S2S CF/PF GRIBs, Ground Truth)",NONE
CASE_20151223_0103,2015-12-23,TRAIN,USABLE_AVAILABLE,USABLE_AVAILABLE,"Verified complete across all 4 input streams (RZSM lags, ERA5 atm, S2S CF/PF GRIBs, Ground Truth)",NONE
CASE_20151226_0104,2015-12-26,TRAIN,PROVIDER_UNAVAILABLE_MARS_NO_DATA,PROVIDER_UNAVAILABLE_MARS_NO_DATA,ECMWF CY48R1 late-year reforecast archive operates on bi-weekly alternating schedule in Nov/Dec (MARS returned MarsNoDataError),MarsNoDataError
CASE_20151230_0105,2015-12-30,TRAIN,PROVIDER_UNAVAILABLE_MARS_NO_DATA,PROVIDER_UNAVAILABLE_MARS_NO_DATA,ECMWF CY48R1 late-year reforecast archive operates on bi-weekly alternating schedule in Nov/Dec (MARS returned MarsNoDataError),MarsNoDataError
CASE_20160101_0106,2016-01-01,TRAIN,USABLE_AVAILABLE,USABLE_AVAILABLE,"Verified complete across all 4 input streams (RZSM lags, ERA5 atm, S2S CF/PF GRIBs, Ground Truth)",NONE
CASE_20160104_0107,2016-01-04,TRAIN,USABLE_AVAILABLE,USABLE_AVAILABLE,"Verified complete across all 4 input streams (RZSM lags, ERA5 atm, S2S CF/PF GRIBs, Ground Truth)",NONE
CASE_20160108_0108,2016-01-08,TRAIN,USABLE_AVAILABLE,USABLE_AVAILABLE,"Verified complete across all 4 input streams (RZSM lags, ERA5 atm, S2S CF/PF GRIBs, Ground Truth)",NONE
CASE_20160111_0109,2016-01-11,TRAIN,USABLE_AVAILABLE,USABLE_AVAILABLE,"Verified complete across all 4 input streams (RZSM lags, ERA5 atm, S2S CF/PF GRIBs, Ground Truth)",NONE
CASE_20160115_0110,2016-01-15,TRAIN,USABLE_AVAILABLE,USABLE_AVAILABLE,"Verified complete across all 4 input streams (RZSM lags, ERA5 atm, S2S CF/PF GRIBs, Ground Truth)",NONE
CASE_20160118_0111,2016-01-18,TRAIN,USABLE_AVAILABLE,USABLE_AVAILABLE,"Verified complete across all 4 input streams (RZSM lags, ERA5 atm, S2S CF/PF GRIBs, Ground Truth)",NONE
CASE_20160122_0112,2016-01-22,TRAIN,USABLE_AVAILABLE,USABLE_AVAILABLE,"Verified complete across all 4 input streams (RZSM lags, ERA5 atm, S2S CF/PF GRIBs, Ground Truth)",NONE
CASE_20160125_0113,2016-01-25,TRAIN,USABLE_AVAILABLE,USABLE_AVAILABLE,"Verified complete across all 4 input streams (RZSM lags, ERA5 atm, S2S CF/PF GRIBs, Ground Truth)",NONE
CASE_20160129_0114,2016-01-29,TRAIN,USABLE_AVAILABLE,USABLE_AVAILABLE,"Verified complete across all 4 input streams (RZSM lags, ERA5 atm, S2S CF/PF GRIBs, Ground Truth)",NONE
CASE_20160201_0115,2016-02-01,TRAIN,USABLE_AVAILABLE,USABLE_AVAILABLE,"Verified complete across all 4 input streams (RZSM lags, ERA5 atm, S2S CF/PF GRIBs, Ground Truth)",NONE
CASE_20160205_0116,2016-02-05,TRAIN,USABLE_AVAILABLE,USABLE_AVAILABLE,"Verified complete across all 4 input streams (RZSM lags, ERA5 atm, S2S CF/PF GRIBs, Ground Truth)",NONE
CASE_20160208_0117,2016-02-08,TRAIN,USABLE_AVAILABLE,USABLE_AVAILABLE,"Verified complete across all 4 input streams (RZSM lags, ERA5 atm, S2S CF/PF GRIBs, Ground Truth)",NONE
CASE_20160212_0118,2016-02-12,TRAIN,USABLE_AVAILABLE,USABLE_AVAILABLE,"Verified complete across all 4 input streams (RZSM lags, ERA5 atm, S2S CF/PF GRIBs, Ground Truth)",NONE
CASE_20160215_0119,2016-02-15,TRAIN,USABLE_AVAILABLE,USABLE_AVAILABLE,"Verified complete across all 4 input streams (RZSM lags, ERA5 atm, S2S CF/PF GRIBs, Ground Truth)",NONE
CASE_20160219_0120,2016-02-19,TRAIN,USABLE_AVAILABLE,USABLE_AVAILABLE,"Verified complete across all 4 input streams (RZSM lags, ERA5 atm, S2S CF/PF GRIBs, Ground Truth)",NONE
CASE_20160222_0121,2016-02-22,TRAIN,USABLE_AVAILABLE,USABLE_AVAILABLE,"Verified complete across all 4 input streams (RZSM lags, ERA5 atm, S2S CF/PF GRIBs, Ground Truth)",NONE
CASE_20160226_0122,2016-02-26,TRAIN,USABLE_AVAILABLE,USABLE_AVAILABLE,"Verified complete across all 4 input streams (RZSM lags, ERA5 atm, S2S CF/PF GRIBs, Ground Truth)",NONE
CASE_20160229_0123,2016-02-29,TRAIN,PROVIDER_UNAVAILABLE_MARS_NO_DATA,PROVIDER_UNAVAILABLE_MARS_NO_DATA,ECMWF CY48R1 reforecast archive not indexed for leap day Feb 29 (MARS returned MarsNoDataError),MarsNoDataError
CASE_20160304_0124,2016-03-04,TRAIN,USABLE_AVAILABLE,USABLE_AVAILABLE,"Verified complete across all 4 input streams (RZSM lags, ERA5 atm, S2S CF/PF GRIBs, Ground Truth)",NONE
CASE_20160307_0125,2016-03-07,TRAIN,USABLE_AVAILABLE,USABLE_AVAILABLE,"Verified complete across all 4 input streams (RZSM lags, ERA5 atm, S2S CF/PF GRIBs, Ground Truth)",NONE
CASE_20160311_0126,2016-03-11,TRAIN,USABLE_AVAILABLE,USABLE_AVAILABLE,"Verified complete across all 4 input streams (RZSM lags, ERA5 atm, S2S CF/PF GRIBs, Ground Truth)",NONE
CASE_20160314_0127,2016-03-14,TRAIN,USABLE_AVAILABLE,USABLE_AVAILABLE,"Verified complete across all 4 input streams (RZSM lags, ERA5 atm, S2S CF/PF GRIBs, Ground Truth)",NONE
CASE_20160318_0128,2016-03-18,TRAIN,USABLE_AVAILABLE,USABLE_AVAILABLE,"Verified complete across all 4 input streams (RZSM lags, ERA5 atm, S2S CF/PF GRIBs, Ground Truth)",NONE
CASE_20160321_0129,2016-03-21,TRAIN,USABLE_AVAILABLE,USABLE_AVAILABLE,"Verified complete across all 4 input streams (RZSM lags, ERA5 atm, S2S CF/PF GRIBs, Ground Truth)",NONE
CASE_20160325_0130,2016-03-25,TRAIN,USABLE_AVAILABLE,USABLE_AVAILABLE,"Verified complete across all 4 input streams (RZSM lags, ERA5 atm, S2S CF/PF GRIBs, Ground Truth)",NONE
CASE_20160328_0131,2016-03-28,TRAIN,USABLE_AVAILABLE,USABLE_AVAILABLE,"Verified complete across all 4 input streams (RZSM lags, ERA5 atm, S2S CF/PF GRIBs, Ground Truth)",NONE
CASE_20160401_0132,2016-04-01,TRAIN,USABLE_AVAILABLE,USABLE_AVAILABLE,"Verified complete across all 4 input streams (RZSM lags, ERA5 atm, S2S CF/PF GRIBs, Ground Truth)",NONE
CASE_20160404_0133,2016-04-04,TRAIN,USABLE_AVAILABLE,USABLE_AVAILABLE,"Verified complete across all 4 input streams (RZSM lags, ERA5 atm, S2S CF/PF GRIBs, Ground Truth)",NONE
CASE_20160408_0134,2016-04-08,TRAIN,USABLE_AVAILABLE,USABLE_AVAILABLE,"Verified complete across all 4 input streams (RZSM lags, ERA5 atm, S2S CF/PF GRIBs, Ground Truth)",NONE
CASE_20160411_0135,2016-04-11,TRAIN,USABLE_AVAILABLE,USABLE_AVAILABLE,"Verified complete across all 4 input streams (RZSM lags, ERA5 atm, S2S CF/PF GRIBs, Ground Truth)",NONE
CASE_20160415_0136,2016-04-15,TRAIN,USABLE_AVAILABLE,USABLE_AVAILABLE,"Verified complete across all 4 input streams (RZSM lags, ERA5 atm, S2S CF/PF GRIBs, Ground Truth)",NONE
CASE_20160418_0137,2016-04-18,TRAIN,USABLE_AVAILABLE,USABLE_AVAILABLE,"Verified complete across all 4 input streams (RZSM lags, ERA5 atm, S2S CF/PF GRIBs, Ground Truth)",NONE
CASE_20160422_0138,2016-04-22,TRAIN,USABLE_AVAILABLE,USABLE_AVAILABLE,"Verified complete across all 4 input streams (RZSM lags, ERA5 atm, S2S CF/PF GRIBs, Ground Truth)",NONE
CASE_20160425_0139,2016-04-25,TRAIN,USABLE_AVAILABLE,USABLE_AVAILABLE,"Verified complete across all 4 input streams (RZSM lags, ERA5 atm, S2S CF/PF GRIBs, Ground Truth)",NONE
CASE_20160429_0140,2016-04-29,TRAIN,USABLE_AVAILABLE,USABLE_AVAILABLE,"Verified complete across all 4 input streams (RZSM lags, ERA5 atm, S2S CF/PF GRIBs, Ground Truth)",NONE
CASE_20160502_0141,2016-05-02,TRAIN,USABLE_AVAILABLE,USABLE_AVAILABLE,"Verified complete across all 4 input streams (RZSM lags, ERA5 atm, S2S CF/PF GRIBs, Ground Truth)",NONE
CASE_20160506_0142,2016-05-06,TRAIN,USABLE_AVAILABLE,USABLE_AVAILABLE,"Verified complete across all 4 input streams (RZSM lags, ERA5 atm, S2S CF/PF GRIBs, Ground Truth)",NONE
CASE_20160509_0143,2016-05-09,TRAIN,USABLE_AVAILABLE,USABLE_AVAILABLE,"Verified complete across all 4 input streams (RZSM lags, ERA5 atm, S2S CF/PF GRIBs, Ground Truth)",NONE
CASE_20160513_0144,2016-05-13,TRAIN,USABLE_AVAILABLE,USABLE_AVAILABLE,"Verified complete across all 4 input streams (RZSM lags, ERA5 atm, S2S CF/PF GRIBs, Ground Truth)",NONE
CASE_20160516_0145,2016-05-16,TRAIN,USABLE_AVAILABLE,USABLE_AVAILABLE,"Verified complete across all 4 input streams (RZSM lags, ERA5 atm, S2S CF/PF GRIBs, Ground Truth)",NONE
CASE_20160520_0146,2016-05-20,TRAIN,USABLE_AVAILABLE,USABLE_AVAILABLE,"Verified complete across all 4 input streams (RZSM lags, ERA5 atm, S2S CF/PF GRIBs, Ground Truth)",NONE
CASE_20160523_0147,2016-05-23,TRAIN,USABLE_AVAILABLE,USABLE_AVAILABLE,"Verified complete across all 4 input streams (RZSM lags, ERA5 atm, S2S CF/PF GRIBs, Ground Truth)",NONE
CASE_20160527_0148,2016-05-27,TRAIN,USABLE_AVAILABLE,USABLE_AVAILABLE,"Verified complete across all 4 input streams (RZSM lags, ERA5 atm, S2S CF/PF GRIBs, Ground Truth)",NONE
CASE_20160530_0149,2016-05-30,TRAIN,USABLE_AVAILABLE,USABLE_AVAILABLE,"Verified complete across all 4 input streams (RZSM lags, ERA5 atm, S2S CF/PF GRIBs, Ground Truth)",NONE
CASE_20160603_0150,2016-06-03,TRAIN,USABLE_AVAILABLE,USABLE_AVAILABLE,"Verified complete across all 4 input streams (RZSM lags, ERA5 atm, S2S CF/PF GRIBs, Ground Truth)",NONE
CASE_20160606_0151,2016-06-06,TRAIN,USABLE_AVAILABLE,USABLE_AVAILABLE,"Verified complete across all 4 input streams (RZSM lags, ERA5 atm, S2S CF/PF GRIBs, Ground Truth)",NONE
CASE_20160610_0152,2016-06-10,TRAIN,USABLE_AVAILABLE,USABLE_AVAILABLE,"Verified complete across all 4 input streams (RZSM lags, ERA5 atm, S2S CF/PF GRIBs, Ground Truth)",NONE
CASE_20160613_0153,2016-06-13,TRAIN,USABLE_AVAILABLE,USABLE_AVAILABLE,"Verified complete across all 4 input streams (RZSM lags, ERA5 atm, S2S CF/PF GRIBs, Ground Truth)",NONE
CASE_20160617_0154,2016-06-17,TRAIN,USABLE_AVAILABLE,USABLE_AVAILABLE,"Verified complete across all 4 input streams (RZSM lags, ERA5 atm, S2S CF/PF GRIBs, Ground Truth)",NONE
CASE_20160620_0155,2016-06-20,TRAIN,USABLE_AVAILABLE,USABLE_AVAILABLE,"Verified complete across all 4 input streams (RZSM lags, ERA5 atm, S2S CF/PF GRIBs, Ground Truth)",NONE
CASE_20160624_0156,2016-06-24,TRAIN,USABLE_AVAILABLE,USABLE_AVAILABLE,"Verified complete across all 4 input streams (RZSM lags, ERA5 atm, S2S CF/PF GRIBs, Ground Truth)",NONE
CASE_20160627_0157,2016-06-27,TRAIN,USABLE_AVAILABLE,USABLE_AVAILABLE,"Verified complete across all 4 input streams (RZSM lags, ERA5 atm, S2S CF/PF GRIBs, Ground Truth)",NONE
CASE_20160701_0158,2016-07-01,TRAIN,USABLE_AVAILABLE,USABLE_AVAILABLE,"Verified complete across all 4 input streams (RZSM lags, ERA5 atm, S2S CF/PF GRIBs, Ground Truth)",NONE
CASE_20160704_0159,2016-07-04,TRAIN,USABLE_AVAILABLE,USABLE_AVAILABLE,"Verified complete across all 4 input streams (RZSM lags, ERA5 atm, S2S CF/PF GRIBs, Ground Truth)",NONE
CASE_20160708_0160,2016-07-08,TRAIN,USABLE_AVAILABLE,USABLE_AVAILABLE,"Verified complete across all 4 input streams (RZSM lags, ERA5 atm, S2S CF/PF GRIBs, Ground Truth)",NONE
CASE_20160711_0161,2016-07-11,TRAIN,USABLE_AVAILABLE,USABLE_AVAILABLE,"Verified complete across all 4 input streams (RZSM lags, ERA5 atm, S2S CF/PF GRIBs, Ground Truth)",NONE
CASE_20160715_0162,2016-07-15,TRAIN,USABLE_AVAILABLE,USABLE_AVAILABLE,"Verified complete across all 4 input streams (RZSM lags, ERA5 atm, S2S CF/PF GRIBs, Ground Truth)",NONE
CASE_20160718_0163,2016-07-18,TRAIN,USABLE_AVAILABLE,USABLE_AVAILABLE,"Verified complete across all 4 input streams (RZSM lags, ERA5 atm, S2S CF/PF GRIBs, Ground Truth)",NONE
CASE_20160722_0164,2016-07-22,TRAIN,USABLE_AVAILABLE,USABLE_AVAILABLE,"Verified complete across all 4 input streams (RZSM lags, ERA5 atm, S2S CF/PF GRIBs, Ground Truth)",NONE
CASE_20160725_0165,2016-07-25,TRAIN,USABLE_AVAILABLE,USABLE_AVAILABLE,"Verified complete across all 4 input streams (RZSM lags, ERA5 atm, S2S CF/PF GRIBs, Ground Truth)",NONE
CASE_20160729_0166,2016-07-29,TRAIN,USABLE_AVAILABLE,USABLE_AVAILABLE,"Verified complete across all 4 input streams (RZSM lags, ERA5 atm, S2S CF/PF GRIBs, Ground Truth)",NONE
CASE_20160801_0167,2016-08-01,TRAIN,USABLE_AVAILABLE,USABLE_AVAILABLE,"Verified complete across all 4 input streams (RZSM lags, ERA5 atm, S2S CF/PF GRIBs, Ground Truth)",NONE
CASE_20160805_0168,2016-08-05,TRAIN,USABLE_AVAILABLE,USABLE_AVAILABLE,"Verified complete across all 4 input streams (RZSM lags, ERA5 atm, S2S CF/PF GRIBs, Ground Truth)",NONE
CASE_20160808_0169,2016-08-08,TRAIN,USABLE_AVAILABLE,USABLE_AVAILABLE,"Verified complete across all 4 input streams (RZSM lags, ERA5 atm, S2S CF/PF GRIBs, Ground Truth)",NONE
CASE_20160812_0170,2016-08-12,TRAIN,USABLE_AVAILABLE,USABLE_AVAILABLE,"Verified complete across all 4 input streams (RZSM lags, ERA5 atm, S2S CF/PF GRIBs, Ground Truth)",NONE
CASE_20160815_0171,2016-08-15,TRAIN,USABLE_AVAILABLE,USABLE_AVAILABLE,"Verified complete across all 4 input streams (RZSM lags, ERA5 atm, S2S CF/PF GRIBs, Ground Truth)",NONE
CASE_20160819_0172,2016-08-19,TRAIN,USABLE_AVAILABLE,USABLE_AVAILABLE,"Verified complete across all 4 input streams (RZSM lags, ERA5 atm, S2S CF/PF GRIBs, Ground Truth)",NONE
CASE_20160822_0173,2016-08-22,TRAIN,USABLE_AVAILABLE,USABLE_AVAILABLE,"Verified complete across all 4 input streams (RZSM lags, ERA5 atm, S2S CF/PF GRIBs, Ground Truth)",NONE
CASE_20160826_0174,2016-08-26,TRAIN,USABLE_AVAILABLE,USABLE_AVAILABLE,"Verified complete across all 4 input streams (RZSM lags, ERA5 atm, S2S CF/PF GRIBs, Ground Truth)",NONE
CASE_20160829_0175,2016-08-29,TRAIN,USABLE_AVAILABLE,USABLE_AVAILABLE,"Verified complete across all 4 input streams (RZSM lags, ERA5 atm, S2S CF/PF GRIBs, Ground Truth)",NONE
CASE_20160902_0176,2016-09-02,TRAIN,USABLE_AVAILABLE,USABLE_AVAILABLE,"Verified complete across all 4 input streams (RZSM lags, ERA5 atm, S2S CF/PF GRIBs, Ground Truth)",NONE
CASE_20160905_0177,2016-09-05,TRAIN,USABLE_AVAILABLE,USABLE_AVAILABLE,"Verified complete across all 4 input streams (RZSM lags, ERA5 atm, S2S CF/PF GRIBs, Ground Truth)",NONE
CASE_20160909_0178,2016-09-09,TRAIN,USABLE_AVAILABLE,USABLE_AVAILABLE,"Verified complete across all 4 input streams (RZSM lags, ERA5 atm, S2S CF/PF GRIBs, Ground Truth)",NONE
CASE_20160912_0179,2016-09-12,TRAIN,USABLE_AVAILABLE,USABLE_AVAILABLE,"Verified complete across all 4 input streams (RZSM lags, ERA5 atm, S2S CF/PF GRIBs, Ground Truth)",NONE
CASE_20160916_0180,2016-09-16,TRAIN,USABLE_AVAILABLE,USABLE_AVAILABLE,"Verified complete across all 4 input streams (RZSM lags, ERA5 atm, S2S CF/PF GRIBs, Ground Truth)",NONE
CASE_20160919_0181,2016-09-19,TRAIN,USABLE_AVAILABLE,USABLE_AVAILABLE,"Verified complete across all 4 input streams (RZSM lags, ERA5 atm, S2S CF/PF GRIBs, Ground Truth)",NONE
CASE_20160923_0182,2016-09-23,TRAIN,USABLE_AVAILABLE,USABLE_AVAILABLE,"Verified complete across all 4 input streams (RZSM lags, ERA5 atm, S2S CF/PF GRIBs, Ground Truth)",NONE
CASE_20160926_0183,2016-09-26,TRAIN,USABLE_AVAILABLE,USABLE_AVAILABLE,"Verified complete across all 4 input streams (RZSM lags, ERA5 atm, S2S CF/PF GRIBs, Ground Truth)",NONE
CASE_20160930_0184,2016-09-30,TRAIN,USABLE_AVAILABLE,USABLE_AVAILABLE,"Verified complete across all 4 input streams (RZSM lags, ERA5 atm, S2S CF/PF GRIBs, Ground Truth)",NONE
CASE_20161003_0185,2016-10-03,TRAIN,USABLE_AVAILABLE,USABLE_AVAILABLE,"Verified complete across all 4 input streams (RZSM lags, ERA5 atm, S2S CF/PF GRIBs, Ground Truth)",NONE
CASE_20161007_0186,2016-10-07,TRAIN,USABLE_AVAILABLE,USABLE_AVAILABLE,"Verified complete across all 4 input streams (RZSM lags, ERA5 atm, S2S CF/PF GRIBs, Ground Truth)",NONE
CASE_20161010_0187,2016-10-10,TRAIN,USABLE_AVAILABLE,USABLE_AVAILABLE,"Verified complete across all 4 input streams (RZSM lags, ERA5 atm, S2S CF/PF GRIBs, Ground Truth)",NONE
CASE_20161014_0188,2016-10-14,TRAIN,USABLE_AVAILABLE,USABLE_AVAILABLE,"Verified complete across all 4 input streams (RZSM lags, ERA5 atm, S2S CF/PF GRIBs, Ground Truth)",NONE
CASE_20161017_0189,2016-10-17,TRAIN,USABLE_AVAILABLE,USABLE_AVAILABLE,"Verified complete across all 4 input streams (RZSM lags, ERA5 atm, S2S CF/PF GRIBs, Ground Truth)",NONE
CASE_20161021_0190,2016-10-21,TRAIN,USABLE_AVAILABLE,USABLE_AVAILABLE,"Verified complete across all 4 input streams (RZSM lags, ERA5 atm, S2S CF/PF GRIBs, Ground Truth)",NONE
CASE_20161024_0191,2016-10-24,TRAIN,USABLE_AVAILABLE,USABLE_AVAILABLE,"Verified complete across all 4 input streams (RZSM lags, ERA5 atm, S2S CF/PF GRIBs, Ground Truth)",NONE
CASE_20161028_0192,2016-10-28,TRAIN,USABLE_AVAILABLE,USABLE_AVAILABLE,"Verified complete across all 4 input streams (RZSM lags, ERA5 atm, S2S CF/PF GRIBs, Ground Truth)",NONE
CASE_20161031_0193,2016-10-31,TRAIN,USABLE_AVAILABLE,USABLE_AVAILABLE,"Verified complete across all 4 input streams (RZSM lags, ERA5 atm, S2S CF/PF GRIBs, Ground Truth)",NONE
CASE_20161104_0194,2016-11-04,TRAIN,USABLE_AVAILABLE,USABLE_AVAILABLE,"Verified complete across all 4 input streams (RZSM lags, ERA5 atm, S2S CF/PF GRIBs, Ground Truth)",NONE
CASE_20161107_0195,2016-11-07,TRAIN,USABLE_AVAILABLE,USABLE_AVAILABLE,"Verified complete across all 4 input streams (RZSM lags, ERA5 atm, S2S CF/PF GRIBs, Ground Truth)",NONE
CASE_20161111_0196,2016-11-11,TRAIN,USABLE_AVAILABLE,USABLE_AVAILABLE,"Verified complete across all 4 input streams (RZSM lags, ERA5 atm, S2S CF/PF GRIBs, Ground Truth)",NONE
CASE_20161114_0197,2016-11-14,TRAIN,PROVIDER_UNAVAILABLE_MARS_NO_DATA,PROVIDER_UNAVAILABLE_MARS_NO_DATA,ECMWF CY48R1 late-year reforecast archive operates on bi-weekly alternating schedule in Nov/Dec (MARS returned MarsNoDataError),MarsNoDataError
CASE_20161118_0198,2016-11-18,TRAIN,PROVIDER_UNAVAILABLE_MARS_NO_DATA,PROVIDER_UNAVAILABLE_MARS_NO_DATA,ECMWF CY48R1 late-year reforecast archive operates on bi-weekly alternating schedule in Nov/Dec (MARS returned MarsNoDataError),MarsNoDataError
CASE_20161121_0199,2016-11-21,TRAIN,USABLE_AVAILABLE,USABLE_AVAILABLE,"Verified complete across all 4 input streams (RZSM lags, ERA5 atm, S2S CF/PF GRIBs, Ground Truth)",NONE
CASE_20161125_0200,2016-11-25,TRAIN,USABLE_AVAILABLE,USABLE_AVAILABLE,"Verified complete across all 4 input streams (RZSM lags, ERA5 atm, S2S CF/PF GRIBs, Ground Truth)",NONE
CASE_20161128_0201,2016-11-28,TRAIN,PROVIDER_UNAVAILABLE_MARS_NO_DATA,PROVIDER_UNAVAILABLE_MARS_NO_DATA,ECMWF CY48R1 late-year reforecast archive operates on bi-weekly alternating schedule in Nov/Dec (MARS returned MarsNoDataError),MarsNoDataError
CASE_20161202_0202,2016-12-02,TRAIN,PROVIDER_UNAVAILABLE_MARS_NO_DATA,PROVIDER_UNAVAILABLE_MARS_NO_DATA,ECMWF CY48R1 late-year reforecast archive operates on bi-weekly alternating schedule in Nov/Dec (MARS returned MarsNoDataError),MarsNoDataError
CASE_20161205_0203,2016-12-05,TRAIN,USABLE_AVAILABLE,USABLE_AVAILABLE,"Verified complete across all 4 input streams (RZSM lags, ERA5 atm, S2S CF/PF GRIBs, Ground Truth)",NONE
CASE_20161209_0204,2016-12-09,TRAIN,USABLE_AVAILABLE,USABLE_AVAILABLE,"Verified complete across all 4 input streams (RZSM lags, ERA5 atm, S2S CF/PF GRIBs, Ground Truth)",NONE
CASE_20161212_0205,2016-12-12,TRAIN,PROVIDER_UNAVAILABLE_MARS_NO_DATA,PROVIDER_UNAVAILABLE_MARS_NO_DATA,ECMWF CY48R1 late-year reforecast archive operates on bi-weekly alternating schedule in Nov/Dec (MARS returned MarsNoDataError),MarsNoDataError
CASE_20161216_0206,2016-12-16,TRAIN,PROVIDER_UNAVAILABLE_MARS_NO_DATA,PROVIDER_UNAVAILABLE_MARS_NO_DATA,ECMWF CY48R1 late-year reforecast archive operates on bi-weekly alternating schedule in Nov/Dec (MARS returned MarsNoDataError),MarsNoDataError
CASE_20161219_0207,2016-12-19,TRAIN,USABLE_AVAILABLE,USABLE_AVAILABLE,"Verified complete across all 4 input streams (RZSM lags, ERA5 atm, S2S CF/PF GRIBs, Ground Truth)",NONE
CASE_20161223_0208,2016-12-23,TRAIN,USABLE_AVAILABLE,USABLE_AVAILABLE,"Verified complete across all 4 input streams (RZSM lags, ERA5 atm, S2S CF/PF GRIBs, Ground Truth)",NONE
CASE_20161226_0209,2016-12-26,TRAIN,PROVIDER_UNAVAILABLE_MARS_NO_DATA,PROVIDER_UNAVAILABLE_MARS_NO_DATA,ECMWF CY48R1 late-year reforecast archive operates on bi-weekly alternating schedule in Nov/Dec (MARS returned MarsNoDataError),MarsNoDataError
CASE_20161230_0210,2016-12-30,TRAIN,PROVIDER_UNAVAILABLE_MARS_NO_DATA,PROVIDER_UNAVAILABLE_MARS_NO_DATA,ECMWF CY48R1 late-year reforecast archive operates on bi-weekly alternating schedule in Nov/Dec (MARS returned MarsNoDataError),MarsNoDataError
CASE_20170101_0211,2017-01-01,TRAIN,USABLE_AVAILABLE,USABLE_AVAILABLE,"Verified complete across all 4 input streams (RZSM lags, ERA5 atm, S2S CF/PF GRIBs, Ground Truth)",NONE
CASE_20170104_0212,2017-01-04,TRAIN,USABLE_AVAILABLE,USABLE_AVAILABLE,"Verified complete across all 4 input streams (RZSM lags, ERA5 atm, S2S CF/PF GRIBs, Ground Truth)",NONE
CASE_20170108_0213,2017-01-08,TRAIN,USABLE_AVAILABLE,USABLE_AVAILABLE,"Verified complete across all 4 input streams (RZSM lags, ERA5 atm, S2S CF/PF GRIBs, Ground Truth)",NONE
CASE_20170111_0214,2017-01-11,TRAIN,USABLE_AVAILABLE,USABLE_AVAILABLE,"Verified complete across all 4 input streams (RZSM lags, ERA5 atm, S2S CF/PF GRIBs, Ground Truth)",NONE
CASE_20170115_0215,2017-01-15,TRAIN,USABLE_AVAILABLE,USABLE_AVAILABLE,"Verified complete across all 4 input streams (RZSM lags, ERA5 atm, S2S CF/PF GRIBs, Ground Truth)",NONE
CASE_20170118_0216,2017-01-18,TRAIN,USABLE_AVAILABLE,USABLE_AVAILABLE,"Verified complete across all 4 input streams (RZSM lags, ERA5 atm, S2S CF/PF GRIBs, Ground Truth)",NONE
CASE_20170122_0217,2017-01-22,TRAIN,USABLE_AVAILABLE,USABLE_AVAILABLE,"Verified complete across all 4 input streams (RZSM lags, ERA5 atm, S2S CF/PF GRIBs, Ground Truth)",NONE
CASE_20170125_0218,2017-01-25,TRAIN,USABLE_AVAILABLE,USABLE_AVAILABLE,"Verified complete across all 4 input streams (RZSM lags, ERA5 atm, S2S CF/PF GRIBs, Ground Truth)",NONE
CASE_20170129_0219,2017-01-29,TRAIN,USABLE_AVAILABLE,USABLE_AVAILABLE,"Verified complete across all 4 input streams (RZSM lags, ERA5 atm, S2S CF/PF GRIBs, Ground Truth)",NONE
CASE_20170201_0220,2017-02-01,TRAIN,USABLE_AVAILABLE,USABLE_AVAILABLE,"Verified complete across all 4 input streams (RZSM lags, ERA5 atm, S2S CF/PF GRIBs, Ground Truth)",NONE
CASE_20170205_0221,2017-02-05,TRAIN,USABLE_AVAILABLE,USABLE_AVAILABLE,"Verified complete across all 4 input streams (RZSM lags, ERA5 atm, S2S CF/PF GRIBs, Ground Truth)",NONE
CASE_20170208_0222,2017-02-08,TRAIN,USABLE_AVAILABLE,USABLE_AVAILABLE,"Verified complete across all 4 input streams (RZSM lags, ERA5 atm, S2S CF/PF GRIBs, Ground Truth)",NONE
CASE_20170212_0223,2017-02-12,TRAIN,USABLE_AVAILABLE,USABLE_AVAILABLE,"Verified complete across all 4 input streams (RZSM lags, ERA5 atm, S2S CF/PF GRIBs, Ground Truth)",NONE
CASE_20170215_0224,2017-02-15,TRAIN,USABLE_AVAILABLE,USABLE_AVAILABLE,"Verified complete across all 4 input streams (RZSM lags, ERA5 atm, S2S CF/PF GRIBs, Ground Truth)",NONE
CASE_20170219_0225,2017-02-19,TRAIN,USABLE_AVAILABLE,USABLE_AVAILABLE,"Verified complete across all 4 input streams (RZSM lags, ERA5 atm, S2S CF/PF GRIBs, Ground Truth)",NONE
CASE_20170222_0226,2017-02-22,TRAIN,USABLE_AVAILABLE,USABLE_AVAILABLE,"Verified complete across all 4 input streams (RZSM lags, ERA5 atm, S2S CF/PF GRIBs, Ground Truth)",NONE
CASE_20170226_0227,2017-02-26,TRAIN,USABLE_AVAILABLE,USABLE_AVAILABLE,"Verified complete across all 4 input streams (RZSM lags, ERA5 atm, S2S CF/PF GRIBs, Ground Truth)",NONE
CASE_20170228_0228,2017-02-28,TRAIN,USABLE_AVAILABLE,USABLE_AVAILABLE,"Verified complete across all 4 input streams (RZSM lags, ERA5 atm, S2S CF/PF GRIBs, Ground Truth)",NONE
CASE_20170304_0229,2017-03-04,TRAIN,USABLE_AVAILABLE,USABLE_AVAILABLE,"Verified complete across all 4 input streams (RZSM lags, ERA5 atm, S2S CF/PF GRIBs, Ground Truth)",NONE
CASE_20170307_0230,2017-03-07,TRAIN,USABLE_AVAILABLE,USABLE_AVAILABLE,"Verified complete across all 4 input streams (RZSM lags, ERA5 atm, S2S CF/PF GRIBs, Ground Truth)",NONE
CASE_20170311_0231,2017-03-11,TRAIN,USABLE_AVAILABLE,USABLE_AVAILABLE,"Verified complete across all 4 input streams (RZSM lags, ERA5 atm, S2S CF/PF GRIBs, Ground Truth)",NONE
CASE_20170314_0232,2017-03-14,TRAIN,USABLE_AVAILABLE,USABLE_AVAILABLE,"Verified complete across all 4 input streams (RZSM lags, ERA5 atm, S2S CF/PF GRIBs, Ground Truth)",NONE
CASE_20170318_0233,2017-03-18,TRAIN,USABLE_AVAILABLE,USABLE_AVAILABLE,"Verified complete across all 4 input streams (RZSM lags, ERA5 atm, S2S CF/PF GRIBs, Ground Truth)",NONE
CASE_20170321_0234,2017-03-21,TRAIN,USABLE_AVAILABLE,USABLE_AVAILABLE,"Verified complete across all 4 input streams (RZSM lags, ERA5 atm, S2S CF/PF GRIBs, Ground Truth)",NONE
CASE_20170325_0235,2017-03-25,TRAIN,USABLE_AVAILABLE,USABLE_AVAILABLE,"Verified complete across all 4 input streams (RZSM lags, ERA5 atm, S2S CF/PF GRIBs, Ground Truth)",NONE
CASE_20170328_0236,2017-03-28,TRAIN,USABLE_AVAILABLE,USABLE_AVAILABLE,"Verified complete across all 4 input streams (RZSM lags, ERA5 atm, S2S CF/PF GRIBs, Ground Truth)",NONE
CASE_20170401_0237,2017-04-01,TRAIN,USABLE_AVAILABLE,USABLE_AVAILABLE,"Verified complete across all 4 input streams (RZSM lags, ERA5 atm, S2S CF/PF GRIBs, Ground Truth)",NONE
CASE_20170404_0238,2017-04-04,TRAIN,USABLE_AVAILABLE,USABLE_AVAILABLE,"Verified complete across all 4 input streams (RZSM lags, ERA5 atm, S2S CF/PF GRIBs, Ground Truth)",NONE
CASE_20170408_0239,2017-04-08,TRAIN,USABLE_AVAILABLE,USABLE_AVAILABLE,"Verified complete across all 4 input streams (RZSM lags, ERA5 atm, S2S CF/PF GRIBs, Ground Truth)",NONE
CASE_20170411_0240,2017-04-11,TRAIN,USABLE_AVAILABLE,USABLE_AVAILABLE,"Verified complete across all 4 input streams (RZSM lags, ERA5 atm, S2S CF/PF GRIBs, Ground Truth)",NONE
CASE_20170415_0241,2017-04-15,TRAIN,USABLE_AVAILABLE,USABLE_AVAILABLE,"Verified complete across all 4 input streams (RZSM lags, ERA5 atm, S2S CF/PF GRIBs, Ground Truth)",NONE
CASE_20170418_0242,2017-04-18,TRAIN,USABLE_AVAILABLE,USABLE_AVAILABLE,"Verified complete across all 4 input streams (RZSM lags, ERA5 atm, S2S CF/PF GRIBs, Ground Truth)",NONE
CASE_20170422_0243,2017-04-22,TRAIN,USABLE_AVAILABLE,USABLE_AVAILABLE,"Verified complete across all 4 input streams (RZSM lags, ERA5 atm, S2S CF/PF GRIBs, Ground Truth)",NONE
CASE_20170425_0244,2017-04-25,TRAIN,USABLE_AVAILABLE,USABLE_AVAILABLE,"Verified complete across all 4 input streams (RZSM lags, ERA5 atm, S2S CF/PF GRIBs, Ground Truth)",NONE
CASE_20170429_0245,2017-04-29,TRAIN,USABLE_AVAILABLE,USABLE_AVAILABLE,"Verified complete across all 4 input streams (RZSM lags, ERA5 atm, S2S CF/PF GRIBs, Ground Truth)",NONE
CASE_20170502_0246,2017-05-02,TRAIN,USABLE_AVAILABLE,USABLE_AVAILABLE,"Verified complete across all 4 input streams (RZSM lags, ERA5 atm, S2S CF/PF GRIBs, Ground Truth)",NONE
CASE_20170506_0247,2017-05-06,TRAIN,USABLE_AVAILABLE,USABLE_AVAILABLE,"Verified complete across all 4 input streams (RZSM lags, ERA5 atm, S2S CF/PF GRIBs, Ground Truth)",NONE
CASE_20170509_0248,2017-05-09,TRAIN,USABLE_AVAILABLE,USABLE_AVAILABLE,"Verified complete across all 4 input streams (RZSM lags, ERA5 atm, S2S CF/PF GRIBs, Ground Truth)",NONE
CASE_20170513_0249,2017-05-13,TRAIN,USABLE_AVAILABLE,USABLE_AVAILABLE,"Verified complete across all 4 input streams (RZSM lags, ERA5 atm, S2S CF/PF GRIBs, Ground Truth)",NONE
CASE_20170516_0250,2017-05-16,TRAIN,USABLE_AVAILABLE,USABLE_AVAILABLE,"Verified complete across all 4 input streams (RZSM lags, ERA5 atm, S2S CF/PF GRIBs, Ground Truth)",NONE
CASE_20170520_0251,2017-05-20,TRAIN,USABLE_AVAILABLE,USABLE_AVAILABLE,"Verified complete across all 4 input streams (RZSM lags, ERA5 atm, S2S CF/PF GRIBs, Ground Truth)",NONE
CASE_20170523_0252,2017-05-23,TRAIN,USABLE_AVAILABLE,USABLE_AVAILABLE,"Verified complete across all 4 input streams (RZSM lags, ERA5 atm, S2S CF/PF GRIBs, Ground Truth)",NONE
CASE_20170527_0253,2017-05-27,TRAIN,USABLE_AVAILABLE,USABLE_AVAILABLE,"Verified complete across all 4 input streams (RZSM lags, ERA5 atm, S2S CF/PF GRIBs, Ground Truth)",NONE
CASE_20170530_0254,2017-05-30,TRAIN,USABLE_AVAILABLE,USABLE_AVAILABLE,"Verified complete across all 4 input streams (RZSM lags, ERA5 atm, S2S CF/PF GRIBs, Ground Truth)",NONE
CASE_20170603_0255,2017-06-03,TRAIN,USABLE_AVAILABLE,USABLE_AVAILABLE,"Verified complete across all 4 input streams (RZSM lags, ERA5 atm, S2S CF/PF GRIBs, Ground Truth)",NONE
CASE_20170606_0256,2017-06-06,TRAIN,USABLE_AVAILABLE,USABLE_AVAILABLE,"Verified complete across all 4 input streams (RZSM lags, ERA5 atm, S2S CF/PF GRIBs, Ground Truth)",NONE
CASE_20170610_0257,2017-06-10,TRAIN,USABLE_AVAILABLE,USABLE_AVAILABLE,"Verified complete across all 4 input streams (RZSM lags, ERA5 atm, S2S CF/PF GRIBs, Ground Truth)",NONE
CASE_20170613_0258,2017-06-13,TRAIN,USABLE_AVAILABLE,USABLE_AVAILABLE,"Verified complete across all 4 input streams (RZSM lags, ERA5 atm, S2S CF/PF GRIBs, Ground Truth)",NONE
CASE_20170617_0259,2017-06-17,TRAIN,USABLE_AVAILABLE,USABLE_AVAILABLE,"Verified complete across all 4 input streams (RZSM lags, ERA5 atm, S2S CF/PF GRIBs, Ground Truth)",NONE
CASE_20170620_0260,2017-06-20,TRAIN,USABLE_AVAILABLE,USABLE_AVAILABLE,"Verified complete across all 4 input streams (RZSM lags, ERA5 atm, S2S CF/PF GRIBs, Ground Truth)",NONE
CASE_20170624_0261,2017-06-24,TRAIN,USABLE_AVAILABLE,USABLE_AVAILABLE,"Verified complete across all 4 input streams (RZSM lags, ERA5 atm, S2S CF/PF GRIBs, Ground Truth)",NONE
CASE_20170627_0262,2017-06-27,TRAIN,USABLE_AVAILABLE,USABLE_AVAILABLE,"Verified complete across all 4 input streams (RZSM lags, ERA5 atm, S2S CF/PF GRIBs, Ground Truth)",NONE
CASE_20170701_0263,2017-07-01,TRAIN,USABLE_AVAILABLE,USABLE_AVAILABLE,"Verified complete across all 4 input streams (RZSM lags, ERA5 atm, S2S CF/PF GRIBs, Ground Truth)",NONE
CASE_20170704_0264,2017-07-04,TRAIN,USABLE_AVAILABLE,USABLE_AVAILABLE,"Verified complete across all 4 input streams (RZSM lags, ERA5 atm, S2S CF/PF GRIBs, Ground Truth)",NONE
CASE_20170708_0265,2017-07-08,TRAIN,USABLE_AVAILABLE,USABLE_AVAILABLE,"Verified complete across all 4 input streams (RZSM lags, ERA5 atm, S2S CF/PF GRIBs, Ground Truth)",NONE
CASE_20170711_0266,2017-07-11,TRAIN,USABLE_AVAILABLE,USABLE_AVAILABLE,"Verified complete across all 4 input streams (RZSM lags, ERA5 atm, S2S CF/PF GRIBs, Ground Truth)",NONE
CASE_20170715_0267,2017-07-15,TRAIN,USABLE_AVAILABLE,USABLE_AVAILABLE,"Verified complete across all 4 input streams (RZSM lags, ERA5 atm, S2S CF/PF GRIBs, Ground Truth)",NONE
CASE_20170718_0268,2017-07-18,TRAIN,USABLE_AVAILABLE,USABLE_AVAILABLE,"Verified complete across all 4 input streams (RZSM lags, ERA5 atm, S2S CF/PF GRIBs, Ground Truth)",NONE
CASE_20170722_0269,2017-07-22,TRAIN,USABLE_AVAILABLE,USABLE_AVAILABLE,"Verified complete across all 4 input streams (RZSM lags, ERA5 atm, S2S CF/PF GRIBs, Ground Truth)",NONE
CASE_20170725_0270,2017-07-25,TRAIN,USABLE_AVAILABLE,USABLE_AVAILABLE,"Verified complete across all 4 input streams (RZSM lags, ERA5 atm, S2S CF/PF GRIBs, Ground Truth)",NONE
CASE_20170729_0271,2017-07-29,TRAIN,USABLE_AVAILABLE,USABLE_AVAILABLE,"Verified complete across all 4 input streams (RZSM lags, ERA5 atm, S2S CF/PF GRIBs, Ground Truth)",NONE
CASE_20170801_0272,2017-08-01,TRAIN,USABLE_AVAILABLE,USABLE_AVAILABLE,"Verified complete across all 4 input streams (RZSM lags, ERA5 atm, S2S CF/PF GRIBs, Ground Truth)",NONE
CASE_20170805_0273,2017-08-05,TRAIN,USABLE_AVAILABLE,USABLE_AVAILABLE,"Verified complete across all 4 input streams (RZSM lags, ERA5 atm, S2S CF/PF GRIBs, Ground Truth)",NONE
CASE_20170808_0274,2017-08-08,TRAIN,USABLE_AVAILABLE,USABLE_AVAILABLE,"Verified complete across all 4 input streams (RZSM lags, ERA5 atm, S2S CF/PF GRIBs, Ground Truth)",NONE
CASE_20170812_0275,2017-08-12,TRAIN,USABLE_AVAILABLE,USABLE_AVAILABLE,"Verified complete across all 4 input streams (RZSM lags, ERA5 atm, S2S CF/PF GRIBs, Ground Truth)",NONE
CASE_20170815_0276,2017-08-15,TRAIN,USABLE_AVAILABLE,USABLE_AVAILABLE,"Verified complete across all 4 input streams (RZSM lags, ERA5 atm, S2S CF/PF GRIBs, Ground Truth)",NONE
CASE_20170819_0277,2017-08-19,TRAIN,USABLE_AVAILABLE,USABLE_AVAILABLE,"Verified complete across all 4 input streams (RZSM lags, ERA5 atm, S2S CF/PF GRIBs, Ground Truth)",NONE
CASE_20170822_0278,2017-08-22,TRAIN,USABLE_AVAILABLE,USABLE_AVAILABLE,"Verified complete across all 4 input streams (RZSM lags, ERA5 atm, S2S CF/PF GRIBs, Ground Truth)",NONE
CASE_20170826_0279,2017-08-26,TRAIN,USABLE_AVAILABLE,USABLE_AVAILABLE,"Verified complete across all 4 input streams (RZSM lags, ERA5 atm, S2S CF/PF GRIBs, Ground Truth)",NONE
CASE_20170829_0280,2017-08-29,TRAIN,USABLE_AVAILABLE,USABLE_AVAILABLE,"Verified complete across all 4 input streams (RZSM lags, ERA5 atm, S2S CF/PF GRIBs, Ground Truth)",NONE
CASE_20170902_0281,2017-09-02,TRAIN,USABLE_AVAILABLE,USABLE_AVAILABLE,"Verified complete across all 4 input streams (RZSM lags, ERA5 atm, S2S CF/PF GRIBs, Ground Truth)",NONE
CASE_20170905_0282,2017-09-05,TRAIN,USABLE_AVAILABLE,USABLE_AVAILABLE,"Verified complete across all 4 input streams (RZSM lags, ERA5 atm, S2S CF/PF GRIBs, Ground Truth)",NONE
CASE_20170909_0283,2017-09-09,TRAIN,USABLE_AVAILABLE,USABLE_AVAILABLE,"Verified complete across all 4 input streams (RZSM lags, ERA5 atm, S2S CF/PF GRIBs, Ground Truth)",NONE
CASE_20170912_0284,2017-09-12,TRAIN,USABLE_AVAILABLE,USABLE_AVAILABLE,"Verified complete across all 4 input streams (RZSM lags, ERA5 atm, S2S CF/PF GRIBs, Ground Truth)",NONE
CASE_20170916_0285,2017-09-16,TRAIN,USABLE_AVAILABLE,USABLE_AVAILABLE,"Verified complete across all 4 input streams (RZSM lags, ERA5 atm, S2S CF/PF GRIBs, Ground Truth)",NONE
CASE_20170919_0286,2017-09-19,TRAIN,USABLE_AVAILABLE,USABLE_AVAILABLE,"Verified complete across all 4 input streams (RZSM lags, ERA5 atm, S2S CF/PF GRIBs, Ground Truth)",NONE
CASE_20170923_0287,2017-09-23,TRAIN,USABLE_AVAILABLE,USABLE_AVAILABLE,"Verified complete across all 4 input streams (RZSM lags, ERA5 atm, S2S CF/PF GRIBs, Ground Truth)",NONE
CASE_20170926_0288,2017-09-26,TRAIN,USABLE_AVAILABLE,USABLE_AVAILABLE,"Verified complete across all 4 input streams (RZSM lags, ERA5 atm, S2S CF/PF GRIBs, Ground Truth)",NONE
CASE_20170930_0289,2017-09-30,TRAIN,USABLE_AVAILABLE,USABLE_AVAILABLE,"Verified complete across all 4 input streams (RZSM lags, ERA5 atm, S2S CF/PF GRIBs, Ground Truth)",NONE
CASE_20171003_0290,2017-10-03,TRAIN,USABLE_AVAILABLE,USABLE_AVAILABLE,"Verified complete across all 4 input streams (RZSM lags, ERA5 atm, S2S CF/PF GRIBs, Ground Truth)",NONE
CASE_20171007_0291,2017-10-07,TRAIN,USABLE_AVAILABLE,USABLE_AVAILABLE,"Verified complete across all 4 input streams (RZSM lags, ERA5 atm, S2S CF/PF GRIBs, Ground Truth)",NONE
CASE_20171010_0292,2017-10-10,TRAIN,USABLE_AVAILABLE,USABLE_AVAILABLE,"Verified complete across all 4 input streams (RZSM lags, ERA5 atm, S2S CF/PF GRIBs, Ground Truth)",NONE
CASE_20171014_0293,2017-10-14,TRAIN,USABLE_AVAILABLE,USABLE_AVAILABLE,"Verified complete across all 4 input streams (RZSM lags, ERA5 atm, S2S CF/PF GRIBs, Ground Truth)",NONE
CASE_20171017_0294,2017-10-17,TRAIN,USABLE_AVAILABLE,USABLE_AVAILABLE,"Verified complete across all 4 input streams (RZSM lags, ERA5 atm, S2S CF/PF GRIBs, Ground Truth)",NONE
CASE_20171021_0295,2017-10-21,TRAIN,USABLE_AVAILABLE,USABLE_AVAILABLE,"Verified complete across all 4 input streams (RZSM lags, ERA5 atm, S2S CF/PF GRIBs, Ground Truth)",NONE
CASE_20171024_0296,2017-10-24,TRAIN,USABLE_AVAILABLE,USABLE_AVAILABLE,"Verified complete across all 4 input streams (RZSM lags, ERA5 atm, S2S CF/PF GRIBs, Ground Truth)",NONE
CASE_20171028_0297,2017-10-28,TRAIN,USABLE_AVAILABLE,USABLE_AVAILABLE,"Verified complete across all 4 input streams (RZSM lags, ERA5 atm, S2S CF/PF GRIBs, Ground Truth)",NONE
CASE_20171031_0298,2017-10-31,TRAIN,USABLE_AVAILABLE,USABLE_AVAILABLE,"Verified complete across all 4 input streams (RZSM lags, ERA5 atm, S2S CF/PF GRIBs, Ground Truth)",NONE
CASE_20171104_0299,2017-11-04,TRAIN,USABLE_AVAILABLE,USABLE_AVAILABLE,"Verified complete across all 4 input streams (RZSM lags, ERA5 atm, S2S CF/PF GRIBs, Ground Truth)",NONE
CASE_20171107_0300,2017-11-07,TRAIN,USABLE_AVAILABLE,USABLE_AVAILABLE,"Verified complete across all 4 input streams (RZSM lags, ERA5 atm, S2S CF/PF GRIBs, Ground Truth)",NONE
CASE_20171111_0301,2017-11-11,TRAIN,USABLE_AVAILABLE,USABLE_AVAILABLE,"Verified complete across all 4 input streams (RZSM lags, ERA5 atm, S2S CF/PF GRIBs, Ground Truth)",NONE
CASE_20171114_0302,2017-11-14,TRAIN,PROVIDER_UNAVAILABLE_MARS_NO_DATA,PROVIDER_UNAVAILABLE_MARS_NO_DATA,ECMWF CY48R1 late-year reforecast archive operates on bi-weekly alternating schedule in Nov/Dec (MARS returned MarsNoDataError),MarsNoDataError
CASE_20171118_0303,2017-11-18,TRAIN,PROVIDER_UNAVAILABLE_MARS_NO_DATA,PROVIDER_UNAVAILABLE_MARS_NO_DATA,ECMWF CY48R1 late-year reforecast archive operates on bi-weekly alternating schedule in Nov/Dec (MARS returned MarsNoDataError),MarsNoDataError
CASE_20171121_0304,2017-11-21,TRAIN,USABLE_AVAILABLE,USABLE_AVAILABLE,"Verified complete across all 4 input streams (RZSM lags, ERA5 atm, S2S CF/PF GRIBs, Ground Truth)",NONE
CASE_20171125_0305,2017-11-25,TRAIN,USABLE_AVAILABLE,USABLE_AVAILABLE,"Verified complete across all 4 input streams (RZSM lags, ERA5 atm, S2S CF/PF GRIBs, Ground Truth)",NONE
CASE_20171128_0306,2017-11-28,TRAIN,PROVIDER_UNAVAILABLE_MARS_NO_DATA,PROVIDER_UNAVAILABLE_MARS_NO_DATA,ECMWF CY48R1 late-year reforecast archive operates on bi-weekly alternating schedule in Nov/Dec (MARS returned MarsNoDataError),MarsNoDataError
CASE_20171202_0307,2017-12-02,TRAIN,PROVIDER_UNAVAILABLE_MARS_NO_DATA,PROVIDER_UNAVAILABLE_MARS_NO_DATA,ECMWF CY48R1 late-year reforecast archive operates on bi-weekly alternating schedule in Nov/Dec (MARS returned MarsNoDataError),MarsNoDataError
CASE_20171205_0308,2017-12-05,TRAIN,USABLE_AVAILABLE,USABLE_AVAILABLE,"Verified complete across all 4 input streams (RZSM lags, ERA5 atm, S2S CF/PF GRIBs, Ground Truth)",NONE
CASE_20171209_0309,2017-12-09,TRAIN,USABLE_AVAILABLE,USABLE_AVAILABLE,"Verified complete across all 4 input streams (RZSM lags, ERA5 atm, S2S CF/PF GRIBs, Ground Truth)",NONE
CASE_20171212_0310,2017-12-12,TRAIN,PROVIDER_UNAVAILABLE_MARS_NO_DATA,PROVIDER_UNAVAILABLE_MARS_NO_DATA,ECMWF CY48R1 late-year reforecast archive operates on bi-weekly alternating schedule in Nov/Dec (MARS returned MarsNoDataError),MarsNoDataError
CASE_20171216_0311,2017-12-16,TRAIN,PROVIDER_UNAVAILABLE_MARS_NO_DATA,PROVIDER_UNAVAILABLE_MARS_NO_DATA,ECMWF CY48R1 late-year reforecast archive operates on bi-weekly alternating schedule in Nov/Dec (MARS returned MarsNoDataError),MarsNoDataError
CASE_20171219_0312,2017-12-19,TRAIN,USABLE_AVAILABLE,USABLE_AVAILABLE,"Verified complete across all 4 input streams (RZSM lags, ERA5 atm, S2S CF/PF GRIBs, Ground Truth)",NONE
CASE_20171223_0313,2017-12-23,TRAIN,USABLE_AVAILABLE,USABLE_AVAILABLE,"Verified complete across all 4 input streams (RZSM lags, ERA5 atm, S2S CF/PF GRIBs, Ground Truth)",NONE
CASE_20171226_0314,2017-12-26,TRAIN,PROVIDER_UNAVAILABLE_MARS_NO_DATA,PROVIDER_UNAVAILABLE_MARS_NO_DATA,ECMWF CY48R1 late-year reforecast archive operates on bi-weekly alternating schedule in Nov/Dec (MARS returned MarsNoDataError),MarsNoDataError
CASE_20171230_0315,2017-12-30,TRAIN,PROVIDER_UNAVAILABLE_MARS_NO_DATA,PROVIDER_UNAVAILABLE_MARS_NO_DATA,ECMWF CY48R1 late-year reforecast archive operates on bi-weekly alternating schedule in Nov/Dec (MARS returned MarsNoDataError),MarsNoDataError
CASE_20180101_0316,2018-01-01,TRAIN,USABLE_AVAILABLE,USABLE_AVAILABLE,"Verified complete across all 4 input streams (RZSM lags, ERA5 atm, S2S CF/PF GRIBs, Ground Truth)",NONE
CASE_20180104_0317,2018-01-04,TRAIN,USABLE_AVAILABLE,USABLE_AVAILABLE,"Verified complete across all 4 input streams (RZSM lags, ERA5 atm, S2S CF/PF GRIBs, Ground Truth)",NONE
CASE_20180108_0318,2018-01-08,TRAIN,USABLE_AVAILABLE,USABLE_AVAILABLE,"Verified complete across all 4 input streams (RZSM lags, ERA5 atm, S2S CF/PF GRIBs, Ground Truth)",NONE
CASE_20180111_0319,2018-01-11,TRAIN,USABLE_AVAILABLE,USABLE_AVAILABLE,"Verified complete across all 4 input streams (RZSM lags, ERA5 atm, S2S CF/PF GRIBs, Ground Truth)",NONE
CASE_20180115_0320,2018-01-15,TRAIN,USABLE_AVAILABLE,USABLE_AVAILABLE,"Verified complete across all 4 input streams (RZSM lags, ERA5 atm, S2S CF/PF GRIBs, Ground Truth)",NONE
CASE_20180118_0321,2018-01-18,TRAIN,USABLE_AVAILABLE,USABLE_AVAILABLE,"Verified complete across all 4 input streams (RZSM lags, ERA5 atm, S2S CF/PF GRIBs, Ground Truth)",NONE
CASE_20180122_0322,2018-01-22,TRAIN,USABLE_AVAILABLE,USABLE_AVAILABLE,"Verified complete across all 4 input streams (RZSM lags, ERA5 atm, S2S CF/PF GRIBs, Ground Truth)",NONE
CASE_20180125_0323,2018-01-25,TRAIN,USABLE_AVAILABLE,USABLE_AVAILABLE,"Verified complete across all 4 input streams (RZSM lags, ERA5 atm, S2S CF/PF GRIBs, Ground Truth)",NONE
CASE_20180129_0324,2018-01-29,TRAIN,USABLE_AVAILABLE,USABLE_AVAILABLE,"Verified complete across all 4 input streams (RZSM lags, ERA5 atm, S2S CF/PF GRIBs, Ground Truth)",NONE
CASE_20180201_0325,2018-02-01,TRAIN,USABLE_AVAILABLE,USABLE_AVAILABLE,"Verified complete across all 4 input streams (RZSM lags, ERA5 atm, S2S CF/PF GRIBs, Ground Truth)",NONE
CASE_20180205_0326,2018-02-05,TRAIN,USABLE_AVAILABLE,USABLE_AVAILABLE,"Verified complete across all 4 input streams (RZSM lags, ERA5 atm, S2S CF/PF GRIBs, Ground Truth)",NONE
CASE_20180208_0327,2018-02-08,TRAIN,USABLE_AVAILABLE,USABLE_AVAILABLE,"Verified complete across all 4 input streams (RZSM lags, ERA5 atm, S2S CF/PF GRIBs, Ground Truth)",NONE
CASE_20180212_0328,2018-02-12,TRAIN,USABLE_AVAILABLE,USABLE_AVAILABLE,"Verified complete across all 4 input streams (RZSM lags, ERA5 atm, S2S CF/PF GRIBs, Ground Truth)",NONE
CASE_20180215_0329,2018-02-15,TRAIN,USABLE_AVAILABLE,USABLE_AVAILABLE,"Verified complete across all 4 input streams (RZSM lags, ERA5 atm, S2S CF/PF GRIBs, Ground Truth)",NONE
CASE_20180219_0330,2018-02-19,TRAIN,USABLE_AVAILABLE,USABLE_AVAILABLE,"Verified complete across all 4 input streams (RZSM lags, ERA5 atm, S2S CF/PF GRIBs, Ground Truth)",NONE
CASE_20180222_0331,2018-02-22,TRAIN,USABLE_AVAILABLE,USABLE_AVAILABLE,"Verified complete across all 4 input streams (RZSM lags, ERA5 atm, S2S CF/PF GRIBs, Ground Truth)",NONE
CASE_20180226_0332,2018-02-26,TRAIN,USABLE_AVAILABLE,USABLE_AVAILABLE,"Verified complete across all 4 input streams (RZSM lags, ERA5 atm, S2S CF/PF GRIBs, Ground Truth)",NONE
CASE_20180228_0333,2018-02-28,TRAIN,USABLE_AVAILABLE,USABLE_AVAILABLE,"Verified complete across all 4 input streams (RZSM lags, ERA5 atm, S2S CF/PF GRIBs, Ground Truth)",NONE
CASE_20180304_0334,2018-03-04,TRAIN,USABLE_AVAILABLE,USABLE_AVAILABLE,"Verified complete across all 4 input streams (RZSM lags, ERA5 atm, S2S CF/PF GRIBs, Ground Truth)",NONE
CASE_20180307_0335,2018-03-07,TRAIN,USABLE_AVAILABLE,USABLE_AVAILABLE,"Verified complete across all 4 input streams (RZSM lags, ERA5 atm, S2S CF/PF GRIBs, Ground Truth)",NONE
CASE_20180311_0336,2018-03-11,TRAIN,USABLE_AVAILABLE,USABLE_AVAILABLE,"Verified complete across all 4 input streams (RZSM lags, ERA5 atm, S2S CF/PF GRIBs, Ground Truth)",NONE
CASE_20180314_0337,2018-03-14,TRAIN,USABLE_AVAILABLE,USABLE_AVAILABLE,"Verified complete across all 4 input streams (RZSM lags, ERA5 atm, S2S CF/PF GRIBs, Ground Truth)",NONE
CASE_20180318_0338,2018-03-18,TRAIN,USABLE_AVAILABLE,USABLE_AVAILABLE,"Verified complete across all 4 input streams (RZSM lags, ERA5 atm, S2S CF/PF GRIBs, Ground Truth)",NONE
CASE_20180321_0339,2018-03-21,TRAIN,USABLE_AVAILABLE,USABLE_AVAILABLE,"Verified complete across all 4 input streams (RZSM lags, ERA5 atm, S2S CF/PF GRIBs, Ground Truth)",NONE
CASE_20180325_0340,2018-03-25,TRAIN,USABLE_AVAILABLE,USABLE_AVAILABLE,"Verified complete across all 4 input streams (RZSM lags, ERA5 atm, S2S CF/PF GRIBs, Ground Truth)",NONE
CASE_20180328_0341,2018-03-28,TRAIN,USABLE_AVAILABLE,USABLE_AVAILABLE,"Verified complete across all 4 input streams (RZSM lags, ERA5 atm, S2S CF/PF GRIBs, Ground Truth)",NONE
CASE_20180401_0342,2018-04-01,TRAIN,USABLE_AVAILABLE,USABLE_AVAILABLE,"Verified complete across all 4 input streams (RZSM lags, ERA5 atm, S2S CF/PF GRIBs, Ground Truth)",NONE
CASE_20180404_0343,2018-04-04,TRAIN,USABLE_AVAILABLE,USABLE_AVAILABLE,"Verified complete across all 4 input streams (RZSM lags, ERA5 atm, S2S CF/PF GRIBs, Ground Truth)",NONE
CASE_20180408_0344,2018-04-08,TRAIN,USABLE_AVAILABLE,USABLE_AVAILABLE,"Verified complete across all 4 input streams (RZSM lags, ERA5 atm, S2S CF/PF GRIBs, Ground Truth)",NONE
CASE_20180411_0345,2018-04-11,TRAIN,USABLE_AVAILABLE,USABLE_AVAILABLE,"Verified complete across all 4 input streams (RZSM lags, ERA5 atm, S2S CF/PF GRIBs, Ground Truth)",NONE
CASE_20180415_0346,2018-04-15,TRAIN,USABLE_AVAILABLE,USABLE_AVAILABLE,"Verified complete across all 4 input streams (RZSM lags, ERA5 atm, S2S CF/PF GRIBs, Ground Truth)",NONE
CASE_20180418_0347,2018-04-18,TRAIN,USABLE_AVAILABLE,USABLE_AVAILABLE,"Verified complete across all 4 input streams (RZSM lags, ERA5 atm, S2S CF/PF GRIBs, Ground Truth)",NONE
CASE_20180422_0348,2018-04-22,TRAIN,USABLE_AVAILABLE,USABLE_AVAILABLE,"Verified complete across all 4 input streams (RZSM lags, ERA5 atm, S2S CF/PF GRIBs, Ground Truth)",NONE
CASE_20180425_0349,2018-04-25,TRAIN,USABLE_AVAILABLE,USABLE_AVAILABLE,"Verified complete across all 4 input streams (RZSM lags, ERA5 atm, S2S CF/PF GRIBs, Ground Truth)",NONE
CASE_20180429_0350,2018-04-29,TRAIN,USABLE_AVAILABLE,USABLE_AVAILABLE,"Verified complete across all 4 input streams (RZSM lags, ERA5 atm, S2S CF/PF GRIBs, Ground Truth)",NONE
CASE_20180502_0351,2018-05-02,TRAIN,USABLE_AVAILABLE,USABLE_AVAILABLE,"Verified complete across all 4 input streams (RZSM lags, ERA5 atm, S2S CF/PF GRIBs, Ground Truth)",NONE
CASE_20180506_0352,2018-05-06,TRAIN,USABLE_AVAILABLE,USABLE_AVAILABLE,"Verified complete across all 4 input streams (RZSM lags, ERA5 atm, S2S CF/PF GRIBs, Ground Truth)",NONE
CASE_20180509_0353,2018-05-09,TRAIN,USABLE_AVAILABLE,USABLE_AVAILABLE,"Verified complete across all 4 input streams (RZSM lags, ERA5 atm, S2S CF/PF GRIBs, Ground Truth)",NONE
CASE_20180513_0354,2018-05-13,TRAIN,USABLE_AVAILABLE,USABLE_AVAILABLE,"Verified complete across all 4 input streams (RZSM lags, ERA5 atm, S2S CF/PF GRIBs, Ground Truth)",NONE
CASE_20180516_0355,2018-05-16,TRAIN,USABLE_AVAILABLE,USABLE_AVAILABLE,"Verified complete across all 4 input streams (RZSM lags, ERA5 atm, S2S CF/PF GRIBs, Ground Truth)",NONE
CASE_20180520_0356,2018-05-20,TRAIN,USABLE_AVAILABLE,USABLE_AVAILABLE,"Verified complete across all 4 input streams (RZSM lags, ERA5 atm, S2S CF/PF GRIBs, Ground Truth)",NONE
CASE_20180523_0357,2018-05-23,TRAIN,USABLE_AVAILABLE,USABLE_AVAILABLE,"Verified complete across all 4 input streams (RZSM lags, ERA5 atm, S2S CF/PF GRIBs, Ground Truth)",NONE
CASE_20180527_0358,2018-05-27,TRAIN,USABLE_AVAILABLE,USABLE_AVAILABLE,"Verified complete across all 4 input streams (RZSM lags, ERA5 atm, S2S CF/PF GRIBs, Ground Truth)",NONE
CASE_20180530_0359,2018-05-30,TRAIN,USABLE_AVAILABLE,USABLE_AVAILABLE,"Verified complete across all 4 input streams (RZSM lags, ERA5 atm, S2S CF/PF GRIBs, Ground Truth)",NONE
CASE_20180603_0360,2018-06-03,TRAIN,USABLE_AVAILABLE,USABLE_AVAILABLE,"Verified complete across all 4 input streams (RZSM lags, ERA5 atm, S2S CF/PF GRIBs, Ground Truth)",NONE
CASE_20180606_0361,2018-06-06,TRAIN,USABLE_AVAILABLE,USABLE_AVAILABLE,"Verified complete across all 4 input streams (RZSM lags, ERA5 atm, S2S CF/PF GRIBs, Ground Truth)",NONE
CASE_20180610_0362,2018-06-10,TRAIN,USABLE_AVAILABLE,USABLE_AVAILABLE,"Verified complete across all 4 input streams (RZSM lags, ERA5 atm, S2S CF/PF GRIBs, Ground Truth)",NONE
CASE_20180613_0363,2018-06-13,TRAIN,USABLE_AVAILABLE,USABLE_AVAILABLE,"Verified complete across all 4 input streams (RZSM lags, ERA5 atm, S2S CF/PF GRIBs, Ground Truth)",NONE
CASE_20180617_0364,2018-06-17,TRAIN,USABLE_AVAILABLE,USABLE_AVAILABLE,"Verified complete across all 4 input streams (RZSM lags, ERA5 atm, S2S CF/PF GRIBs, Ground Truth)",NONE
CASE_20180620_0365,2018-06-20,TRAIN,USABLE_AVAILABLE,USABLE_AVAILABLE,"Verified complete across all 4 input streams (RZSM lags, ERA5 atm, S2S CF/PF GRIBs, Ground Truth)",NONE
CASE_20180624_0366,2018-06-24,TRAIN,USABLE_AVAILABLE,USABLE_AVAILABLE,"Verified complete across all 4 input streams (RZSM lags, ERA5 atm, S2S CF/PF GRIBs, Ground Truth)",NONE
CASE_20180627_0367,2018-06-27,TRAIN,USABLE_AVAILABLE,USABLE_AVAILABLE,"Verified complete across all 4 input streams (RZSM lags, ERA5 atm, S2S CF/PF GRIBs, Ground Truth)",NONE
CASE_20180701_0368,2018-07-01,TRAIN,USABLE_AVAILABLE,USABLE_AVAILABLE,"Verified complete across all 4 input streams (RZSM lags, ERA5 atm, S2S CF/PF GRIBs, Ground Truth)",NONE
CASE_20180704_0369,2018-07-04,TRAIN,USABLE_AVAILABLE,USABLE_AVAILABLE,"Verified complete across all 4 input streams (RZSM lags, ERA5 atm, S2S CF/PF GRIBs, Ground Truth)",NONE
CASE_20180708_0370,2018-07-08,TRAIN,USABLE_AVAILABLE,USABLE_AVAILABLE,"Verified complete across all 4 input streams (RZSM lags, ERA5 atm, S2S CF/PF GRIBs, Ground Truth)",NONE
CASE_20180711_0371,2018-07-11,TRAIN,USABLE_AVAILABLE,USABLE_AVAILABLE,"Verified complete across all 4 input streams (RZSM lags, ERA5 atm, S2S CF/PF GRIBs, Ground Truth)",NONE
CASE_20180715_0372,2018-07-15,TRAIN,USABLE_AVAILABLE,USABLE_AVAILABLE,"Verified complete across all 4 input streams (RZSM lags, ERA5 atm, S2S CF/PF GRIBs, Ground Truth)",NONE
CASE_20180718_0373,2018-07-18,TRAIN,USABLE_AVAILABLE,USABLE_AVAILABLE,"Verified complete across all 4 input streams (RZSM lags, ERA5 atm, S2S CF/PF GRIBs, Ground Truth)",NONE
CASE_20180722_0374,2018-07-22,TRAIN,USABLE_AVAILABLE,USABLE_AVAILABLE,"Verified complete across all 4 input streams (RZSM lags, ERA5 atm, S2S CF/PF GRIBs, Ground Truth)",NONE
CASE_20180725_0375,2018-07-25,TRAIN,USABLE_AVAILABLE,USABLE_AVAILABLE,"Verified complete across all 4 input streams (RZSM lags, ERA5 atm, S2S CF/PF GRIBs, Ground Truth)",NONE
CASE_20180729_0376,2018-07-29,TRAIN,USABLE_AVAILABLE,USABLE_AVAILABLE,"Verified complete across all 4 input streams (RZSM lags, ERA5 atm, S2S CF/PF GRIBs, Ground Truth)",NONE
CASE_20180801_0377,2018-08-01,TRAIN,USABLE_AVAILABLE,USABLE_AVAILABLE,"Verified complete across all 4 input streams (RZSM lags, ERA5 atm, S2S CF/PF GRIBs, Ground Truth)",NONE
CASE_20180805_0378,2018-08-05,TRAIN,USABLE_AVAILABLE,USABLE_AVAILABLE,"Verified complete across all 4 input streams (RZSM lags, ERA5 atm, S2S CF/PF GRIBs, Ground Truth)",NONE
CASE_20180808_0379,2018-08-08,TRAIN,USABLE_AVAILABLE,USABLE_AVAILABLE,"Verified complete across all 4 input streams (RZSM lags, ERA5 atm, S2S CF/PF GRIBs, Ground Truth)",NONE
CASE_20180812_0380,2018-08-12,TRAIN,USABLE_AVAILABLE,USABLE_AVAILABLE,"Verified complete across all 4 input streams (RZSM lags, ERA5 atm, S2S CF/PF GRIBs, Ground Truth)",NONE
CASE_20180815_0381,2018-08-15,TRAIN,USABLE_AVAILABLE,USABLE_AVAILABLE,"Verified complete across all 4 input streams (RZSM lags, ERA5 atm, S2S CF/PF GRIBs, Ground Truth)",NONE
CASE_20180819_0382,2018-08-19,TRAIN,USABLE_AVAILABLE,USABLE_AVAILABLE,"Verified complete across all 4 input streams (RZSM lags, ERA5 atm, S2S CF/PF GRIBs, Ground Truth)",NONE
CASE_20180822_0383,2018-08-22,TRAIN,USABLE_AVAILABLE,USABLE_AVAILABLE,"Verified complete across all 4 input streams (RZSM lags, ERA5 atm, S2S CF/PF GRIBs, Ground Truth)",NONE
CASE_20180826_0384,2018-08-26,TRAIN,USABLE_AVAILABLE,USABLE_AVAILABLE,"Verified complete across all 4 input streams (RZSM lags, ERA5 atm, S2S CF/PF GRIBs, Ground Truth)",NONE
CASE_20180829_0385,2018-08-29,TRAIN,USABLE_AVAILABLE,USABLE_AVAILABLE,"Verified complete across all 4 input streams (RZSM lags, ERA5 atm, S2S CF/PF GRIBs, Ground Truth)",NONE
CASE_20180902_0386,2018-09-02,TRAIN,USABLE_AVAILABLE,USABLE_AVAILABLE,"Verified complete across all 4 input streams (RZSM lags, ERA5 atm, S2S CF/PF GRIBs, Ground Truth)",NONE
CASE_20180905_0387,2018-09-05,TRAIN,USABLE_AVAILABLE,USABLE_AVAILABLE,"Verified complete across all 4 input streams (RZSM lags, ERA5 atm, S2S CF/PF GRIBs, Ground Truth)",NONE
CASE_20180909_0388,2018-09-09,TRAIN,USABLE_AVAILABLE,USABLE_AVAILABLE,"Verified complete across all 4 input streams (RZSM lags, ERA5 atm, S2S CF/PF GRIBs, Ground Truth)",NONE
CASE_20180912_0389,2018-09-12,TRAIN,USABLE_AVAILABLE,USABLE_AVAILABLE,"Verified complete across all 4 input streams (RZSM lags, ERA5 atm, S2S CF/PF GRIBs, Ground Truth)",NONE
CASE_20180916_0390,2018-09-16,TRAIN,USABLE_AVAILABLE,USABLE_AVAILABLE,"Verified complete across all 4 input streams (RZSM lags, ERA5 atm, S2S CF/PF GRIBs, Ground Truth)",NONE
CASE_20180919_0391,2018-09-19,TRAIN,USABLE_AVAILABLE,USABLE_AVAILABLE,"Verified complete across all 4 input streams (RZSM lags, ERA5 atm, S2S CF/PF GRIBs, Ground Truth)",NONE
CASE_20180923_0392,2018-09-23,TRAIN,USABLE_AVAILABLE,USABLE_AVAILABLE,"Verified complete across all 4 input streams (RZSM lags, ERA5 atm, S2S CF/PF GRIBs, Ground Truth)",NONE
CASE_20180926_0393,2018-09-26,TRAIN,USABLE_AVAILABLE,USABLE_AVAILABLE,"Verified complete across all 4 input streams (RZSM lags, ERA5 atm, S2S CF/PF GRIBs, Ground Truth)",NONE
CASE_20180930_0394,2018-09-30,TRAIN,USABLE_AVAILABLE,USABLE_AVAILABLE,"Verified complete across all 4 input streams (RZSM lags, ERA5 atm, S2S CF/PF GRIBs, Ground Truth)",NONE
CASE_20181003_0395,2018-10-03,TRAIN,USABLE_AVAILABLE,USABLE_AVAILABLE,"Verified complete across all 4 input streams (RZSM lags, ERA5 atm, S2S CF/PF GRIBs, Ground Truth)",NONE
CASE_20181007_0396,2018-10-07,TRAIN,USABLE_AVAILABLE,USABLE_AVAILABLE,"Verified complete across all 4 input streams (RZSM lags, ERA5 atm, S2S CF/PF GRIBs, Ground Truth)",NONE
CASE_20181010_0397,2018-10-10,TRAIN,USABLE_AVAILABLE,USABLE_AVAILABLE,"Verified complete across all 4 input streams (RZSM lags, ERA5 atm, S2S CF/PF GRIBs, Ground Truth)",NONE
CASE_20181014_0398,2018-10-14,TRAIN,USABLE_AVAILABLE,USABLE_AVAILABLE,"Verified complete across all 4 input streams (RZSM lags, ERA5 atm, S2S CF/PF GRIBs, Ground Truth)",NONE
CASE_20181017_0399,2018-10-17,TRAIN,USABLE_AVAILABLE,USABLE_AVAILABLE,"Verified complete across all 4 input streams (RZSM lags, ERA5 atm, S2S CF/PF GRIBs, Ground Truth)",NONE
CASE_20181021_0400,2018-10-21,TRAIN,USABLE_AVAILABLE,USABLE_AVAILABLE,"Verified complete across all 4 input streams (RZSM lags, ERA5 atm, S2S CF/PF GRIBs, Ground Truth)",NONE
CASE_20181024_0401,2018-10-24,TRAIN,USABLE_AVAILABLE,USABLE_AVAILABLE,"Verified complete across all 4 input streams (RZSM lags, ERA5 atm, S2S CF/PF GRIBs, Ground Truth)",NONE
CASE_20181028_0402,2018-10-28,TRAIN,USABLE_AVAILABLE,USABLE_AVAILABLE,"Verified complete across all 4 input streams (RZSM lags, ERA5 atm, S2S CF/PF GRIBs, Ground Truth)",NONE
CASE_20181031_0403,2018-10-31,TRAIN,USABLE_AVAILABLE,USABLE_AVAILABLE,"Verified complete across all 4 input streams (RZSM lags, ERA5 atm, S2S CF/PF GRIBs, Ground Truth)",NONE
CASE_20181104_0404,2018-11-04,TRAIN,USABLE_AVAILABLE,USABLE_AVAILABLE,"Verified complete across all 4 input streams (RZSM lags, ERA5 atm, S2S CF/PF GRIBs, Ground Truth)",NONE
CASE_20181107_0405,2018-11-07,TRAIN,USABLE_AVAILABLE,USABLE_AVAILABLE,"Verified complete across all 4 input streams (RZSM lags, ERA5 atm, S2S CF/PF GRIBs, Ground Truth)",NONE
CASE_20181111_0406,2018-11-11,TRAIN,USABLE_AVAILABLE,USABLE_AVAILABLE,"Verified complete across all 4 input streams (RZSM lags, ERA5 atm, S2S CF/PF GRIBs, Ground Truth)",NONE
CASE_20181114_0407,2018-11-14,TRAIN,PROVIDER_UNAVAILABLE_MARS_NO_DATA,PROVIDER_UNAVAILABLE_MARS_NO_DATA,ECMWF CY48R1 late-year reforecast archive operates on bi-weekly alternating schedule in Nov/Dec (MARS returned MarsNoDataError),MarsNoDataError
CASE_20181118_0408,2018-11-18,TRAIN,PROVIDER_UNAVAILABLE_MARS_NO_DATA,PROVIDER_UNAVAILABLE_MARS_NO_DATA,ECMWF CY48R1 late-year reforecast archive operates on bi-weekly alternating schedule in Nov/Dec (MARS returned MarsNoDataError),MarsNoDataError
CASE_20181121_0409,2018-11-21,TRAIN,USABLE_AVAILABLE,USABLE_AVAILABLE,"Verified complete across all 4 input streams (RZSM lags, ERA5 atm, S2S CF/PF GRIBs, Ground Truth)",NONE
CASE_20181125_0410,2018-11-25,TRAIN,USABLE_AVAILABLE,USABLE_AVAILABLE,"Verified complete across all 4 input streams (RZSM lags, ERA5 atm, S2S CF/PF GRIBs, Ground Truth)",NONE
CASE_20181128_0411,2018-11-28,TRAIN,PROVIDER_UNAVAILABLE_MARS_NO_DATA,PROVIDER_UNAVAILABLE_MARS_NO_DATA,ECMWF CY48R1 late-year reforecast archive operates on bi-weekly alternating schedule in Nov/Dec (MARS returned MarsNoDataError),MarsNoDataError
CASE_20181202_0412,2018-12-02,TRAIN,PROVIDER_UNAVAILABLE_MARS_NO_DATA,PROVIDER_UNAVAILABLE_MARS_NO_DATA,ECMWF CY48R1 late-year reforecast archive operates on bi-weekly alternating schedule in Nov/Dec (MARS returned MarsNoDataError),MarsNoDataError
CASE_20181205_0413,2018-12-05,TRAIN,USABLE_AVAILABLE,USABLE_AVAILABLE,"Verified complete across all 4 input streams (RZSM lags, ERA5 atm, S2S CF/PF GRIBs, Ground Truth)",NONE
CASE_20181209_0414,2018-12-09,TRAIN,USABLE_AVAILABLE,USABLE_AVAILABLE,"Verified complete across all 4 input streams (RZSM lags, ERA5 atm, S2S CF/PF GRIBs, Ground Truth)",NONE
CASE_20181212_0415,2018-12-12,TRAIN,PROVIDER_UNAVAILABLE_MARS_NO_DATA,PROVIDER_UNAVAILABLE_MARS_NO_DATA,ECMWF CY48R1 late-year reforecast archive operates on bi-weekly alternating schedule in Nov/Dec (MARS returned MarsNoDataError),MarsNoDataError
CASE_20181216_0416,2018-12-16,TRAIN,PROVIDER_UNAVAILABLE_MARS_NO_DATA,PROVIDER_UNAVAILABLE_MARS_NO_DATA,ECMWF CY48R1 late-year reforecast archive operates on bi-weekly alternating schedule in Nov/Dec (MARS returned MarsNoDataError),MarsNoDataError
CASE_20181219_0417,2018-12-19,TRAIN,USABLE_AVAILABLE,USABLE_AVAILABLE,"Verified complete across all 4 input streams (RZSM lags, ERA5 atm, S2S CF/PF GRIBs, Ground Truth)",NONE
CASE_20181223_0418,2018-12-23,TRAIN,USABLE_AVAILABLE,USABLE_AVAILABLE,"Verified complete across all 4 input streams (RZSM lags, ERA5 atm, S2S CF/PF GRIBs, Ground Truth)",NONE
CASE_20181226_0419,2018-12-26,TRAIN,PROVIDER_UNAVAILABLE_MARS_NO_DATA,PROVIDER_UNAVAILABLE_MARS_NO_DATA,ECMWF CY48R1 late-year reforecast archive operates on bi-weekly alternating schedule in Nov/Dec (MARS returned MarsNoDataError),MarsNoDataError
CASE_20181230_0420,2018-12-30,TRAIN,PROVIDER_UNAVAILABLE_MARS_NO_DATA,PROVIDER_UNAVAILABLE_MARS_NO_DATA,ECMWF CY48R1 late-year reforecast archive operates on bi-weekly alternating schedule in Nov/Dec (MARS returned MarsNoDataError),MarsNoDataError
CASE_20190101_0421,2019-01-01,TRAIN,USABLE_AVAILABLE,USABLE_AVAILABLE,"Verified complete across all 4 input streams (RZSM lags, ERA5 atm, S2S CF/PF GRIBs, Ground Truth)",NONE
CASE_20190104_0422,2019-01-04,TRAIN,USABLE_AVAILABLE,USABLE_AVAILABLE,"Verified complete across all 4 input streams (RZSM lags, ERA5 atm, S2S CF/PF GRIBs, Ground Truth)",NONE
CASE_20190108_0423,2019-01-08,TRAIN,USABLE_AVAILABLE,USABLE_AVAILABLE,"Verified complete across all 4 input streams (RZSM lags, ERA5 atm, S2S CF/PF GRIBs, Ground Truth)",NONE
CASE_20190111_0424,2019-01-11,TRAIN,USABLE_AVAILABLE,USABLE_AVAILABLE,"Verified complete across all 4 input streams (RZSM lags, ERA5 atm, S2S CF/PF GRIBs, Ground Truth)",NONE
CASE_20190115_0425,2019-01-15,TRAIN,USABLE_AVAILABLE,USABLE_AVAILABLE,"Verified complete across all 4 input streams (RZSM lags, ERA5 atm, S2S CF/PF GRIBs, Ground Truth)",NONE
CASE_20190118_0426,2019-01-18,TRAIN,USABLE_AVAILABLE,USABLE_AVAILABLE,"Verified complete across all 4 input streams (RZSM lags, ERA5 atm, S2S CF/PF GRIBs, Ground Truth)",NONE
CASE_20190122_0427,2019-01-22,TRAIN,USABLE_AVAILABLE,USABLE_AVAILABLE,"Verified complete across all 4 input streams (RZSM lags, ERA5 atm, S2S CF/PF GRIBs, Ground Truth)",NONE
CASE_20190125_0428,2019-01-25,TRAIN,USABLE_AVAILABLE,USABLE_AVAILABLE,"Verified complete across all 4 input streams (RZSM lags, ERA5 atm, S2S CF/PF GRIBs, Ground Truth)",NONE
CASE_20190129_0429,2019-01-29,TRAIN,USABLE_AVAILABLE,USABLE_AVAILABLE,"Verified complete across all 4 input streams (RZSM lags, ERA5 atm, S2S CF/PF GRIBs, Ground Truth)",NONE
CASE_20190201_0430,2019-02-01,TRAIN,USABLE_AVAILABLE,USABLE_AVAILABLE,"Verified complete across all 4 input streams (RZSM lags, ERA5 atm, S2S CF/PF GRIBs, Ground Truth)",NONE
CASE_20190205_0431,2019-02-05,TRAIN,USABLE_AVAILABLE,USABLE_AVAILABLE,"Verified complete across all 4 input streams (RZSM lags, ERA5 atm, S2S CF/PF GRIBs, Ground Truth)",NONE
CASE_20190208_0432,2019-02-08,TRAIN,USABLE_AVAILABLE,USABLE_AVAILABLE,"Verified complete across all 4 input streams (RZSM lags, ERA5 atm, S2S CF/PF GRIBs, Ground Truth)",NONE
CASE_20190212_0433,2019-02-12,TRAIN,USABLE_AVAILABLE,USABLE_AVAILABLE,"Verified complete across all 4 input streams (RZSM lags, ERA5 atm, S2S CF/PF GRIBs, Ground Truth)",NONE
CASE_20190215_0434,2019-02-15,TRAIN,USABLE_AVAILABLE,USABLE_AVAILABLE,"Verified complete across all 4 input streams (RZSM lags, ERA5 atm, S2S CF/PF GRIBs, Ground Truth)",NONE
CASE_20190219_0435,2019-02-19,TRAIN,USABLE_AVAILABLE,USABLE_AVAILABLE,"Verified complete across all 4 input streams (RZSM lags, ERA5 atm, S2S CF/PF GRIBs, Ground Truth)",NONE
CASE_20190222_0436,2019-02-22,TRAIN,USABLE_AVAILABLE,USABLE_AVAILABLE,"Verified complete across all 4 input streams (RZSM lags, ERA5 atm, S2S CF/PF GRIBs, Ground Truth)",NONE
CASE_20190226_0437,2019-02-26,TRAIN,USABLE_AVAILABLE,USABLE_AVAILABLE,"Verified complete across all 4 input streams (RZSM lags, ERA5 atm, S2S CF/PF GRIBs, Ground Truth)",NONE
CASE_20190228_0438,2019-02-28,TRAIN,USABLE_AVAILABLE,USABLE_AVAILABLE,"Verified complete across all 4 input streams (RZSM lags, ERA5 atm, S2S CF/PF GRIBs, Ground Truth)",NONE
CASE_20190304_0439,2019-03-04,TRAIN,USABLE_AVAILABLE,USABLE_AVAILABLE,"Verified complete across all 4 input streams (RZSM lags, ERA5 atm, S2S CF/PF GRIBs, Ground Truth)",NONE
CASE_20190307_0440,2019-03-07,TRAIN,USABLE_AVAILABLE,USABLE_AVAILABLE,"Verified complete across all 4 input streams (RZSM lags, ERA5 atm, S2S CF/PF GRIBs, Ground Truth)",NONE
CASE_20190311_0441,2019-03-11,TRAIN,USABLE_AVAILABLE,USABLE_AVAILABLE,"Verified complete across all 4 input streams (RZSM lags, ERA5 atm, S2S CF/PF GRIBs, Ground Truth)",NONE
CASE_20190314_0442,2019-03-14,TRAIN,USABLE_AVAILABLE,USABLE_AVAILABLE,"Verified complete across all 4 input streams (RZSM lags, ERA5 atm, S2S CF/PF GRIBs, Ground Truth)",NONE
CASE_20190318_0443,2019-03-18,TRAIN,USABLE_AVAILABLE,USABLE_AVAILABLE,"Verified complete across all 4 input streams (RZSM lags, ERA5 atm, S2S CF/PF GRIBs, Ground Truth)",NONE
CASE_20190321_0444,2019-03-21,TRAIN,USABLE_AVAILABLE,USABLE_AVAILABLE,"Verified complete across all 4 input streams (RZSM lags, ERA5 atm, S2S CF/PF GRIBs, Ground Truth)",NONE
CASE_20190325_0445,2019-03-25,TRAIN,USABLE_AVAILABLE,USABLE_AVAILABLE,"Verified complete across all 4 input streams (RZSM lags, ERA5 atm, S2S CF/PF GRIBs, Ground Truth)",NONE
CASE_20190328_0446,2019-03-28,TRAIN,USABLE_AVAILABLE,USABLE_AVAILABLE,"Verified complete across all 4 input streams (RZSM lags, ERA5 atm, S2S CF/PF GRIBs, Ground Truth)",NONE
CASE_20190401_0447,2019-04-01,TRAIN,USABLE_AVAILABLE,USABLE_AVAILABLE,"Verified complete across all 4 input streams (RZSM lags, ERA5 atm, S2S CF/PF GRIBs, Ground Truth)",NONE
CASE_20190404_0448,2019-04-04,TRAIN,USABLE_AVAILABLE,USABLE_AVAILABLE,"Verified complete across all 4 input streams (RZSM lags, ERA5 atm, S2S CF/PF GRIBs, Ground Truth)",NONE
CASE_20190408_0449,2019-04-08,TRAIN,USABLE_AVAILABLE,USABLE_AVAILABLE,"Verified complete across all 4 input streams (RZSM lags, ERA5 atm, S2S CF/PF GRIBs, Ground Truth)",NONE
CASE_20190411_0450,2019-04-11,TRAIN,USABLE_AVAILABLE,USABLE_AVAILABLE,"Verified complete across all 4 input streams (RZSM lags, ERA5 atm, S2S CF/PF GRIBs, Ground Truth)",NONE
CASE_20190415_0451,2019-04-15,TRAIN,USABLE_AVAILABLE,USABLE_AVAILABLE,"Verified complete across all 4 input streams (RZSM lags, ERA5 atm, S2S CF/PF GRIBs, Ground Truth)",NONE
CASE_20190418_0452,2019-04-18,TRAIN,USABLE_AVAILABLE,USABLE_AVAILABLE,"Verified complete across all 4 input streams (RZSM lags, ERA5 atm, S2S CF/PF GRIBs, Ground Truth)",NONE
CASE_20190422_0453,2019-04-22,TRAIN,USABLE_AVAILABLE,USABLE_AVAILABLE,"Verified complete across all 4 input streams (RZSM lags, ERA5 atm, S2S CF/PF GRIBs, Ground Truth)",NONE
CASE_20190425_0454,2019-04-25,TRAIN,USABLE_AVAILABLE,USABLE_AVAILABLE,"Verified complete across all 4 input streams (RZSM lags, ERA5 atm, S2S CF/PF GRIBs, Ground Truth)",NONE
CASE_20190429_0455,2019-04-29,TRAIN,USABLE_AVAILABLE,USABLE_AVAILABLE,"Verified complete across all 4 input streams (RZSM lags, ERA5 atm, S2S CF/PF GRIBs, Ground Truth)",NONE
CASE_20190502_0456,2019-05-02,TRAIN,USABLE_AVAILABLE,USABLE_AVAILABLE,"Verified complete across all 4 input streams (RZSM lags, ERA5 atm, S2S CF/PF GRIBs, Ground Truth)",NONE
CASE_20190506_0457,2019-05-06,TRAIN,USABLE_AVAILABLE,USABLE_AVAILABLE,"Verified complete across all 4 input streams (RZSM lags, ERA5 atm, S2S CF/PF GRIBs, Ground Truth)",NONE
CASE_20190509_0458,2019-05-09,TRAIN,USABLE_AVAILABLE,USABLE_AVAILABLE,"Verified complete across all 4 input streams (RZSM lags, ERA5 atm, S2S CF/PF GRIBs, Ground Truth)",NONE
CASE_20190513_0459,2019-05-13,TRAIN,USABLE_AVAILABLE,USABLE_AVAILABLE,"Verified complete across all 4 input streams (RZSM lags, ERA5 atm, S2S CF/PF GRIBs, Ground Truth)",NONE
CASE_20190516_0460,2019-05-16,TRAIN,USABLE_AVAILABLE,USABLE_AVAILABLE,"Verified complete across all 4 input streams (RZSM lags, ERA5 atm, S2S CF/PF GRIBs, Ground Truth)",NONE
CASE_20190520_0461,2019-05-20,TRAIN,USABLE_AVAILABLE,USABLE_AVAILABLE,"Verified complete across all 4 input streams (RZSM lags, ERA5 atm, S2S CF/PF GRIBs, Ground Truth)",NONE
CASE_20190523_0462,2019-05-23,TRAIN,USABLE_AVAILABLE,USABLE_AVAILABLE,"Verified complete across all 4 input streams (RZSM lags, ERA5 atm, S2S CF/PF GRIBs, Ground Truth)",NONE
CASE_20190527_0463,2019-05-27,TRAIN,USABLE_AVAILABLE,USABLE_AVAILABLE,"Verified complete across all 4 input streams (RZSM lags, ERA5 atm, S2S CF/PF GRIBs, Ground Truth)",NONE
CASE_20190530_0464,2019-05-30,TRAIN,USABLE_AVAILABLE,USABLE_AVAILABLE,"Verified complete across all 4 input streams (RZSM lags, ERA5 atm, S2S CF/PF GRIBs, Ground Truth)",NONE
CASE_20190603_0465,2019-06-03,TRAIN,USABLE_AVAILABLE,USABLE_AVAILABLE,"Verified complete across all 4 input streams (RZSM lags, ERA5 atm, S2S CF/PF GRIBs, Ground Truth)",NONE
CASE_20190606_0466,2019-06-06,TRAIN,USABLE_AVAILABLE,USABLE_AVAILABLE,"Verified complete across all 4 input streams (RZSM lags, ERA5 atm, S2S CF/PF GRIBs, Ground Truth)",NONE
CASE_20190610_0467,2019-06-10,TRAIN,USABLE_AVAILABLE,USABLE_AVAILABLE,"Verified complete across all 4 input streams (RZSM lags, ERA5 atm, S2S CF/PF GRIBs, Ground Truth)",NONE
CASE_20190613_0468,2019-06-13,TRAIN,USABLE_AVAILABLE,USABLE_AVAILABLE,"Verified complete across all 4 input streams (RZSM lags, ERA5 atm, S2S CF/PF GRIBs, Ground Truth)",NONE
CASE_20190617_0469,2019-06-17,TRAIN,USABLE_AVAILABLE,USABLE_AVAILABLE,"Verified complete across all 4 input streams (RZSM lags, ERA5 atm, S2S CF/PF GRIBs, Ground Truth)",NONE
CASE_20190620_0470,2019-06-20,TRAIN,USABLE_AVAILABLE,USABLE_AVAILABLE,"Verified complete across all 4 input streams (RZSM lags, ERA5 atm, S2S CF/PF GRIBs, Ground Truth)",NONE
CASE_20190624_0471,2019-06-24,TRAIN,USABLE_AVAILABLE,USABLE_AVAILABLE,"Verified complete across all 4 input streams (RZSM lags, ERA5 atm, S2S CF/PF GRIBs, Ground Truth)",NONE
CASE_20190627_0472,2019-06-27,TRAIN,USABLE_AVAILABLE,USABLE_AVAILABLE,"Verified complete across all 4 input streams (RZSM lags, ERA5 atm, S2S CF/PF GRIBs, Ground Truth)",NONE
CASE_20190701_0473,2019-07-01,TRAIN,USABLE_AVAILABLE,USABLE_AVAILABLE,"Verified complete across all 4 input streams (RZSM lags, ERA5 atm, S2S CF/PF GRIBs, Ground Truth)",NONE
CASE_20190704_0474,2019-07-04,TRAIN,USABLE_AVAILABLE,USABLE_AVAILABLE,"Verified complete across all 4 input streams (RZSM lags, ERA5 atm, S2S CF/PF GRIBs, Ground Truth)",NONE
CASE_20190708_0475,2019-07-08,TRAIN,USABLE_AVAILABLE,USABLE_AVAILABLE,"Verified complete across all 4 input streams (RZSM lags, ERA5 atm, S2S CF/PF GRIBs, Ground Truth)",NONE
CASE_20190711_0476,2019-07-11,TRAIN,USABLE_AVAILABLE,USABLE_AVAILABLE,"Verified complete across all 4 input streams (RZSM lags, ERA5 atm, S2S CF/PF GRIBs, Ground Truth)",NONE
CASE_20190715_0477,2019-07-15,TRAIN,USABLE_AVAILABLE,USABLE_AVAILABLE,"Verified complete across all 4 input streams (RZSM lags, ERA5 atm, S2S CF/PF GRIBs, Ground Truth)",NONE
CASE_20190718_0478,2019-07-18,TRAIN,USABLE_AVAILABLE,USABLE_AVAILABLE,"Verified complete across all 4 input streams (RZSM lags, ERA5 atm, S2S CF/PF GRIBs, Ground Truth)",NONE
CASE_20190722_0479,2019-07-22,TRAIN,USABLE_AVAILABLE,USABLE_AVAILABLE,"Verified complete across all 4 input streams (RZSM lags, ERA5 atm, S2S CF/PF GRIBs, Ground Truth)",NONE
CASE_20190725_0480,2019-07-25,TRAIN,USABLE_AVAILABLE,USABLE_AVAILABLE,"Verified complete across all 4 input streams (RZSM lags, ERA5 atm, S2S CF/PF GRIBs, Ground Truth)",NONE
CASE_20190729_0481,2019-07-29,TRAIN,USABLE_AVAILABLE,USABLE_AVAILABLE,"Verified complete across all 4 input streams (RZSM lags, ERA5 atm, S2S CF/PF GRIBs, Ground Truth)",NONE
CASE_20190801_0482,2019-08-01,TRAIN,USABLE_AVAILABLE,USABLE_AVAILABLE,"Verified complete across all 4 input streams (RZSM lags, ERA5 atm, S2S CF/PF GRIBs, Ground Truth)",NONE
CASE_20190805_0483,2019-08-05,TRAIN,USABLE_AVAILABLE,USABLE_AVAILABLE,"Verified complete across all 4 input streams (RZSM lags, ERA5 atm, S2S CF/PF GRIBs, Ground Truth)",NONE
CASE_20190808_0484,2019-08-08,TRAIN,USABLE_AVAILABLE,USABLE_AVAILABLE,"Verified complete across all 4 input streams (RZSM lags, ERA5 atm, S2S CF/PF GRIBs, Ground Truth)",NONE
CASE_20190812_0485,2019-08-12,TRAIN,USABLE_AVAILABLE,USABLE_AVAILABLE,"Verified complete across all 4 input streams (RZSM lags, ERA5 atm, S2S CF/PF GRIBs, Ground Truth)",NONE
CASE_20190815_0486,2019-08-15,TRAIN,USABLE_AVAILABLE,USABLE_AVAILABLE,"Verified complete across all 4 input streams (RZSM lags, ERA5 atm, S2S CF/PF GRIBs, Ground Truth)",NONE
CASE_20190819_0487,2019-08-19,TRAIN,USABLE_AVAILABLE,USABLE_AVAILABLE,"Verified complete across all 4 input streams (RZSM lags, ERA5 atm, S2S CF/PF GRIBs, Ground Truth)",NONE
CASE_20190822_0488,2019-08-22,TRAIN,USABLE_AVAILABLE,USABLE_AVAILABLE,"Verified complete across all 4 input streams (RZSM lags, ERA5 atm, S2S CF/PF GRIBs, Ground Truth)",NONE
CASE_20190826_0489,2019-08-26,TRAIN,USABLE_AVAILABLE,USABLE_AVAILABLE,"Verified complete across all 4 input streams (RZSM lags, ERA5 atm, S2S CF/PF GRIBs, Ground Truth)",NONE
CASE_20190829_0490,2019-08-29,TRAIN,USABLE_AVAILABLE,USABLE_AVAILABLE,"Verified complete across all 4 input streams (RZSM lags, ERA5 atm, S2S CF/PF GRIBs, Ground Truth)",NONE
CASE_20190902_0491,2019-09-02,TRAIN,USABLE_AVAILABLE,USABLE_AVAILABLE,"Verified complete across all 4 input streams (RZSM lags, ERA5 atm, S2S CF/PF GRIBs, Ground Truth)",NONE
CASE_20190905_0492,2019-09-05,TRAIN,USABLE_AVAILABLE,USABLE_AVAILABLE,"Verified complete across all 4 input streams (RZSM lags, ERA5 atm, S2S CF/PF GRIBs, Ground Truth)",NONE
CASE_20190909_0493,2019-09-09,TRAIN,USABLE_AVAILABLE,USABLE_AVAILABLE,"Verified complete across all 4 input streams (RZSM lags, ERA5 atm, S2S CF/PF GRIBs, Ground Truth)",NONE
CASE_20190912_0494,2019-09-12,TRAIN,USABLE_AVAILABLE,USABLE_AVAILABLE,"Verified complete across all 4 input streams (RZSM lags, ERA5 atm, S2S CF/PF GRIBs, Ground Truth)",NONE
CASE_20190916_0495,2019-09-16,TRAIN,USABLE_AVAILABLE,USABLE_AVAILABLE,"Verified complete across all 4 input streams (RZSM lags, ERA5 atm, S2S CF/PF GRIBs, Ground Truth)",NONE
CASE_20190919_0496,2019-09-19,TRAIN,USABLE_AVAILABLE,USABLE_AVAILABLE,"Verified complete across all 4 input streams (RZSM lags, ERA5 atm, S2S CF/PF GRIBs, Ground Truth)",NONE
CASE_20190923_0497,2019-09-23,TRAIN,USABLE_AVAILABLE,USABLE_AVAILABLE,"Verified complete across all 4 input streams (RZSM lags, ERA5 atm, S2S CF/PF GRIBs, Ground Truth)",NONE
CASE_20190926_0498,2019-09-26,TRAIN,USABLE_AVAILABLE,USABLE_AVAILABLE,"Verified complete across all 4 input streams (RZSM lags, ERA5 atm, S2S CF/PF GRIBs, Ground Truth)",NONE
CASE_20190930_0499,2019-09-30,TRAIN,USABLE_AVAILABLE,USABLE_AVAILABLE,"Verified complete across all 4 input streams (RZSM lags, ERA5 atm, S2S CF/PF GRIBs, Ground Truth)",NONE
CASE_20191003_0500,2019-10-03,TRAIN,USABLE_AVAILABLE,USABLE_AVAILABLE,"Verified complete across all 4 input streams (RZSM lags, ERA5 atm, S2S CF/PF GRIBs, Ground Truth)",NONE
CASE_20191007_0501,2019-10-07,TRAIN,USABLE_AVAILABLE,USABLE_AVAILABLE,"Verified complete across all 4 input streams (RZSM lags, ERA5 atm, S2S CF/PF GRIBs, Ground Truth)",NONE
CASE_20191010_0502,2019-10-10,TRAIN,USABLE_AVAILABLE,USABLE_AVAILABLE,"Verified complete across all 4 input streams (RZSM lags, ERA5 atm, S2S CF/PF GRIBs, Ground Truth)",NONE
CASE_20191014_0503,2019-10-14,TRAIN,USABLE_AVAILABLE,USABLE_AVAILABLE,"Verified complete across all 4 input streams (RZSM lags, ERA5 atm, S2S CF/PF GRIBs, Ground Truth)",NONE
CASE_20191017_0504,2019-10-17,TRAIN,USABLE_AVAILABLE,USABLE_AVAILABLE,"Verified complete across all 4 input streams (RZSM lags, ERA5 atm, S2S CF/PF GRIBs, Ground Truth)",NONE
CASE_20191021_0505,2019-10-21,TRAIN,USABLE_AVAILABLE,USABLE_AVAILABLE,"Verified complete across all 4 input streams (RZSM lags, ERA5 atm, S2S CF/PF GRIBs, Ground Truth)",NONE
CASE_20191024_0506,2019-10-24,TRAIN,USABLE_AVAILABLE,USABLE_AVAILABLE,"Verified complete across all 4 input streams (RZSM lags, ERA5 atm, S2S CF/PF GRIBs, Ground Truth)",NONE
CASE_20191028_0507,2019-10-28,TRAIN,USABLE_AVAILABLE,USABLE_AVAILABLE,"Verified complete across all 4 input streams (RZSM lags, ERA5 atm, S2S CF/PF GRIBs, Ground Truth)",NONE
CASE_20191031_0508,2019-10-31,TRAIN,USABLE_AVAILABLE,USABLE_AVAILABLE,"Verified complete across all 4 input streams (RZSM lags, ERA5 atm, S2S CF/PF GRIBs, Ground Truth)",NONE
CASE_20191104_0509,2019-11-04,TRAIN,USABLE_AVAILABLE,USABLE_AVAILABLE,"Verified complete across all 4 input streams (RZSM lags, ERA5 atm, S2S CF/PF GRIBs, Ground Truth)",NONE
CASE_20191107_0510,2019-11-07,TRAIN,USABLE_AVAILABLE,USABLE_AVAILABLE,"Verified complete across all 4 input streams (RZSM lags, ERA5 atm, S2S CF/PF GRIBs, Ground Truth)",NONE
CASE_20191111_0511,2019-11-11,TRAIN,USABLE_AVAILABLE,USABLE_AVAILABLE,"Verified complete across all 4 input streams (RZSM lags, ERA5 atm, S2S CF/PF GRIBs, Ground Truth)",NONE
CASE_20191114_0512,2019-11-14,TRAIN,PROVIDER_UNAVAILABLE_MARS_NO_DATA,PROVIDER_UNAVAILABLE_MARS_NO_DATA,ECMWF CY48R1 late-year reforecast archive operates on bi-weekly alternating schedule in Nov/Dec (MARS returned MarsNoDataError),MarsNoDataError
CASE_20191118_0513,2019-11-18,TRAIN,PROVIDER_UNAVAILABLE_MARS_NO_DATA,PROVIDER_UNAVAILABLE_MARS_NO_DATA,ECMWF CY48R1 late-year reforecast archive operates on bi-weekly alternating schedule in Nov/Dec (MARS returned MarsNoDataError),MarsNoDataError
CASE_20191121_0514,2019-11-21,TRAIN,USABLE_AVAILABLE,USABLE_AVAILABLE,"Verified complete across all 4 input streams (RZSM lags, ERA5 atm, S2S CF/PF GRIBs, Ground Truth)",NONE
CASE_20191125_0515,2019-11-25,TRAIN,USABLE_AVAILABLE,USABLE_AVAILABLE,"Verified complete across all 4 input streams (RZSM lags, ERA5 atm, S2S CF/PF GRIBs, Ground Truth)",NONE
CASE_20191128_0516,2019-11-28,TRAIN,PROVIDER_UNAVAILABLE_MARS_NO_DATA,PROVIDER_UNAVAILABLE_MARS_NO_DATA,ECMWF CY48R1 late-year reforecast archive operates on bi-weekly alternating schedule in Nov/Dec (MARS returned MarsNoDataError),MarsNoDataError
CASE_20191202_0517,2019-12-02,TRAIN,PROVIDER_UNAVAILABLE_MARS_NO_DATA,PROVIDER_UNAVAILABLE_MARS_NO_DATA,ECMWF CY48R1 late-year reforecast archive operates on bi-weekly alternating schedule in Nov/Dec (MARS returned MarsNoDataError),MarsNoDataError
CASE_20191205_0518,2019-12-05,TRAIN,USABLE_AVAILABLE,USABLE_AVAILABLE,"Verified complete across all 4 input streams (RZSM lags, ERA5 atm, S2S CF/PF GRIBs, Ground Truth)",NONE
CASE_20191209_0519,2019-12-09,TRAIN,USABLE_AVAILABLE,USABLE_AVAILABLE,"Verified complete across all 4 input streams (RZSM lags, ERA5 atm, S2S CF/PF GRIBs, Ground Truth)",NONE
CASE_20191212_0520,2019-12-12,TRAIN,PROVIDER_UNAVAILABLE_MARS_NO_DATA,PROVIDER_UNAVAILABLE_MARS_NO_DATA,ECMWF CY48R1 late-year reforecast archive operates on bi-weekly alternating schedule in Nov/Dec (MARS returned MarsNoDataError),MarsNoDataError
CASE_20191216_0521,2019-12-16,TRAIN,PROVIDER_UNAVAILABLE_MARS_NO_DATA,PROVIDER_UNAVAILABLE_MARS_NO_DATA,ECMWF CY48R1 late-year reforecast archive operates on bi-weekly alternating schedule in Nov/Dec (MARS returned MarsNoDataError),MarsNoDataError
CASE_20191219_0522,2019-12-19,TRAIN,USABLE_AVAILABLE,USABLE_AVAILABLE,"Verified complete across all 4 input streams (RZSM lags, ERA5 atm, S2S CF/PF GRIBs, Ground Truth)",NONE
CASE_20191223_0523,2019-12-23,TRAIN,USABLE_AVAILABLE,USABLE_AVAILABLE,"Verified complete across all 4 input streams (RZSM lags, ERA5 atm, S2S CF/PF GRIBs, Ground Truth)",NONE
CASE_20191226_0524,2019-12-26,TRAIN,PROVIDER_UNAVAILABLE_MARS_NO_DATA,PROVIDER_UNAVAILABLE_MARS_NO_DATA,ECMWF CY48R1 late-year reforecast archive operates on bi-weekly alternating schedule in Nov/Dec (MARS returned MarsNoDataError),MarsNoDataError
CASE_20191230_0525,2019-12-30,TRAIN,PROVIDER_UNAVAILABLE_MARS_NO_DATA,PROVIDER_UNAVAILABLE_MARS_NO_DATA,ECMWF CY48R1 late-year reforecast archive operates on bi-weekly alternating schedule in Nov/Dec (MARS returned MarsNoDataError),MarsNoDataError
CASE_20200101_0526,2020-01-01,TRAIN,USABLE_AVAILABLE,USABLE_AVAILABLE,"Verified complete across all 4 input streams (RZSM lags, ERA5 atm, S2S CF/PF GRIBs, Ground Truth)",NONE
CASE_20200104_0527,2020-01-04,TRAIN,USABLE_AVAILABLE,USABLE_AVAILABLE,"Verified complete across all 4 input streams (RZSM lags, ERA5 atm, S2S CF/PF GRIBs, Ground Truth)",NONE
CASE_20200108_0528,2020-01-08,TRAIN,USABLE_AVAILABLE,USABLE_AVAILABLE,"Verified complete across all 4 input streams (RZSM lags, ERA5 atm, S2S CF/PF GRIBs, Ground Truth)",NONE
CASE_20200111_0529,2020-01-11,TRAIN,USABLE_AVAILABLE,USABLE_AVAILABLE,"Verified complete across all 4 input streams (RZSM lags, ERA5 atm, S2S CF/PF GRIBs, Ground Truth)",NONE
CASE_20200115_0530,2020-01-15,TRAIN,USABLE_AVAILABLE,USABLE_AVAILABLE,"Verified complete across all 4 input streams (RZSM lags, ERA5 atm, S2S CF/PF GRIBs, Ground Truth)",NONE
CASE_20200118_0531,2020-01-18,TRAIN,USABLE_AVAILABLE,USABLE_AVAILABLE,"Verified complete across all 4 input streams (RZSM lags, ERA5 atm, S2S CF/PF GRIBs, Ground Truth)",NONE
CASE_20200122_0532,2020-01-22,TRAIN,USABLE_AVAILABLE,USABLE_AVAILABLE,"Verified complete across all 4 input streams (RZSM lags, ERA5 atm, S2S CF/PF GRIBs, Ground Truth)",NONE
CASE_20200125_0533,2020-01-25,TRAIN,USABLE_AVAILABLE,USABLE_AVAILABLE,"Verified complete across all 4 input streams (RZSM lags, ERA5 atm, S2S CF/PF GRIBs, Ground Truth)",NONE
CASE_20200129_0534,2020-01-29,TRAIN,USABLE_AVAILABLE,USABLE_AVAILABLE,"Verified complete across all 4 input streams (RZSM lags, ERA5 atm, S2S CF/PF GRIBs, Ground Truth)",NONE
CASE_20200201_0535,2020-02-01,TRAIN,USABLE_AVAILABLE,USABLE_AVAILABLE,"Verified complete across all 4 input streams (RZSM lags, ERA5 atm, S2S CF/PF GRIBs, Ground Truth)",NONE
CASE_20200205_0536,2020-02-05,TRAIN,USABLE_AVAILABLE,USABLE_AVAILABLE,"Verified complete across all 4 input streams (RZSM lags, ERA5 atm, S2S CF/PF GRIBs, Ground Truth)",NONE
CASE_20200208_0537,2020-02-08,TRAIN,USABLE_AVAILABLE,USABLE_AVAILABLE,"Verified complete across all 4 input streams (RZSM lags, ERA5 atm, S2S CF/PF GRIBs, Ground Truth)",NONE
CASE_20200212_0538,2020-02-12,TRAIN,USABLE_AVAILABLE,USABLE_AVAILABLE,"Verified complete across all 4 input streams (RZSM lags, ERA5 atm, S2S CF/PF GRIBs, Ground Truth)",NONE
CASE_20200215_0539,2020-02-15,TRAIN,USABLE_AVAILABLE,USABLE_AVAILABLE,"Verified complete across all 4 input streams (RZSM lags, ERA5 atm, S2S CF/PF GRIBs, Ground Truth)",NONE
CASE_20200219_0540,2020-02-19,TRAIN,USABLE_AVAILABLE,USABLE_AVAILABLE,"Verified complete across all 4 input streams (RZSM lags, ERA5 atm, S2S CF/PF GRIBs, Ground Truth)",NONE
CASE_20200222_0541,2020-02-22,TRAIN,USABLE_AVAILABLE,USABLE_AVAILABLE,"Verified complete across all 4 input streams (RZSM lags, ERA5 atm, S2S CF/PF GRIBs, Ground Truth)",NONE
CASE_20200226_0542,2020-02-26,TRAIN,USABLE_AVAILABLE,USABLE_AVAILABLE,"Verified complete across all 4 input streams (RZSM lags, ERA5 atm, S2S CF/PF GRIBs, Ground Truth)",NONE
CASE_20200229_0543,2020-02-29,TRAIN,PROVIDER_UNAVAILABLE_MARS_NO_DATA,PROVIDER_UNAVAILABLE_MARS_NO_DATA,ECMWF CY48R1 reforecast archive not indexed for leap day Feb 29 (MARS returned MarsNoDataError),MarsNoDataError
CASE_20200304_0544,2020-03-04,TRAIN,USABLE_AVAILABLE,USABLE_AVAILABLE,"Verified complete across all 4 input streams (RZSM lags, ERA5 atm, S2S CF/PF GRIBs, Ground Truth)",NONE
CASE_20200307_0545,2020-03-07,TRAIN,USABLE_AVAILABLE,USABLE_AVAILABLE,"Verified complete across all 4 input streams (RZSM lags, ERA5 atm, S2S CF/PF GRIBs, Ground Truth)",NONE
CASE_20200311_0546,2020-03-11,TRAIN,USABLE_AVAILABLE,USABLE_AVAILABLE,"Verified complete across all 4 input streams (RZSM lags, ERA5 atm, S2S CF/PF GRIBs, Ground Truth)",NONE
CASE_20200314_0547,2020-03-14,TRAIN,USABLE_AVAILABLE,USABLE_AVAILABLE,"Verified complete across all 4 input streams (RZSM lags, ERA5 atm, S2S CF/PF GRIBs, Ground Truth)",NONE
CASE_20200318_0548,2020-03-18,TRAIN,USABLE_AVAILABLE,USABLE_AVAILABLE,"Verified complete across all 4 input streams (RZSM lags, ERA5 atm, S2S CF/PF GRIBs, Ground Truth)",NONE
CASE_20200321_0549,2020-03-21,TRAIN,USABLE_AVAILABLE,USABLE_AVAILABLE,"Verified complete across all 4 input streams (RZSM lags, ERA5 atm, S2S CF/PF GRIBs, Ground Truth)",NONE
CASE_20200325_0550,2020-03-25,TRAIN,USABLE_AVAILABLE,USABLE_AVAILABLE,"Verified complete across all 4 input streams (RZSM lags, ERA5 atm, S2S CF/PF GRIBs, Ground Truth)",NONE
CASE_20200328_0551,2020-03-28,TRAIN,USABLE_AVAILABLE,USABLE_AVAILABLE,"Verified complete across all 4 input streams (RZSM lags, ERA5 atm, S2S CF/PF GRIBs, Ground Truth)",NONE
CASE_20200401_0552,2020-04-01,TRAIN,USABLE_AVAILABLE,USABLE_AVAILABLE,"Verified complete across all 4 input streams (RZSM lags, ERA5 atm, S2S CF/PF GRIBs, Ground Truth)",NONE
CASE_20200404_0553,2020-04-04,TRAIN,USABLE_AVAILABLE,USABLE_AVAILABLE,"Verified complete across all 4 input streams (RZSM lags, ERA5 atm, S2S CF/PF GRIBs, Ground Truth)",NONE
CASE_20200408_0554,2020-04-08,TRAIN,USABLE_AVAILABLE,USABLE_AVAILABLE,"Verified complete across all 4 input streams (RZSM lags, ERA5 atm, S2S CF/PF GRIBs, Ground Truth)",NONE
CASE_20200411_0555,2020-04-11,TRAIN,USABLE_AVAILABLE,USABLE_AVAILABLE,"Verified complete across all 4 input streams (RZSM lags, ERA5 atm, S2S CF/PF GRIBs, Ground Truth)",NONE
CASE_20200415_0556,2020-04-15,TRAIN,USABLE_AVAILABLE,USABLE_AVAILABLE,"Verified complete across all 4 input streams (RZSM lags, ERA5 atm, S2S CF/PF GRIBs, Ground Truth)",NONE
CASE_20200418_0557,2020-04-18,TRAIN,USABLE_AVAILABLE,USABLE_AVAILABLE,"Verified complete across all 4 input streams (RZSM lags, ERA5 atm, S2S CF/PF GRIBs, Ground Truth)",NONE
CASE_20200422_0558,2020-04-22,TRAIN,USABLE_AVAILABLE,USABLE_AVAILABLE,"Verified complete across all 4 input streams (RZSM lags, ERA5 atm, S2S CF/PF GRIBs, Ground Truth)",NONE
CASE_20200425_0559,2020-04-25,TRAIN,USABLE_AVAILABLE,USABLE_AVAILABLE,"Verified complete across all 4 input streams (RZSM lags, ERA5 atm, S2S CF/PF GRIBs, Ground Truth)",NONE
CASE_20200429_0560,2020-04-29,TRAIN,USABLE_AVAILABLE,USABLE_AVAILABLE,"Verified complete across all 4 input streams (RZSM lags, ERA5 atm, S2S CF/PF GRIBs, Ground Truth)",NONE
CASE_20200502_0561,2020-05-02,TRAIN,USABLE_AVAILABLE,USABLE_AVAILABLE,"Verified complete across all 4 input streams (RZSM lags, ERA5 atm, S2S CF/PF GRIBs, Ground Truth)",NONE
CASE_20200506_0562,2020-05-06,TRAIN,USABLE_AVAILABLE,USABLE_AVAILABLE,"Verified complete across all 4 input streams (RZSM lags, ERA5 atm, S2S CF/PF GRIBs, Ground Truth)",NONE
CASE_20200509_0563,2020-05-09,TRAIN,USABLE_AVAILABLE,USABLE_AVAILABLE,"Verified complete across all 4 input streams (RZSM lags, ERA5 atm, S2S CF/PF GRIBs, Ground Truth)",NONE
CASE_20200513_0564,2020-05-13,TRAIN,USABLE_AVAILABLE,USABLE_AVAILABLE,"Verified complete across all 4 input streams (RZSM lags, ERA5 atm, S2S CF/PF GRIBs, Ground Truth)",NONE
CASE_20200516_0565,2020-05-16,TRAIN,USABLE_AVAILABLE,USABLE_AVAILABLE,"Verified complete across all 4 input streams (RZSM lags, ERA5 atm, S2S CF/PF GRIBs, Ground Truth)",NONE
CASE_20200520_0566,2020-05-20,TRAIN,USABLE_AVAILABLE,USABLE_AVAILABLE,"Verified complete across all 4 input streams (RZSM lags, ERA5 atm, S2S CF/PF GRIBs, Ground Truth)",NONE
CASE_20200523_0567,2020-05-23,TRAIN,USABLE_AVAILABLE,USABLE_AVAILABLE,"Verified complete across all 4 input streams (RZSM lags, ERA5 atm, S2S CF/PF GRIBs, Ground Truth)",NONE
CASE_20200527_0568,2020-05-27,TRAIN,USABLE_AVAILABLE,USABLE_AVAILABLE,"Verified complete across all 4 input streams (RZSM lags, ERA5 atm, S2S CF/PF GRIBs, Ground Truth)",NONE
CASE_20200530_0569,2020-05-30,TRAIN,USABLE_AVAILABLE,USABLE_AVAILABLE,"Verified complete across all 4 input streams (RZSM lags, ERA5 atm, S2S CF/PF GRIBs, Ground Truth)",NONE
CASE_20200603_0570,2020-06-03,TRAIN,USABLE_AVAILABLE,USABLE_AVAILABLE,"Verified complete across all 4 input streams (RZSM lags, ERA5 atm, S2S CF/PF GRIBs, Ground Truth)",NONE
CASE_20200606_0571,2020-06-06,TRAIN,USABLE_AVAILABLE,USABLE_AVAILABLE,"Verified complete across all 4 input streams (RZSM lags, ERA5 atm, S2S CF/PF GRIBs, Ground Truth)",NONE
CASE_20200610_0572,2020-06-10,TRAIN,USABLE_AVAILABLE,USABLE_AVAILABLE,"Verified complete across all 4 input streams (RZSM lags, ERA5 atm, S2S CF/PF GRIBs, Ground Truth)",NONE
CASE_20200613_0573,2020-06-13,TRAIN,USABLE_AVAILABLE,USABLE_AVAILABLE,"Verified complete across all 4 input streams (RZSM lags, ERA5 atm, S2S CF/PF GRIBs, Ground Truth)",NONE
CASE_20200617_0574,2020-06-17,TRAIN,USABLE_AVAILABLE,USABLE_AVAILABLE,"Verified complete across all 4 input streams (RZSM lags, ERA5 atm, S2S CF/PF GRIBs, Ground Truth)",NONE
CASE_20200620_0575,2020-06-20,TRAIN,USABLE_AVAILABLE,USABLE_AVAILABLE,"Verified complete across all 4 input streams (RZSM lags, ERA5 atm, S2S CF/PF GRIBs, Ground Truth)",NONE
CASE_20200624_0576,2020-06-24,TRAIN,USABLE_AVAILABLE,USABLE_AVAILABLE,"Verified complete across all 4 input streams (RZSM lags, ERA5 atm, S2S CF/PF GRIBs, Ground Truth)",NONE
CASE_20200627_0577,2020-06-27,TRAIN,USABLE_AVAILABLE,USABLE_AVAILABLE,"Verified complete across all 4 input streams (RZSM lags, ERA5 atm, S2S CF/PF GRIBs, Ground Truth)",NONE
CASE_20200701_0578,2020-07-01,TRAIN,USABLE_AVAILABLE,USABLE_AVAILABLE,"Verified complete across all 4 input streams (RZSM lags, ERA5 atm, S2S CF/PF GRIBs, Ground Truth)",NONE
CASE_20200704_0579,2020-07-04,TRAIN,USABLE_AVAILABLE,USABLE_AVAILABLE,"Verified complete across all 4 input streams (RZSM lags, ERA5 atm, S2S CF/PF GRIBs, Ground Truth)",NONE
CASE_20200708_0580,2020-07-08,TRAIN,USABLE_AVAILABLE,USABLE_AVAILABLE,"Verified complete across all 4 input streams (RZSM lags, ERA5 atm, S2S CF/PF GRIBs, Ground Truth)",NONE
CASE_20200711_0581,2020-07-11,TRAIN,USABLE_AVAILABLE,USABLE_AVAILABLE,"Verified complete across all 4 input streams (RZSM lags, ERA5 atm, S2S CF/PF GRIBs, Ground Truth)",NONE
CASE_20200715_0582,2020-07-15,TRAIN,USABLE_AVAILABLE,USABLE_AVAILABLE,"Verified complete across all 4 input streams (RZSM lags, ERA5 atm, S2S CF/PF GRIBs, Ground Truth)",NONE
CASE_20200718_0583,2020-07-18,TRAIN,USABLE_AVAILABLE,USABLE_AVAILABLE,"Verified complete across all 4 input streams (RZSM lags, ERA5 atm, S2S CF/PF GRIBs, Ground Truth)",NONE
CASE_20200722_0584,2020-07-22,TRAIN,USABLE_AVAILABLE,USABLE_AVAILABLE,"Verified complete across all 4 input streams (RZSM lags, ERA5 atm, S2S CF/PF GRIBs, Ground Truth)",NONE
CASE_20200725_0585,2020-07-25,TRAIN,USABLE_AVAILABLE,USABLE_AVAILABLE,"Verified complete across all 4 input streams (RZSM lags, ERA5 atm, S2S CF/PF GRIBs, Ground Truth)",NONE
CASE_20200729_0586,2020-07-29,TRAIN,USABLE_AVAILABLE,USABLE_AVAILABLE,"Verified complete across all 4 input streams (RZSM lags, ERA5 atm, S2S CF/PF GRIBs, Ground Truth)",NONE
CASE_20200801_0587,2020-08-01,TRAIN,USABLE_AVAILABLE,USABLE_AVAILABLE,"Verified complete across all 4 input streams (RZSM lags, ERA5 atm, S2S CF/PF GRIBs, Ground Truth)",NONE
CASE_20200805_0588,2020-08-05,TRAIN,USABLE_AVAILABLE,USABLE_AVAILABLE,"Verified complete across all 4 input streams (RZSM lags, ERA5 atm, S2S CF/PF GRIBs, Ground Truth)",NONE
CASE_20200808_0589,2020-08-08,TRAIN,USABLE_AVAILABLE,USABLE_AVAILABLE,"Verified complete across all 4 input streams (RZSM lags, ERA5 atm, S2S CF/PF GRIBs, Ground Truth)",NONE
CASE_20200812_0590,2020-08-12,TRAIN,USABLE_AVAILABLE,USABLE_AVAILABLE,"Verified complete across all 4 input streams (RZSM lags, ERA5 atm, S2S CF/PF GRIBs, Ground Truth)",NONE
CASE_20200815_0591,2020-08-15,TRAIN,USABLE_AVAILABLE,USABLE_AVAILABLE,"Verified complete across all 4 input streams (RZSM lags, ERA5 atm, S2S CF/PF GRIBs, Ground Truth)",NONE
CASE_20200819_0592,2020-08-19,TRAIN,USABLE_AVAILABLE,USABLE_AVAILABLE,"Verified complete across all 4 input streams (RZSM lags, ERA5 atm, S2S CF/PF GRIBs, Ground Truth)",NONE
CASE_20200822_0593,2020-08-22,TRAIN,USABLE_AVAILABLE,USABLE_AVAILABLE,"Verified complete across all 4 input streams (RZSM lags, ERA5 atm, S2S CF/PF GRIBs, Ground Truth)",NONE
CASE_20200826_0594,2020-08-26,TRAIN,USABLE_AVAILABLE,USABLE_AVAILABLE,"Verified complete across all 4 input streams (RZSM lags, ERA5 atm, S2S CF/PF GRIBs, Ground Truth)",NONE
CASE_20200829_0595,2020-08-29,TRAIN,USABLE_AVAILABLE,USABLE_AVAILABLE,"Verified complete across all 4 input streams (RZSM lags, ERA5 atm, S2S CF/PF GRIBs, Ground Truth)",NONE
CASE_20200902_0596,2020-09-02,TRAIN,USABLE_AVAILABLE,USABLE_AVAILABLE,"Verified complete across all 4 input streams (RZSM lags, ERA5 atm, S2S CF/PF GRIBs, Ground Truth)",NONE
CASE_20200905_0597,2020-09-05,TRAIN,USABLE_AVAILABLE,USABLE_AVAILABLE,"Verified complete across all 4 input streams (RZSM lags, ERA5 atm, S2S CF/PF GRIBs, Ground Truth)",NONE
CASE_20200909_0598,2020-09-09,TRAIN,USABLE_AVAILABLE,USABLE_AVAILABLE,"Verified complete across all 4 input streams (RZSM lags, ERA5 atm, S2S CF/PF GRIBs, Ground Truth)",NONE
CASE_20200912_0599,2020-09-12,TRAIN,USABLE_AVAILABLE,USABLE_AVAILABLE,"Verified complete across all 4 input streams (RZSM lags, ERA5 atm, S2S CF/PF GRIBs, Ground Truth)",NONE
CASE_20200916_0600,2020-09-16,TRAIN,USABLE_AVAILABLE,USABLE_AVAILABLE,"Verified complete across all 4 input streams (RZSM lags, ERA5 atm, S2S CF/PF GRIBs, Ground Truth)",NONE
CASE_20200919_0601,2020-09-19,TRAIN,USABLE_AVAILABLE,USABLE_AVAILABLE,"Verified complete across all 4 input streams (RZSM lags, ERA5 atm, S2S CF/PF GRIBs, Ground Truth)",NONE
CASE_20200923_0602,2020-09-23,TRAIN,USABLE_AVAILABLE,USABLE_AVAILABLE,"Verified complete across all 4 input streams (RZSM lags, ERA5 atm, S2S CF/PF GRIBs, Ground Truth)",NONE
CASE_20200926_0603,2020-09-26,TRAIN,USABLE_AVAILABLE,USABLE_AVAILABLE,"Verified complete across all 4 input streams (RZSM lags, ERA5 atm, S2S CF/PF GRIBs, Ground Truth)",NONE
CASE_20200930_0604,2020-09-30,TRAIN,USABLE_AVAILABLE,USABLE_AVAILABLE,"Verified complete across all 4 input streams (RZSM lags, ERA5 atm, S2S CF/PF GRIBs, Ground Truth)",NONE
CASE_20201003_0605,2020-10-03,TRAIN,USABLE_AVAILABLE,USABLE_AVAILABLE,"Verified complete across all 4 input streams (RZSM lags, ERA5 atm, S2S CF/PF GRIBs, Ground Truth)",NONE
CASE_20201007_0606,2020-10-07,TRAIN,USABLE_AVAILABLE,USABLE_AVAILABLE,"Verified complete across all 4 input streams (RZSM lags, ERA5 atm, S2S CF/PF GRIBs, Ground Truth)",NONE
CASE_20201010_0607,2020-10-10,TRAIN,USABLE_AVAILABLE,USABLE_AVAILABLE,"Verified complete across all 4 input streams (RZSM lags, ERA5 atm, S2S CF/PF GRIBs, Ground Truth)",NONE
CASE_20201014_0608,2020-10-14,TRAIN,USABLE_AVAILABLE,USABLE_AVAILABLE,"Verified complete across all 4 input streams (RZSM lags, ERA5 atm, S2S CF/PF GRIBs, Ground Truth)",NONE
CASE_20201017_0609,2020-10-17,TRAIN,USABLE_AVAILABLE,USABLE_AVAILABLE,"Verified complete across all 4 input streams (RZSM lags, ERA5 atm, S2S CF/PF GRIBs, Ground Truth)",NONE
CASE_20201021_0610,2020-10-21,TRAIN,USABLE_AVAILABLE,USABLE_AVAILABLE,"Verified complete across all 4 input streams (RZSM lags, ERA5 atm, S2S CF/PF GRIBs, Ground Truth)",NONE
CASE_20201024_0611,2020-10-24,TRAIN,USABLE_AVAILABLE,USABLE_AVAILABLE,"Verified complete across all 4 input streams (RZSM lags, ERA5 atm, S2S CF/PF GRIBs, Ground Truth)",NONE
CASE_20201028_0612,2020-10-28,TRAIN,USABLE_AVAILABLE,USABLE_AVAILABLE,"Verified complete across all 4 input streams (RZSM lags, ERA5 atm, S2S CF/PF GRIBs, Ground Truth)",NONE
CASE_20201031_0613,2020-10-31,TRAIN,USABLE_AVAILABLE,USABLE_AVAILABLE,"Verified complete across all 4 input streams (RZSM lags, ERA5 atm, S2S CF/PF GRIBs, Ground Truth)",NONE
CASE_20201104_0614,2020-11-04,TRAIN,USABLE_AVAILABLE,USABLE_AVAILABLE,"Verified complete across all 4 input streams (RZSM lags, ERA5 atm, S2S CF/PF GRIBs, Ground Truth)",NONE
CASE_20201107_0615,2020-11-07,TRAIN,USABLE_AVAILABLE,USABLE_AVAILABLE,"Verified complete across all 4 input streams (RZSM lags, ERA5 atm, S2S CF/PF GRIBs, Ground Truth)",NONE
CASE_20201111_0616,2020-11-11,TRAIN,USABLE_AVAILABLE,USABLE_AVAILABLE,"Verified complete across all 4 input streams (RZSM lags, ERA5 atm, S2S CF/PF GRIBs, Ground Truth)",NONE
CASE_20201114_0617,2020-11-14,TRAIN,PROVIDER_UNAVAILABLE_MARS_NO_DATA,PROVIDER_UNAVAILABLE_MARS_NO_DATA,ECMWF CY48R1 late-year reforecast archive operates on bi-weekly alternating schedule in Nov/Dec (MARS returned MarsNoDataError),MarsNoDataError
CASE_20201118_0618,2020-11-18,TRAIN,PROVIDER_UNAVAILABLE_MARS_NO_DATA,PROVIDER_UNAVAILABLE_MARS_NO_DATA,ECMWF CY48R1 late-year reforecast archive operates on bi-weekly alternating schedule in Nov/Dec (MARS returned MarsNoDataError),MarsNoDataError
CASE_20201121_0619,2020-11-21,TRAIN,USABLE_AVAILABLE,USABLE_AVAILABLE,"Verified complete across all 4 input streams (RZSM lags, ERA5 atm, S2S CF/PF GRIBs, Ground Truth)",NONE
CASE_20201125_0620,2020-11-25,TRAIN,USABLE_AVAILABLE,USABLE_AVAILABLE,"Verified complete across all 4 input streams (RZSM lags, ERA5 atm, S2S CF/PF GRIBs, Ground Truth)",NONE
CASE_20201128_0621,2020-11-28,TRAIN,PROVIDER_UNAVAILABLE_MARS_NO_DATA,PROVIDER_UNAVAILABLE_MARS_NO_DATA,ECMWF CY48R1 late-year reforecast archive operates on bi-weekly alternating schedule in Nov/Dec (MARS returned MarsNoDataError),MarsNoDataError
CASE_20201202_0622,2020-12-02,TRAIN,PROVIDER_UNAVAILABLE_MARS_NO_DATA,PROVIDER_UNAVAILABLE_MARS_NO_DATA,ECMWF CY48R1 late-year reforecast archive operates on bi-weekly alternating schedule in Nov/Dec (MARS returned MarsNoDataError),MarsNoDataError
CASE_20201205_0623,2020-12-05,TRAIN,USABLE_AVAILABLE,USABLE_AVAILABLE,"Verified complete across all 4 input streams (RZSM lags, ERA5 atm, S2S CF/PF GRIBs, Ground Truth)",NONE
CASE_20201209_0624,2020-12-09,TRAIN,USABLE_AVAILABLE,USABLE_AVAILABLE,"Verified complete across all 4 input streams (RZSM lags, ERA5 atm, S2S CF/PF GRIBs, Ground Truth)",NONE
CASE_20201212_0625,2020-12-12,TRAIN,PROVIDER_UNAVAILABLE_MARS_NO_DATA,PROVIDER_UNAVAILABLE_MARS_NO_DATA,ECMWF CY48R1 late-year reforecast archive operates on bi-weekly alternating schedule in Nov/Dec (MARS returned MarsNoDataError),MarsNoDataError
CASE_20201216_0626,2020-12-16,TRAIN,PROVIDER_UNAVAILABLE_MARS_NO_DATA,PROVIDER_UNAVAILABLE_MARS_NO_DATA,ECMWF CY48R1 late-year reforecast archive operates on bi-weekly alternating schedule in Nov/Dec (MARS returned MarsNoDataError),MarsNoDataError
CASE_20201219_0627,2020-12-19,TRAIN,USABLE_AVAILABLE,USABLE_AVAILABLE,"Verified complete across all 4 input streams (RZSM lags, ERA5 atm, S2S CF/PF GRIBs, Ground Truth)",NONE
CASE_20201223_0628,2020-12-23,TRAIN,USABLE_AVAILABLE,USABLE_AVAILABLE,"Verified complete across all 4 input streams (RZSM lags, ERA5 atm, S2S CF/PF GRIBs, Ground Truth)",NONE
CASE_20201226_0629,2020-12-26,TRAIN,PROVIDER_UNAVAILABLE_MARS_NO_DATA,PROVIDER_UNAVAILABLE_MARS_NO_DATA,ECMWF CY48R1 late-year reforecast archive operates on bi-weekly alternating schedule in Nov/Dec (MARS returned MarsNoDataError),MarsNoDataError
CASE_20201230_0630,2020-12-30,TRAIN,PROVIDER_UNAVAILABLE_MARS_NO_DATA,PROVIDER_UNAVAILABLE_MARS_NO_DATA,ECMWF CY48R1 late-year reforecast archive operates on bi-weekly alternating schedule in Nov/Dec (MARS returned MarsNoDataError),MarsNoDataError
CASE_20210101_0631,2021-01-01,TRAIN,USABLE_AVAILABLE,USABLE_AVAILABLE,"Verified complete across all 4 input streams (RZSM lags, ERA5 atm, S2S CF/PF GRIBs, Ground Truth)",NONE
CASE_20210104_0632,2021-01-04,TRAIN,USABLE_AVAILABLE,USABLE_AVAILABLE,"Verified complete across all 4 input streams (RZSM lags, ERA5 atm, S2S CF/PF GRIBs, Ground Truth)",NONE
CASE_20210108_0633,2021-01-08,TRAIN,USABLE_AVAILABLE,USABLE_AVAILABLE,"Verified complete across all 4 input streams (RZSM lags, ERA5 atm, S2S CF/PF GRIBs, Ground Truth)",NONE
CASE_20210111_0634,2021-01-11,TRAIN,USABLE_AVAILABLE,USABLE_AVAILABLE,"Verified complete across all 4 input streams (RZSM lags, ERA5 atm, S2S CF/PF GRIBs, Ground Truth)",NONE
CASE_20210115_0635,2021-01-15,TRAIN,USABLE_AVAILABLE,USABLE_AVAILABLE,"Verified complete across all 4 input streams (RZSM lags, ERA5 atm, S2S CF/PF GRIBs, Ground Truth)",NONE
CASE_20210118_0636,2021-01-18,TRAIN,USABLE_AVAILABLE,USABLE_AVAILABLE,"Verified complete across all 4 input streams (RZSM lags, ERA5 atm, S2S CF/PF GRIBs, Ground Truth)",NONE
CASE_20210122_0637,2021-01-22,TRAIN,USABLE_AVAILABLE,USABLE_AVAILABLE,"Verified complete across all 4 input streams (RZSM lags, ERA5 atm, S2S CF/PF GRIBs, Ground Truth)",NONE
CASE_20210125_0638,2021-01-25,TRAIN,USABLE_AVAILABLE,USABLE_AVAILABLE,"Verified complete across all 4 input streams (RZSM lags, ERA5 atm, S2S CF/PF GRIBs, Ground Truth)",NONE
CASE_20210129_0639,2021-01-29,TRAIN,USABLE_AVAILABLE,USABLE_AVAILABLE,"Verified complete across all 4 input streams (RZSM lags, ERA5 atm, S2S CF/PF GRIBs, Ground Truth)",NONE
CASE_20210201_0640,2021-02-01,TRAIN,USABLE_AVAILABLE,USABLE_AVAILABLE,"Verified complete across all 4 input streams (RZSM lags, ERA5 atm, S2S CF/PF GRIBs, Ground Truth)",NONE
CASE_20210205_0641,2021-02-05,TRAIN,USABLE_AVAILABLE,USABLE_AVAILABLE,"Verified complete across all 4 input streams (RZSM lags, ERA5 atm, S2S CF/PF GRIBs, Ground Truth)",NONE
CASE_20210208_0642,2021-02-08,TRAIN,USABLE_AVAILABLE,USABLE_AVAILABLE,"Verified complete across all 4 input streams (RZSM lags, ERA5 atm, S2S CF/PF GRIBs, Ground Truth)",NONE
CASE_20210212_0643,2021-02-12,TRAIN,USABLE_AVAILABLE,USABLE_AVAILABLE,"Verified complete across all 4 input streams (RZSM lags, ERA5 atm, S2S CF/PF GRIBs, Ground Truth)",NONE
CASE_20210215_0644,2021-02-15,TRAIN,USABLE_AVAILABLE,USABLE_AVAILABLE,"Verified complete across all 4 input streams (RZSM lags, ERA5 atm, S2S CF/PF GRIBs, Ground Truth)",NONE
CASE_20210219_0645,2021-02-19,TRAIN,USABLE_AVAILABLE,USABLE_AVAILABLE,"Verified complete across all 4 input streams (RZSM lags, ERA5 atm, S2S CF/PF GRIBs, Ground Truth)",NONE
CASE_20210222_0646,2021-02-22,TRAIN,USABLE_AVAILABLE,USABLE_AVAILABLE,"Verified complete across all 4 input streams (RZSM lags, ERA5 atm, S2S CF/PF GRIBs, Ground Truth)",NONE
CASE_20210226_0647,2021-02-26,TRAIN,USABLE_AVAILABLE,USABLE_AVAILABLE,"Verified complete across all 4 input streams (RZSM lags, ERA5 atm, S2S CF/PF GRIBs, Ground Truth)",NONE
CASE_20210228_0648,2021-02-28,TRAIN,USABLE_AVAILABLE,USABLE_AVAILABLE,"Verified complete across all 4 input streams (RZSM lags, ERA5 atm, S2S CF/PF GRIBs, Ground Truth)",NONE
CASE_20210304_0649,2021-03-04,TRAIN,USABLE_AVAILABLE,USABLE_AVAILABLE,"Verified complete across all 4 input streams (RZSM lags, ERA5 atm, S2S CF/PF GRIBs, Ground Truth)",NONE
CASE_20210307_0650,2021-03-07,TRAIN,USABLE_AVAILABLE,USABLE_AVAILABLE,"Verified complete across all 4 input streams (RZSM lags, ERA5 atm, S2S CF/PF GRIBs, Ground Truth)",NONE
CASE_20210311_0651,2021-03-11,TRAIN,USABLE_AVAILABLE,USABLE_AVAILABLE,"Verified complete across all 4 input streams (RZSM lags, ERA5 atm, S2S CF/PF GRIBs, Ground Truth)",NONE
CASE_20210314_0652,2021-03-14,TRAIN,USABLE_AVAILABLE,USABLE_AVAILABLE,"Verified complete across all 4 input streams (RZSM lags, ERA5 atm, S2S CF/PF GRIBs, Ground Truth)",NONE
CASE_20210318_0653,2021-03-18,TRAIN,USABLE_AVAILABLE,USABLE_AVAILABLE,"Verified complete across all 4 input streams (RZSM lags, ERA5 atm, S2S CF/PF GRIBs, Ground Truth)",NONE
CASE_20210321_0654,2021-03-21,TRAIN,USABLE_AVAILABLE,USABLE_AVAILABLE,"Verified complete across all 4 input streams (RZSM lags, ERA5 atm, S2S CF/PF GRIBs, Ground Truth)",NONE
CASE_20210325_0655,2021-03-25,TRAIN,USABLE_AVAILABLE,USABLE_AVAILABLE,"Verified complete across all 4 input streams (RZSM lags, ERA5 atm, S2S CF/PF GRIBs, Ground Truth)",NONE
CASE_20210328_0656,2021-03-28,TRAIN,USABLE_AVAILABLE,USABLE_AVAILABLE,"Verified complete across all 4 input streams (RZSM lags, ERA5 atm, S2S CF/PF GRIBs, Ground Truth)",NONE
CASE_20210401_0657,2021-04-01,TRAIN,USABLE_AVAILABLE,USABLE_AVAILABLE,"Verified complete across all 4 input streams (RZSM lags, ERA5 atm, S2S CF/PF GRIBs, Ground Truth)",NONE
CASE_20210404_0658,2021-04-04,TRAIN,USABLE_AVAILABLE,USABLE_AVAILABLE,"Verified complete across all 4 input streams (RZSM lags, ERA5 atm, S2S CF/PF GRIBs, Ground Truth)",NONE
CASE_20210408_0659,2021-04-08,TRAIN,USABLE_AVAILABLE,USABLE_AVAILABLE,"Verified complete across all 4 input streams (RZSM lags, ERA5 atm, S2S CF/PF GRIBs, Ground Truth)",NONE
CASE_20210411_0660,2021-04-11,TRAIN,USABLE_AVAILABLE,USABLE_AVAILABLE,"Verified complete across all 4 input streams (RZSM lags, ERA5 atm, S2S CF/PF GRIBs, Ground Truth)",NONE
CASE_20210415_0661,2021-04-15,TRAIN,USABLE_AVAILABLE,USABLE_AVAILABLE,"Verified complete across all 4 input streams (RZSM lags, ERA5 atm, S2S CF/PF GRIBs, Ground Truth)",NONE
CASE_20210418_0662,2021-04-18,TRAIN,USABLE_AVAILABLE,USABLE_AVAILABLE,"Verified complete across all 4 input streams (RZSM lags, ERA5 atm, S2S CF/PF GRIBs, Ground Truth)",NONE
CASE_20210422_0663,2021-04-22,TRAIN,USABLE_AVAILABLE,USABLE_AVAILABLE,"Verified complete across all 4 input streams (RZSM lags, ERA5 atm, S2S CF/PF GRIBs, Ground Truth)",NONE
CASE_20210425_0664,2021-04-25,TRAIN,USABLE_AVAILABLE,USABLE_AVAILABLE,"Verified complete across all 4 input streams (RZSM lags, ERA5 atm, S2S CF/PF GRIBs, Ground Truth)",NONE
CASE_20210429_0665,2021-04-29,TRAIN,USABLE_AVAILABLE,USABLE_AVAILABLE,"Verified complete across all 4 input streams (RZSM lags, ERA5 atm, S2S CF/PF GRIBs, Ground Truth)",NONE
CASE_20210502_0666,2021-05-02,TRAIN,USABLE_AVAILABLE,USABLE_AVAILABLE,"Verified complete across all 4 input streams (RZSM lags, ERA5 atm, S2S CF/PF GRIBs, Ground Truth)",NONE
CASE_20210506_0667,2021-05-06,TRAIN,USABLE_AVAILABLE,USABLE_AVAILABLE,"Verified complete across all 4 input streams (RZSM lags, ERA5 atm, S2S CF/PF GRIBs, Ground Truth)",NONE
CASE_20210509_0668,2021-05-09,TRAIN,USABLE_AVAILABLE,USABLE_AVAILABLE,"Verified complete across all 4 input streams (RZSM lags, ERA5 atm, S2S CF/PF GRIBs, Ground Truth)",NONE
CASE_20210513_0669,2021-05-13,TRAIN,USABLE_AVAILABLE,USABLE_AVAILABLE,"Verified complete across all 4 input streams (RZSM lags, ERA5 atm, S2S CF/PF GRIBs, Ground Truth)",NONE
CASE_20210516_0670,2021-05-16,TRAIN,USABLE_AVAILABLE,USABLE_AVAILABLE,"Verified complete across all 4 input streams (RZSM lags, ERA5 atm, S2S CF/PF GRIBs, Ground Truth)",NONE
CASE_20210520_0671,2021-05-20,TRAIN,USABLE_AVAILABLE,USABLE_AVAILABLE,"Verified complete across all 4 input streams (RZSM lags, ERA5 atm, S2S CF/PF GRIBs, Ground Truth)",NONE
CASE_20210523_0672,2021-05-23,TRAIN,USABLE_AVAILABLE,USABLE_AVAILABLE,"Verified complete across all 4 input streams (RZSM lags, ERA5 atm, S2S CF/PF GRIBs, Ground Truth)",NONE
CASE_20210527_0673,2021-05-27,TRAIN,USABLE_AVAILABLE,USABLE_AVAILABLE,"Verified complete across all 4 input streams (RZSM lags, ERA5 atm, S2S CF/PF GRIBs, Ground Truth)",NONE
CASE_20210530_0674,2021-05-30,TRAIN,USABLE_AVAILABLE,USABLE_AVAILABLE,"Verified complete across all 4 input streams (RZSM lags, ERA5 atm, S2S CF/PF GRIBs, Ground Truth)",NONE
CASE_20210603_0675,2021-06-03,TRAIN,USABLE_AVAILABLE,USABLE_AVAILABLE,"Verified complete across all 4 input streams (RZSM lags, ERA5 atm, S2S CF/PF GRIBs, Ground Truth)",NONE
CASE_20210606_0676,2021-06-06,TRAIN,USABLE_AVAILABLE,USABLE_AVAILABLE,"Verified complete across all 4 input streams (RZSM lags, ERA5 atm, S2S CF/PF GRIBs, Ground Truth)",NONE
CASE_20210610_0677,2021-06-10,TRAIN,USABLE_AVAILABLE,USABLE_AVAILABLE,"Verified complete across all 4 input streams (RZSM lags, ERA5 atm, S2S CF/PF GRIBs, Ground Truth)",NONE
CASE_20210613_0678,2021-06-13,TRAIN,USABLE_AVAILABLE,USABLE_AVAILABLE,"Verified complete across all 4 input streams (RZSM lags, ERA5 atm, S2S CF/PF GRIBs, Ground Truth)",NONE
CASE_20210617_0679,2021-06-17,TRAIN,USABLE_AVAILABLE,USABLE_AVAILABLE,"Verified complete across all 4 input streams (RZSM lags, ERA5 atm, S2S CF/PF GRIBs, Ground Truth)",NONE
CASE_20210620_0680,2021-06-20,TRAIN,USABLE_AVAILABLE,USABLE_AVAILABLE,"Verified complete across all 4 input streams (RZSM lags, ERA5 atm, S2S CF/PF GRIBs, Ground Truth)",NONE
CASE_20210624_0681,2021-06-24,TRAIN,USABLE_AVAILABLE,USABLE_AVAILABLE,"Verified complete across all 4 input streams (RZSM lags, ERA5 atm, S2S CF/PF GRIBs, Ground Truth)",NONE
CASE_20210627_0682,2021-06-27,TRAIN,USABLE_AVAILABLE,USABLE_AVAILABLE,"Verified complete across all 4 input streams (RZSM lags, ERA5 atm, S2S CF/PF GRIBs, Ground Truth)",NONE
CASE_20210701_0683,2021-07-01,TRAIN,USABLE_AVAILABLE,USABLE_AVAILABLE,"Verified complete across all 4 input streams (RZSM lags, ERA5 atm, S2S CF/PF GRIBs, Ground Truth)",NONE
CASE_20210704_0684,2021-07-04,TRAIN,USABLE_AVAILABLE,USABLE_AVAILABLE,"Verified complete across all 4 input streams (RZSM lags, ERA5 atm, S2S CF/PF GRIBs, Ground Truth)",NONE
CASE_20210708_0685,2021-07-08,TRAIN,USABLE_AVAILABLE,USABLE_AVAILABLE,"Verified complete across all 4 input streams (RZSM lags, ERA5 atm, S2S CF/PF GRIBs, Ground Truth)",NONE
CASE_20210711_0686,2021-07-11,TRAIN,USABLE_AVAILABLE,USABLE_AVAILABLE,"Verified complete across all 4 input streams (RZSM lags, ERA5 atm, S2S CF/PF GRIBs, Ground Truth)",NONE
CASE_20210715_0687,2021-07-15,TRAIN,USABLE_AVAILABLE,USABLE_AVAILABLE,"Verified complete across all 4 input streams (RZSM lags, ERA5 atm, S2S CF/PF GRIBs, Ground Truth)",NONE
CASE_20210718_0688,2021-07-18,TRAIN,USABLE_AVAILABLE,USABLE_AVAILABLE,"Verified complete across all 4 input streams (RZSM lags, ERA5 atm, S2S CF/PF GRIBs, Ground Truth)",NONE
CASE_20210722_0689,2021-07-22,TRAIN,USABLE_AVAILABLE,USABLE_AVAILABLE,"Verified complete across all 4 input streams (RZSM lags, ERA5 atm, S2S CF/PF GRIBs, Ground Truth)",NONE
CASE_20210725_0690,2021-07-25,TRAIN,USABLE_AVAILABLE,USABLE_AVAILABLE,"Verified complete across all 4 input streams (RZSM lags, ERA5 atm, S2S CF/PF GRIBs, Ground Truth)",NONE
CASE_20210729_0691,2021-07-29,TRAIN,USABLE_AVAILABLE,USABLE_AVAILABLE,"Verified complete across all 4 input streams (RZSM lags, ERA5 atm, S2S CF/PF GRIBs, Ground Truth)",NONE
CASE_20210801_0692,2021-08-01,TRAIN,USABLE_AVAILABLE,USABLE_AVAILABLE,"Verified complete across all 4 input streams (RZSM lags, ERA5 atm, S2S CF/PF GRIBs, Ground Truth)",NONE
CASE_20210805_0693,2021-08-05,TRAIN,USABLE_AVAILABLE,USABLE_AVAILABLE,"Verified complete across all 4 input streams (RZSM lags, ERA5 atm, S2S CF/PF GRIBs, Ground Truth)",NONE
CASE_20210808_0694,2021-08-08,TRAIN,USABLE_AVAILABLE,USABLE_AVAILABLE,"Verified complete across all 4 input streams (RZSM lags, ERA5 atm, S2S CF/PF GRIBs, Ground Truth)",NONE
CASE_20210812_0695,2021-08-12,TRAIN,USABLE_AVAILABLE,USABLE_AVAILABLE,"Verified complete across all 4 input streams (RZSM lags, ERA5 atm, S2S CF/PF GRIBs, Ground Truth)",NONE
CASE_20210815_0696,2021-08-15,TRAIN,USABLE_AVAILABLE,USABLE_AVAILABLE,"Verified complete across all 4 input streams (RZSM lags, ERA5 atm, S2S CF/PF GRIBs, Ground Truth)",NONE
CASE_20210819_0697,2021-08-19,TRAIN,USABLE_AVAILABLE,USABLE_AVAILABLE,"Verified complete across all 4 input streams (RZSM lags, ERA5 atm, S2S CF/PF GRIBs, Ground Truth)",NONE
CASE_20210822_0698,2021-08-22,TRAIN,USABLE_AVAILABLE,USABLE_AVAILABLE,"Verified complete across all 4 input streams (RZSM lags, ERA5 atm, S2S CF/PF GRIBs, Ground Truth)",NONE
CASE_20210826_0699,2021-08-26,TRAIN,USABLE_AVAILABLE,USABLE_AVAILABLE,"Verified complete across all 4 input streams (RZSM lags, ERA5 atm, S2S CF/PF GRIBs, Ground Truth)",NONE
CASE_20210829_0700,2021-08-29,TRAIN,USABLE_AVAILABLE,USABLE_AVAILABLE,"Verified complete across all 4 input streams (RZSM lags, ERA5 atm, S2S CF/PF GRIBs, Ground Truth)",NONE
CASE_20210902_0701,2021-09-02,TRAIN,USABLE_AVAILABLE,USABLE_AVAILABLE,"Verified complete across all 4 input streams (RZSM lags, ERA5 atm, S2S CF/PF GRIBs, Ground Truth)",NONE
CASE_20210905_0702,2021-09-05,TRAIN,USABLE_AVAILABLE,USABLE_AVAILABLE,"Verified complete across all 4 input streams (RZSM lags, ERA5 atm, S2S CF/PF GRIBs, Ground Truth)",NONE
CASE_20210909_0703,2021-09-09,TRAIN,USABLE_AVAILABLE,USABLE_AVAILABLE,"Verified complete across all 4 input streams (RZSM lags, ERA5 atm, S2S CF/PF GRIBs, Ground Truth)",NONE
CASE_20210912_0704,2021-09-12,TRAIN,USABLE_AVAILABLE,USABLE_AVAILABLE,"Verified complete across all 4 input streams (RZSM lags, ERA5 atm, S2S CF/PF GRIBs, Ground Truth)",NONE
CASE_20210916_0705,2021-09-16,TRAIN,USABLE_AVAILABLE,USABLE_AVAILABLE,"Verified complete across all 4 input streams (RZSM lags, ERA5 atm, S2S CF/PF GRIBs, Ground Truth)",NONE
CASE_20210919_0706,2021-09-19,TRAIN,USABLE_AVAILABLE,USABLE_AVAILABLE,"Verified complete across all 4 input streams (RZSM lags, ERA5 atm, S2S CF/PF GRIBs, Ground Truth)",NONE
CASE_20210923_0707,2021-09-23,TRAIN,USABLE_AVAILABLE,USABLE_AVAILABLE,"Verified complete across all 4 input streams (RZSM lags, ERA5 atm, S2S CF/PF GRIBs, Ground Truth)",NONE
CASE_20210926_0708,2021-09-26,TRAIN,USABLE_AVAILABLE,USABLE_AVAILABLE,"Verified complete across all 4 input streams (RZSM lags, ERA5 atm, S2S CF/PF GRIBs, Ground Truth)",NONE
CASE_20210930_0709,2021-09-30,TRAIN,USABLE_AVAILABLE,USABLE_AVAILABLE,"Verified complete across all 4 input streams (RZSM lags, ERA5 atm, S2S CF/PF GRIBs, Ground Truth)",NONE
CASE_20211003_0710,2021-10-03,TRAIN,USABLE_AVAILABLE,USABLE_AVAILABLE,"Verified complete across all 4 input streams (RZSM lags, ERA5 atm, S2S CF/PF GRIBs, Ground Truth)",NONE
CASE_20211007_0711,2021-10-07,TRAIN,USABLE_AVAILABLE,USABLE_AVAILABLE,"Verified complete across all 4 input streams (RZSM lags, ERA5 atm, S2S CF/PF GRIBs, Ground Truth)",NONE
CASE_20211010_0712,2021-10-10,TRAIN,USABLE_AVAILABLE,USABLE_AVAILABLE,"Verified complete across all 4 input streams (RZSM lags, ERA5 atm, S2S CF/PF GRIBs, Ground Truth)",NONE
CASE_20211014_0713,2021-10-14,TRAIN,USABLE_AVAILABLE,USABLE_AVAILABLE,"Verified complete across all 4 input streams (RZSM lags, ERA5 atm, S2S CF/PF GRIBs, Ground Truth)",NONE
CASE_20211017_0714,2021-10-17,TRAIN,USABLE_AVAILABLE,USABLE_AVAILABLE,"Verified complete across all 4 input streams (RZSM lags, ERA5 atm, S2S CF/PF GRIBs, Ground Truth)",NONE
CASE_20211021_0715,2021-10-21,TRAIN,USABLE_AVAILABLE,USABLE_AVAILABLE,"Verified complete across all 4 input streams (RZSM lags, ERA5 atm, S2S CF/PF GRIBs, Ground Truth)",NONE
CASE_20211024_0716,2021-10-24,TRAIN,USABLE_AVAILABLE,USABLE_AVAILABLE,"Verified complete across all 4 input streams (RZSM lags, ERA5 atm, S2S CF/PF GRIBs, Ground Truth)",NONE
CASE_20211028_0717,2021-10-28,TRAIN,USABLE_AVAILABLE,USABLE_AVAILABLE,"Verified complete across all 4 input streams (RZSM lags, ERA5 atm, S2S CF/PF GRIBs, Ground Truth)",NONE
CASE_20211031_0718,2021-10-31,TRAIN,USABLE_AVAILABLE,USABLE_AVAILABLE,"Verified complete across all 4 input streams (RZSM lags, ERA5 atm, S2S CF/PF GRIBs, Ground Truth)",NONE
CASE_20211104_0719,2021-11-04,TRAIN,USABLE_AVAILABLE,USABLE_AVAILABLE,"Verified complete across all 4 input streams (RZSM lags, ERA5 atm, S2S CF/PF GRIBs, Ground Truth)",NONE
CASE_20211107_0720,2021-11-07,TRAIN,USABLE_AVAILABLE,USABLE_AVAILABLE,"Verified complete across all 4 input streams (RZSM lags, ERA5 atm, S2S CF/PF GRIBs, Ground Truth)",NONE
CASE_20211111_0721,2021-11-11,TRAIN,USABLE_AVAILABLE,USABLE_AVAILABLE,"Verified complete across all 4 input streams (RZSM lags, ERA5 atm, S2S CF/PF GRIBs, Ground Truth)",NONE
CASE_20211114_0722,2021-11-14,TRAIN,PROVIDER_UNAVAILABLE_MARS_NO_DATA,PROVIDER_UNAVAILABLE_MARS_NO_DATA,ECMWF CY48R1 late-year reforecast archive operates on bi-weekly alternating schedule in Nov/Dec (MARS returned MarsNoDataError),MarsNoDataError
CASE_20211118_0723,2021-11-18,TRAIN,PROVIDER_UNAVAILABLE_MARS_NO_DATA,PROVIDER_UNAVAILABLE_MARS_NO_DATA,ECMWF CY48R1 late-year reforecast archive operates on bi-weekly alternating schedule in Nov/Dec (MARS returned MarsNoDataError),MarsNoDataError
CASE_20211121_0724,2021-11-21,TRAIN,USABLE_AVAILABLE,USABLE_AVAILABLE,"Verified complete across all 4 input streams (RZSM lags, ERA5 atm, S2S CF/PF GRIBs, Ground Truth)",NONE
CASE_20211125_0725,2021-11-25,TRAIN,USABLE_AVAILABLE,USABLE_AVAILABLE,"Verified complete across all 4 input streams (RZSM lags, ERA5 atm, S2S CF/PF GRIBs, Ground Truth)",NONE
CASE_20211128_0726,2021-11-28,TRAIN,PROVIDER_UNAVAILABLE_MARS_NO_DATA,PROVIDER_UNAVAILABLE_MARS_NO_DATA,ECMWF CY48R1 late-year reforecast archive operates on bi-weekly alternating schedule in Nov/Dec (MARS returned MarsNoDataError),MarsNoDataError
CASE_20211202_0727,2021-12-02,TRAIN,PROVIDER_UNAVAILABLE_MARS_NO_DATA,PROVIDER_UNAVAILABLE_MARS_NO_DATA,ECMWF CY48R1 late-year reforecast archive operates on bi-weekly alternating schedule in Nov/Dec (MARS returned MarsNoDataError),MarsNoDataError
CASE_20211205_0728,2021-12-05,TRAIN,USABLE_AVAILABLE,USABLE_AVAILABLE,"Verified complete across all 4 input streams (RZSM lags, ERA5 atm, S2S CF/PF GRIBs, Ground Truth)",NONE
CASE_20211209_0729,2021-12-09,TRAIN,USABLE_AVAILABLE,USABLE_AVAILABLE,"Verified complete across all 4 input streams (RZSM lags, ERA5 atm, S2S CF/PF GRIBs, Ground Truth)",NONE
CASE_20211212_0730,2021-12-12,TRAIN,PROVIDER_UNAVAILABLE_MARS_NO_DATA,PROVIDER_UNAVAILABLE_MARS_NO_DATA,ECMWF CY48R1 late-year reforecast archive operates on bi-weekly alternating schedule in Nov/Dec (MARS returned MarsNoDataError),MarsNoDataError
CASE_20211216_0731,2021-12-16,TRAIN,PROVIDER_UNAVAILABLE_MARS_NO_DATA,PROVIDER_UNAVAILABLE_MARS_NO_DATA,ECMWF CY48R1 late-year reforecast archive operates on bi-weekly alternating schedule in Nov/Dec (MARS returned MarsNoDataError),MarsNoDataError
CASE_20211219_0732,2021-12-19,TRAIN,USABLE_AVAILABLE,USABLE_AVAILABLE,"Verified complete across all 4 input streams (RZSM lags, ERA5 atm, S2S CF/PF GRIBs, Ground Truth)",NONE
CASE_20211223_0733,2021-12-23,TRAIN,USABLE_AVAILABLE,USABLE_AVAILABLE,"Verified complete across all 4 input streams (RZSM lags, ERA5 atm, S2S CF/PF GRIBs, Ground Truth)",NONE
CASE_20211226_0734,2021-12-26,TRAIN,PROVIDER_UNAVAILABLE_MARS_NO_DATA,PROVIDER_UNAVAILABLE_MARS_NO_DATA,ECMWF CY48R1 late-year reforecast archive operates on bi-weekly alternating schedule in Nov/Dec (MARS returned MarsNoDataError),MarsNoDataError
CASE_20211230_0735,2021-12-30,TRAIN,PROVIDER_UNAVAILABLE_MARS_NO_DATA,PROVIDER_UNAVAILABLE_MARS_NO_DATA,ECMWF CY48R1 late-year reforecast archive operates on bi-weekly alternating schedule in Nov/Dec (MARS returned MarsNoDataError),MarsNoDataError
CASE_20220101_0736,2022-01-01,VAL,USABLE_AVAILABLE,USABLE_AVAILABLE,"Verified complete across all 4 input streams (RZSM lags, ERA5 atm, S2S CF/PF GRIBs, Ground Truth)",NONE
CASE_20220104_0737,2022-01-04,VAL,USABLE_AVAILABLE,USABLE_AVAILABLE,"Verified complete across all 4 input streams (RZSM lags, ERA5 atm, S2S CF/PF GRIBs, Ground Truth)",NONE
CASE_20220108_0738,2022-01-08,VAL,USABLE_AVAILABLE,USABLE_AVAILABLE,"Verified complete across all 4 input streams (RZSM lags, ERA5 atm, S2S CF/PF GRIBs, Ground Truth)",NONE
CASE_20220111_0739,2022-01-11,VAL,USABLE_AVAILABLE,USABLE_AVAILABLE,"Verified complete across all 4 input streams (RZSM lags, ERA5 atm, S2S CF/PF GRIBs, Ground Truth)",NONE
CASE_20220115_0740,2022-01-15,VAL,USABLE_AVAILABLE,USABLE_AVAILABLE,"Verified complete across all 4 input streams (RZSM lags, ERA5 atm, S2S CF/PF GRIBs, Ground Truth)",NONE
CASE_20220118_0741,2022-01-18,VAL,USABLE_AVAILABLE,USABLE_AVAILABLE,"Verified complete across all 4 input streams (RZSM lags, ERA5 atm, S2S CF/PF GRIBs, Ground Truth)",NONE
CASE_20220122_0742,2022-01-22,VAL,USABLE_AVAILABLE,USABLE_AVAILABLE,"Verified complete across all 4 input streams (RZSM lags, ERA5 atm, S2S CF/PF GRIBs, Ground Truth)",NONE
CASE_20220125_0743,2022-01-25,VAL,USABLE_AVAILABLE,USABLE_AVAILABLE,"Verified complete across all 4 input streams (RZSM lags, ERA5 atm, S2S CF/PF GRIBs, Ground Truth)",NONE
CASE_20220129_0744,2022-01-29,VAL,USABLE_AVAILABLE,USABLE_AVAILABLE,"Verified complete across all 4 input streams (RZSM lags, ERA5 atm, S2S CF/PF GRIBs, Ground Truth)",NONE
CASE_20220201_0745,2022-02-01,VAL,USABLE_AVAILABLE,USABLE_AVAILABLE,"Verified complete across all 4 input streams (RZSM lags, ERA5 atm, S2S CF/PF GRIBs, Ground Truth)",NONE
CASE_20220205_0746,2022-02-05,VAL,USABLE_AVAILABLE,USABLE_AVAILABLE,"Verified complete across all 4 input streams (RZSM lags, ERA5 atm, S2S CF/PF GRIBs, Ground Truth)",NONE
CASE_20220208_0747,2022-02-08,VAL,USABLE_AVAILABLE,USABLE_AVAILABLE,"Verified complete across all 4 input streams (RZSM lags, ERA5 atm, S2S CF/PF GRIBs, Ground Truth)",NONE
CASE_20220212_0748,2022-02-12,VAL,USABLE_AVAILABLE,USABLE_AVAILABLE,"Verified complete across all 4 input streams (RZSM lags, ERA5 atm, S2S CF/PF GRIBs, Ground Truth)",NONE
CASE_20220215_0749,2022-02-15,VAL,USABLE_AVAILABLE,USABLE_AVAILABLE,"Verified complete across all 4 input streams (RZSM lags, ERA5 atm, S2S CF/PF GRIBs, Ground Truth)",NONE
CASE_20220219_0750,2022-02-19,VAL,USABLE_AVAILABLE,USABLE_AVAILABLE,"Verified complete across all 4 input streams (RZSM lags, ERA5 atm, S2S CF/PF GRIBs, Ground Truth)",NONE
CASE_20220222_0751,2022-02-22,VAL,USABLE_AVAILABLE,USABLE_AVAILABLE,"Verified complete across all 4 input streams (RZSM lags, ERA5 atm, S2S CF/PF GRIBs, Ground Truth)",NONE
CASE_20220226_0752,2022-02-26,VAL,USABLE_AVAILABLE,USABLE_AVAILABLE,"Verified complete across all 4 input streams (RZSM lags, ERA5 atm, S2S CF/PF GRIBs, Ground Truth)",NONE
CASE_20220228_0753,2022-02-28,VAL,USABLE_AVAILABLE,USABLE_AVAILABLE,"Verified complete across all 4 input streams (RZSM lags, ERA5 atm, S2S CF/PF GRIBs, Ground Truth)",NONE
CASE_20220304_0754,2022-03-04,VAL,USABLE_AVAILABLE,USABLE_AVAILABLE,"Verified complete across all 4 input streams (RZSM lags, ERA5 atm, S2S CF/PF GRIBs, Ground Truth)",NONE
CASE_20220307_0755,2022-03-07,VAL,USABLE_AVAILABLE,USABLE_AVAILABLE,"Verified complete across all 4 input streams (RZSM lags, ERA5 atm, S2S CF/PF GRIBs, Ground Truth)",NONE
CASE_20220311_0756,2022-03-11,VAL,USABLE_AVAILABLE,USABLE_AVAILABLE,"Verified complete across all 4 input streams (RZSM lags, ERA5 atm, S2S CF/PF GRIBs, Ground Truth)",NONE
CASE_20220314_0757,2022-03-14,VAL,USABLE_AVAILABLE,USABLE_AVAILABLE,"Verified complete across all 4 input streams (RZSM lags, ERA5 atm, S2S CF/PF GRIBs, Ground Truth)",NONE
CASE_20220318_0758,2022-03-18,VAL,USABLE_AVAILABLE,USABLE_AVAILABLE,"Verified complete across all 4 input streams (RZSM lags, ERA5 atm, S2S CF/PF GRIBs, Ground Truth)",NONE
CASE_20220321_0759,2022-03-21,VAL,USABLE_AVAILABLE,USABLE_AVAILABLE,"Verified complete across all 4 input streams (RZSM lags, ERA5 atm, S2S CF/PF GRIBs, Ground Truth)",NONE
CASE_20220325_0760,2022-03-25,VAL,USABLE_AVAILABLE,USABLE_AVAILABLE,"Verified complete across all 4 input streams (RZSM lags, ERA5 atm, S2S CF/PF GRIBs, Ground Truth)",NONE
CASE_20220328_0761,2022-03-28,VAL,USABLE_AVAILABLE,USABLE_AVAILABLE,"Verified complete across all 4 input streams (RZSM lags, ERA5 atm, S2S CF/PF GRIBs, Ground Truth)",NONE
CASE_20220401_0762,2022-04-01,VAL,USABLE_AVAILABLE,USABLE_AVAILABLE,"Verified complete across all 4 input streams (RZSM lags, ERA5 atm, S2S CF/PF GRIBs, Ground Truth)",NONE
CASE_20220404_0763,2022-04-04,VAL,USABLE_AVAILABLE,USABLE_AVAILABLE,"Verified complete across all 4 input streams (RZSM lags, ERA5 atm, S2S CF/PF GRIBs, Ground Truth)",NONE
CASE_20220408_0764,2022-04-08,VAL,USABLE_AVAILABLE,USABLE_AVAILABLE,"Verified complete across all 4 input streams (RZSM lags, ERA5 atm, S2S CF/PF GRIBs, Ground Truth)",NONE
CASE_20220411_0765,2022-04-11,VAL,USABLE_AVAILABLE,USABLE_AVAILABLE,"Verified complete across all 4 input streams (RZSM lags, ERA5 atm, S2S CF/PF GRIBs, Ground Truth)",NONE
CASE_20220415_0766,2022-04-15,VAL,USABLE_AVAILABLE,USABLE_AVAILABLE,"Verified complete across all 4 input streams (RZSM lags, ERA5 atm, S2S CF/PF GRIBs, Ground Truth)",NONE
CASE_20220418_0767,2022-04-18,VAL,USABLE_AVAILABLE,USABLE_AVAILABLE,"Verified complete across all 4 input streams (RZSM lags, ERA5 atm, S2S CF/PF GRIBs, Ground Truth)",NONE
CASE_20220422_0768,2022-04-22,VAL,USABLE_AVAILABLE,USABLE_AVAILABLE,"Verified complete across all 4 input streams (RZSM lags, ERA5 atm, S2S CF/PF GRIBs, Ground Truth)",NONE
CASE_20220425_0769,2022-04-25,VAL,USABLE_AVAILABLE,USABLE_AVAILABLE,"Verified complete across all 4 input streams (RZSM lags, ERA5 atm, S2S CF/PF GRIBs, Ground Truth)",NONE
CASE_20220429_0770,2022-04-29,VAL,USABLE_AVAILABLE,USABLE_AVAILABLE,"Verified complete across all 4 input streams (RZSM lags, ERA5 atm, S2S CF/PF GRIBs, Ground Truth)",NONE
CASE_20220502_0771,2022-05-02,VAL,USABLE_AVAILABLE,USABLE_AVAILABLE,"Verified complete across all 4 input streams (RZSM lags, ERA5 atm, S2S CF/PF GRIBs, Ground Truth)",NONE
CASE_20220506_0772,2022-05-06,VAL,USABLE_AVAILABLE,USABLE_AVAILABLE,"Verified complete across all 4 input streams (RZSM lags, ERA5 atm, S2S CF/PF GRIBs, Ground Truth)",NONE
CASE_20220509_0773,2022-05-09,VAL,USABLE_AVAILABLE,USABLE_AVAILABLE,"Verified complete across all 4 input streams (RZSM lags, ERA5 atm, S2S CF/PF GRIBs, Ground Truth)",NONE
CASE_20220513_0774,2022-05-13,VAL,USABLE_AVAILABLE,USABLE_AVAILABLE,"Verified complete across all 4 input streams (RZSM lags, ERA5 atm, S2S CF/PF GRIBs, Ground Truth)",NONE
CASE_20220516_0775,2022-05-16,VAL,USABLE_AVAILABLE,USABLE_AVAILABLE,"Verified complete across all 4 input streams (RZSM lags, ERA5 atm, S2S CF/PF GRIBs, Ground Truth)",NONE
CASE_20220520_0776,2022-05-20,VAL,USABLE_AVAILABLE,USABLE_AVAILABLE,"Verified complete across all 4 input streams (RZSM lags, ERA5 atm, S2S CF/PF GRIBs, Ground Truth)",NONE
CASE_20220523_0777,2022-05-23,VAL,USABLE_AVAILABLE,USABLE_AVAILABLE,"Verified complete across all 4 input streams (RZSM lags, ERA5 atm, S2S CF/PF GRIBs, Ground Truth)",NONE
CASE_20220527_0778,2022-05-27,VAL,USABLE_AVAILABLE,USABLE_AVAILABLE,"Verified complete across all 4 input streams (RZSM lags, ERA5 atm, S2S CF/PF GRIBs, Ground Truth)",NONE
CASE_20220530_0779,2022-05-30,VAL,USABLE_AVAILABLE,USABLE_AVAILABLE,"Verified complete across all 4 input streams (RZSM lags, ERA5 atm, S2S CF/PF GRIBs, Ground Truth)",NONE
CASE_20220603_0780,2022-06-03,VAL,USABLE_AVAILABLE,USABLE_AVAILABLE,"Verified complete across all 4 input streams (RZSM lags, ERA5 atm, S2S CF/PF GRIBs, Ground Truth)",NONE
CASE_20220606_0781,2022-06-06,VAL,USABLE_AVAILABLE,USABLE_AVAILABLE,"Verified complete across all 4 input streams (RZSM lags, ERA5 atm, S2S CF/PF GRIBs, Ground Truth)",NONE
CASE_20220610_0782,2022-06-10,VAL,USABLE_AVAILABLE,USABLE_AVAILABLE,"Verified complete across all 4 input streams (RZSM lags, ERA5 atm, S2S CF/PF GRIBs, Ground Truth)",NONE
CASE_20220613_0783,2022-06-13,VAL,USABLE_AVAILABLE,USABLE_AVAILABLE,"Verified complete across all 4 input streams (RZSM lags, ERA5 atm, S2S CF/PF GRIBs, Ground Truth)",NONE
CASE_20220617_0784,2022-06-17,VAL,USABLE_AVAILABLE,USABLE_AVAILABLE,"Verified complete across all 4 input streams (RZSM lags, ERA5 atm, S2S CF/PF GRIBs, Ground Truth)",NONE
CASE_20220620_0785,2022-06-20,VAL,USABLE_AVAILABLE,USABLE_AVAILABLE,"Verified complete across all 4 input streams (RZSM lags, ERA5 atm, S2S CF/PF GRIBs, Ground Truth)",NONE
CASE_20220624_0786,2022-06-24,VAL,USABLE_AVAILABLE,USABLE_AVAILABLE,"Verified complete across all 4 input streams (RZSM lags, ERA5 atm, S2S CF/PF GRIBs, Ground Truth)",NONE
CASE_20220627_0787,2022-06-27,VAL,USABLE_AVAILABLE,USABLE_AVAILABLE,"Verified complete across all 4 input streams (RZSM lags, ERA5 atm, S2S CF/PF GRIBs, Ground Truth)",NONE
CASE_20220701_0788,2022-07-01,VAL,USABLE_AVAILABLE,USABLE_AVAILABLE,"Verified complete across all 4 input streams (RZSM lags, ERA5 atm, S2S CF/PF GRIBs, Ground Truth)",NONE
CASE_20220704_0789,2022-07-04,VAL,USABLE_AVAILABLE,USABLE_AVAILABLE,"Verified complete across all 4 input streams (RZSM lags, ERA5 atm, S2S CF/PF GRIBs, Ground Truth)",NONE
CASE_20220708_0790,2022-07-08,VAL,USABLE_AVAILABLE,USABLE_AVAILABLE,"Verified complete across all 4 input streams (RZSM lags, ERA5 atm, S2S CF/PF GRIBs, Ground Truth)",NONE
CASE_20220711_0791,2022-07-11,VAL,USABLE_AVAILABLE,USABLE_AVAILABLE,"Verified complete across all 4 input streams (RZSM lags, ERA5 atm, S2S CF/PF GRIBs, Ground Truth)",NONE
CASE_20220715_0792,2022-07-15,VAL,USABLE_AVAILABLE,USABLE_AVAILABLE,"Verified complete across all 4 input streams (RZSM lags, ERA5 atm, S2S CF/PF GRIBs, Ground Truth)",NONE
CASE_20220718_0793,2022-07-18,VAL,USABLE_AVAILABLE,USABLE_AVAILABLE,"Verified complete across all 4 input streams (RZSM lags, ERA5 atm, S2S CF/PF GRIBs, Ground Truth)",NONE
CASE_20220722_0794,2022-07-22,VAL,USABLE_AVAILABLE,USABLE_AVAILABLE,"Verified complete across all 4 input streams (RZSM lags, ERA5 atm, S2S CF/PF GRIBs, Ground Truth)",NONE
CASE_20220725_0795,2022-07-25,VAL,USABLE_AVAILABLE,USABLE_AVAILABLE,"Verified complete across all 4 input streams (RZSM lags, ERA5 atm, S2S CF/PF GRIBs, Ground Truth)",NONE
CASE_20220729_0796,2022-07-29,VAL,USABLE_AVAILABLE,USABLE_AVAILABLE,"Verified complete across all 4 input streams (RZSM lags, ERA5 atm, S2S CF/PF GRIBs, Ground Truth)",NONE
CASE_20220801_0797,2022-08-01,VAL,USABLE_AVAILABLE,USABLE_AVAILABLE,"Verified complete across all 4 input streams (RZSM lags, ERA5 atm, S2S CF/PF GRIBs, Ground Truth)",NONE
CASE_20220805_0798,2022-08-05,VAL,USABLE_AVAILABLE,USABLE_AVAILABLE,"Verified complete across all 4 input streams (RZSM lags, ERA5 atm, S2S CF/PF GRIBs, Ground Truth)",NONE
CASE_20220808_0799,2022-08-08,VAL,USABLE_AVAILABLE,USABLE_AVAILABLE,"Verified complete across all 4 input streams (RZSM lags, ERA5 atm, S2S CF/PF GRIBs, Ground Truth)",NONE
CASE_20220812_0800,2022-08-12,VAL,USABLE_AVAILABLE,USABLE_AVAILABLE,"Verified complete across all 4 input streams (RZSM lags, ERA5 atm, S2S CF/PF GRIBs, Ground Truth)",NONE
CASE_20220815_0801,2022-08-15,VAL,USABLE_AVAILABLE,USABLE_AVAILABLE,"Verified complete across all 4 input streams (RZSM lags, ERA5 atm, S2S CF/PF GRIBs, Ground Truth)",NONE
CASE_20220819_0802,2022-08-19,VAL,USABLE_AVAILABLE,USABLE_AVAILABLE,"Verified complete across all 4 input streams (RZSM lags, ERA5 atm, S2S CF/PF GRIBs, Ground Truth)",NONE
CASE_20220822_0803,2022-08-22,VAL,USABLE_AVAILABLE,USABLE_AVAILABLE,"Verified complete across all 4 input streams (RZSM lags, ERA5 atm, S2S CF/PF GRIBs, Ground Truth)",NONE
CASE_20220826_0804,2022-08-26,VAL,USABLE_AVAILABLE,USABLE_AVAILABLE,"Verified complete across all 4 input streams (RZSM lags, ERA5 atm, S2S CF/PF GRIBs, Ground Truth)",NONE
CASE_20220829_0805,2022-08-29,VAL,USABLE_AVAILABLE,USABLE_AVAILABLE,"Verified complete across all 4 input streams (RZSM lags, ERA5 atm, S2S CF/PF GRIBs, Ground Truth)",NONE
CASE_20220902_0806,2022-09-02,VAL,USABLE_AVAILABLE,USABLE_AVAILABLE,"Verified complete across all 4 input streams (RZSM lags, ERA5 atm, S2S CF/PF GRIBs, Ground Truth)",NONE
CASE_20220905_0807,2022-09-05,VAL,USABLE_AVAILABLE,USABLE_AVAILABLE,"Verified complete across all 4 input streams (RZSM lags, ERA5 atm, S2S CF/PF GRIBs, Ground Truth)",NONE
CASE_20220909_0808,2022-09-09,VAL,USABLE_AVAILABLE,USABLE_AVAILABLE,"Verified complete across all 4 input streams (RZSM lags, ERA5 atm, S2S CF/PF GRIBs, Ground Truth)",NONE
CASE_20220912_0809,2022-09-12,VAL,USABLE_AVAILABLE,USABLE_AVAILABLE,"Verified complete across all 4 input streams (RZSM lags, ERA5 atm, S2S CF/PF GRIBs, Ground Truth)",NONE
CASE_20220916_0810,2022-09-16,VAL,USABLE_AVAILABLE,USABLE_AVAILABLE,"Verified complete across all 4 input streams (RZSM lags, ERA5 atm, S2S CF/PF GRIBs, Ground Truth)",NONE
CASE_20220919_0811,2022-09-19,VAL,USABLE_AVAILABLE,USABLE_AVAILABLE,"Verified complete across all 4 input streams (RZSM lags, ERA5 atm, S2S CF/PF GRIBs, Ground Truth)",NONE
CASE_20220923_0812,2022-09-23,VAL,USABLE_AVAILABLE,USABLE_AVAILABLE,"Verified complete across all 4 input streams (RZSM lags, ERA5 atm, S2S CF/PF GRIBs, Ground Truth)",NONE
CASE_20220926_0813,2022-09-26,VAL,USABLE_AVAILABLE,USABLE_AVAILABLE,"Verified complete across all 4 input streams (RZSM lags, ERA5 atm, S2S CF/PF GRIBs, Ground Truth)",NONE
CASE_20220930_0814,2022-09-30,VAL,USABLE_AVAILABLE,USABLE_AVAILABLE,"Verified complete across all 4 input streams (RZSM lags, ERA5 atm, S2S CF/PF GRIBs, Ground Truth)",NONE
CASE_20221003_0815,2022-10-03,VAL,USABLE_AVAILABLE,USABLE_AVAILABLE,"Verified complete across all 4 input streams (RZSM lags, ERA5 atm, S2S CF/PF GRIBs, Ground Truth)",NONE
CASE_20221007_0816,2022-10-07,VAL,USABLE_AVAILABLE,USABLE_AVAILABLE,"Verified complete across all 4 input streams (RZSM lags, ERA5 atm, S2S CF/PF GRIBs, Ground Truth)",NONE
CASE_20221010_0817,2022-10-10,VAL,USABLE_AVAILABLE,USABLE_AVAILABLE,"Verified complete across all 4 input streams (RZSM lags, ERA5 atm, S2S CF/PF GRIBs, Ground Truth)",NONE
CASE_20221014_0818,2022-10-14,VAL,USABLE_AVAILABLE,USABLE_AVAILABLE,"Verified complete across all 4 input streams (RZSM lags, ERA5 atm, S2S CF/PF GRIBs, Ground Truth)",NONE
CASE_20221017_0819,2022-10-17,VAL,USABLE_AVAILABLE,USABLE_AVAILABLE,"Verified complete across all 4 input streams (RZSM lags, ERA5 atm, S2S CF/PF GRIBs, Ground Truth)",NONE
CASE_20221021_0820,2022-10-21,VAL,USABLE_AVAILABLE,USABLE_AVAILABLE,"Verified complete across all 4 input streams (RZSM lags, ERA5 atm, S2S CF/PF GRIBs, Ground Truth)",NONE
CASE_20221024_0821,2022-10-24,VAL,USABLE_AVAILABLE,USABLE_AVAILABLE,"Verified complete across all 4 input streams (RZSM lags, ERA5 atm, S2S CF/PF GRIBs, Ground Truth)",NONE
CASE_20221028_0822,2022-10-28,VAL,USABLE_AVAILABLE,USABLE_AVAILABLE,"Verified complete across all 4 input streams (RZSM lags, ERA5 atm, S2S CF/PF GRIBs, Ground Truth)",NONE
CASE_20221031_0823,2022-10-31,VAL,USABLE_AVAILABLE,USABLE_AVAILABLE,"Verified complete across all 4 input streams (RZSM lags, ERA5 atm, S2S CF/PF GRIBs, Ground Truth)",NONE
CASE_20221104_0824,2022-11-04,VAL,USABLE_AVAILABLE,USABLE_AVAILABLE,"Verified complete across all 4 input streams (RZSM lags, ERA5 atm, S2S CF/PF GRIBs, Ground Truth)",NONE
CASE_20221107_0825,2022-11-07,VAL,USABLE_AVAILABLE,USABLE_AVAILABLE,"Verified complete across all 4 input streams (RZSM lags, ERA5 atm, S2S CF/PF GRIBs, Ground Truth)",NONE
CASE_20221111_0826,2022-11-11,VAL,USABLE_AVAILABLE,USABLE_AVAILABLE,"Verified complete across all 4 input streams (RZSM lags, ERA5 atm, S2S CF/PF GRIBs, Ground Truth)",NONE
CASE_20221114_0827,2022-11-14,VAL,PROVIDER_UNAVAILABLE_MARS_NO_DATA,PROVIDER_UNAVAILABLE_MARS_NO_DATA,ECMWF CY48R1 late-year reforecast archive operates on bi-weekly alternating schedule in Nov/Dec (MARS returned MarsNoDataError),MarsNoDataError
CASE_20221118_0828,2022-11-18,VAL,PROVIDER_UNAVAILABLE_MARS_NO_DATA,PROVIDER_UNAVAILABLE_MARS_NO_DATA,ECMWF CY48R1 late-year reforecast archive operates on bi-weekly alternating schedule in Nov/Dec (MARS returned MarsNoDataError),MarsNoDataError
CASE_20221121_0829,2022-11-21,VAL,USABLE_AVAILABLE,USABLE_AVAILABLE,"Verified complete across all 4 input streams (RZSM lags, ERA5 atm, S2S CF/PF GRIBs, Ground Truth)",NONE
CASE_20221125_0830,2022-11-25,VAL,USABLE_AVAILABLE,USABLE_AVAILABLE,"Verified complete across all 4 input streams (RZSM lags, ERA5 atm, S2S CF/PF GRIBs, Ground Truth)",NONE
CASE_20221128_0831,2022-11-28,VAL,PROVIDER_UNAVAILABLE_MARS_NO_DATA,PROVIDER_UNAVAILABLE_MARS_NO_DATA,ECMWF CY48R1 late-year reforecast archive operates on bi-weekly alternating schedule in Nov/Dec (MARS returned MarsNoDataError),MarsNoDataError
CASE_20221202_0832,2022-12-02,VAL,PROVIDER_UNAVAILABLE_MARS_NO_DATA,PROVIDER_UNAVAILABLE_MARS_NO_DATA,ECMWF CY48R1 late-year reforecast archive operates on bi-weekly alternating schedule in Nov/Dec (MARS returned MarsNoDataError),MarsNoDataError
CASE_20221205_0833,2022-12-05,VAL,USABLE_AVAILABLE,USABLE_AVAILABLE,"Verified complete across all 4 input streams (RZSM lags, ERA5 atm, S2S CF/PF GRIBs, Ground Truth)",NONE
CASE_20221209_0834,2022-12-09,VAL,USABLE_AVAILABLE,USABLE_AVAILABLE,"Verified complete across all 4 input streams (RZSM lags, ERA5 atm, S2S CF/PF GRIBs, Ground Truth)",NONE
CASE_20221212_0835,2022-12-12,VAL,PROVIDER_UNAVAILABLE_MARS_NO_DATA,PROVIDER_UNAVAILABLE_MARS_NO_DATA,ECMWF CY48R1 late-year reforecast archive operates on bi-weekly alternating schedule in Nov/Dec (MARS returned MarsNoDataError),MarsNoDataError
CASE_20221216_0836,2022-12-16,VAL,PROVIDER_UNAVAILABLE_MARS_NO_DATA,PROVIDER_UNAVAILABLE_MARS_NO_DATA,ECMWF CY48R1 late-year reforecast archive operates on bi-weekly alternating schedule in Nov/Dec (MARS returned MarsNoDataError),MarsNoDataError
CASE_20221219_0837,2022-12-19,VAL,USABLE_AVAILABLE,USABLE_AVAILABLE,"Verified complete across all 4 input streams (RZSM lags, ERA5 atm, S2S CF/PF GRIBs, Ground Truth)",NONE
CASE_20221223_0838,2022-12-23,VAL,USABLE_AVAILABLE,USABLE_AVAILABLE,"Verified complete across all 4 input streams (RZSM lags, ERA5 atm, S2S CF/PF GRIBs, Ground Truth)",NONE
CASE_20221226_0839,2022-12-26,VAL,PROVIDER_UNAVAILABLE_MARS_NO_DATA,PROVIDER_UNAVAILABLE_MARS_NO_DATA,ECMWF CY48R1 late-year reforecast archive operates on bi-weekly alternating schedule in Nov/Dec (MARS returned MarsNoDataError),MarsNoDataError
CASE_20221230_0840,2022-12-30,VAL,PROVIDER_UNAVAILABLE_MARS_NO_DATA,PROVIDER_UNAVAILABLE_MARS_NO_DATA,ECMWF CY48R1 late-year reforecast archive operates on bi-weekly alternating schedule in Nov/Dec (MARS returned MarsNoDataError),MarsNoDataError
CASE_20230101_0841,2023-01-01,VAL,USABLE_AVAILABLE,USABLE_AVAILABLE,"Verified complete across all 4 input streams (RZSM lags, ERA5 atm, S2S CF/PF GRIBs, Ground Truth)",NONE
CASE_20230104_0842,2023-01-04,VAL,USABLE_AVAILABLE,USABLE_AVAILABLE,"Verified complete across all 4 input streams (RZSM lags, ERA5 atm, S2S CF/PF GRIBs, Ground Truth)",NONE
CASE_20230108_0843,2023-01-08,VAL,USABLE_AVAILABLE,USABLE_AVAILABLE,"Verified complete across all 4 input streams (RZSM lags, ERA5 atm, S2S CF/PF GRIBs, Ground Truth)",NONE
CASE_20230111_0844,2023-01-11,VAL,USABLE_AVAILABLE,USABLE_AVAILABLE,"Verified complete across all 4 input streams (RZSM lags, ERA5 atm, S2S CF/PF GRIBs, Ground Truth)",NONE
CASE_20230115_0845,2023-01-15,VAL,USABLE_AVAILABLE,USABLE_AVAILABLE,"Verified complete across all 4 input streams (RZSM lags, ERA5 atm, S2S CF/PF GRIBs, Ground Truth)",NONE
CASE_20230118_0846,2023-01-18,VAL,USABLE_AVAILABLE,USABLE_AVAILABLE,"Verified complete across all 4 input streams (RZSM lags, ERA5 atm, S2S CF/PF GRIBs, Ground Truth)",NONE
CASE_20230122_0847,2023-01-22,VAL,USABLE_AVAILABLE,USABLE_AVAILABLE,"Verified complete across all 4 input streams (RZSM lags, ERA5 atm, S2S CF/PF GRIBs, Ground Truth)",NONE
CASE_20230125_0848,2023-01-25,VAL,USABLE_AVAILABLE,USABLE_AVAILABLE,"Verified complete across all 4 input streams (RZSM lags, ERA5 atm, S2S CF/PF GRIBs, Ground Truth)",NONE
CASE_20230129_0849,2023-01-29,VAL,USABLE_AVAILABLE,USABLE_AVAILABLE,"Verified complete across all 4 input streams (RZSM lags, ERA5 atm, S2S CF/PF GRIBs, Ground Truth)",NONE
CASE_20230201_0850,2023-02-01,VAL,USABLE_AVAILABLE,USABLE_AVAILABLE,"Verified complete across all 4 input streams (RZSM lags, ERA5 atm, S2S CF/PF GRIBs, Ground Truth)",NONE
CASE_20230205_0851,2023-02-05,VAL,USABLE_AVAILABLE,USABLE_AVAILABLE,"Verified complete across all 4 input streams (RZSM lags, ERA5 atm, S2S CF/PF GRIBs, Ground Truth)",NONE
CASE_20230208_0852,2023-02-08,VAL,USABLE_AVAILABLE,USABLE_AVAILABLE,"Verified complete across all 4 input streams (RZSM lags, ERA5 atm, S2S CF/PF GRIBs, Ground Truth)",NONE
CASE_20230212_0853,2023-02-12,VAL,USABLE_AVAILABLE,USABLE_AVAILABLE,"Verified complete across all 4 input streams (RZSM lags, ERA5 atm, S2S CF/PF GRIBs, Ground Truth)",NONE
CASE_20230215_0854,2023-02-15,VAL,USABLE_AVAILABLE,USABLE_AVAILABLE,"Verified complete across all 4 input streams (RZSM lags, ERA5 atm, S2S CF/PF GRIBs, Ground Truth)",NONE
CASE_20230219_0855,2023-02-19,VAL,USABLE_AVAILABLE,USABLE_AVAILABLE,"Verified complete across all 4 input streams (RZSM lags, ERA5 atm, S2S CF/PF GRIBs, Ground Truth)",NONE
CASE_20230222_0856,2023-02-22,VAL,USABLE_AVAILABLE,USABLE_AVAILABLE,"Verified complete across all 4 input streams (RZSM lags, ERA5 atm, S2S CF/PF GRIBs, Ground Truth)",NONE
CASE_20230226_0857,2023-02-26,VAL,USABLE_AVAILABLE,USABLE_AVAILABLE,"Verified complete across all 4 input streams (RZSM lags, ERA5 atm, S2S CF/PF GRIBs, Ground Truth)",NONE
CASE_20230228_0858,2023-02-28,VAL,USABLE_AVAILABLE,USABLE_AVAILABLE,"Verified complete across all 4 input streams (RZSM lags, ERA5 atm, S2S CF/PF GRIBs, Ground Truth)",NONE
CASE_20230304_0859,2023-03-04,VAL,USABLE_AVAILABLE,USABLE_AVAILABLE,"Verified complete across all 4 input streams (RZSM lags, ERA5 atm, S2S CF/PF GRIBs, Ground Truth)",NONE
CASE_20230307_0860,2023-03-07,VAL,USABLE_AVAILABLE,USABLE_AVAILABLE,"Verified complete across all 4 input streams (RZSM lags, ERA5 atm, S2S CF/PF GRIBs, Ground Truth)",NONE
CASE_20230311_0861,2023-03-11,VAL,USABLE_AVAILABLE,USABLE_AVAILABLE,"Verified complete across all 4 input streams (RZSM lags, ERA5 atm, S2S CF/PF GRIBs, Ground Truth)",NONE
CASE_20230314_0862,2023-03-14,VAL,USABLE_AVAILABLE,USABLE_AVAILABLE,"Verified complete across all 4 input streams (RZSM lags, ERA5 atm, S2S CF/PF GRIBs, Ground Truth)",NONE
CASE_20230318_0863,2023-03-18,VAL,USABLE_AVAILABLE,USABLE_AVAILABLE,"Verified complete across all 4 input streams (RZSM lags, ERA5 atm, S2S CF/PF GRIBs, Ground Truth)",NONE
CASE_20230321_0864,2023-03-21,VAL,USABLE_AVAILABLE,USABLE_AVAILABLE,"Verified complete across all 4 input streams (RZSM lags, ERA5 atm, S2S CF/PF GRIBs, Ground Truth)",NONE
CASE_20230325_0865,2023-03-25,VAL,USABLE_AVAILABLE,USABLE_AVAILABLE,"Verified complete across all 4 input streams (RZSM lags, ERA5 atm, S2S CF/PF GRIBs, Ground Truth)",NONE
CASE_20230328_0866,2023-03-28,VAL,USABLE_AVAILABLE,USABLE_AVAILABLE,"Verified complete across all 4 input streams (RZSM lags, ERA5 atm, S2S CF/PF GRIBs, Ground Truth)",NONE
CASE_20230401_0867,2023-04-01,VAL,USABLE_AVAILABLE,USABLE_AVAILABLE,"Verified complete across all 4 input streams (RZSM lags, ERA5 atm, S2S CF/PF GRIBs, Ground Truth)",NONE
CASE_20230404_0868,2023-04-04,VAL,USABLE_AVAILABLE,USABLE_AVAILABLE,"Verified complete across all 4 input streams (RZSM lags, ERA5 atm, S2S CF/PF GRIBs, Ground Truth)",NONE
CASE_20230408_0869,2023-04-08,VAL,USABLE_AVAILABLE,USABLE_AVAILABLE,"Verified complete across all 4 input streams (RZSM lags, ERA5 atm, S2S CF/PF GRIBs, Ground Truth)",NONE
CASE_20230411_0870,2023-04-11,VAL,USABLE_AVAILABLE,USABLE_AVAILABLE,"Verified complete across all 4 input streams (RZSM lags, ERA5 atm, S2S CF/PF GRIBs, Ground Truth)",NONE
CASE_20230415_0871,2023-04-15,VAL,USABLE_AVAILABLE,USABLE_AVAILABLE,"Verified complete across all 4 input streams (RZSM lags, ERA5 atm, S2S CF/PF GRIBs, Ground Truth)",NONE
CASE_20230418_0872,2023-04-18,VAL,USABLE_AVAILABLE,USABLE_AVAILABLE,"Verified complete across all 4 input streams (RZSM lags, ERA5 atm, S2S CF/PF GRIBs, Ground Truth)",NONE
CASE_20230422_0873,2023-04-22,VAL,USABLE_AVAILABLE,USABLE_AVAILABLE,"Verified complete across all 4 input streams (RZSM lags, ERA5 atm, S2S CF/PF GRIBs, Ground Truth)",NONE
CASE_20230425_0874,2023-04-25,VAL,USABLE_AVAILABLE,USABLE_AVAILABLE,"Verified complete across all 4 input streams (RZSM lags, ERA5 atm, S2S CF/PF GRIBs, Ground Truth)",NONE
CASE_20230429_0875,2023-04-29,VAL,USABLE_AVAILABLE,USABLE_AVAILABLE,"Verified complete across all 4 input streams (RZSM lags, ERA5 atm, S2S CF/PF GRIBs, Ground Truth)",NONE
CASE_20230502_0876,2023-05-02,VAL,USABLE_AVAILABLE,USABLE_AVAILABLE,"Verified complete across all 4 input streams (RZSM lags, ERA5 atm, S2S CF/PF GRIBs, Ground Truth)",NONE
CASE_20230506_0877,2023-05-06,VAL,USABLE_AVAILABLE,USABLE_AVAILABLE,"Verified complete across all 4 input streams (RZSM lags, ERA5 atm, S2S CF/PF GRIBs, Ground Truth)",NONE
CASE_20230509_0878,2023-05-09,VAL,USABLE_AVAILABLE,USABLE_AVAILABLE,"Verified complete across all 4 input streams (RZSM lags, ERA5 atm, S2S CF/PF GRIBs, Ground Truth)",NONE
CASE_20230513_0879,2023-05-13,VAL,USABLE_AVAILABLE,USABLE_AVAILABLE,"Verified complete across all 4 input streams (RZSM lags, ERA5 atm, S2S CF/PF GRIBs, Ground Truth)",NONE
CASE_20230516_0880,2023-05-16,VAL,USABLE_AVAILABLE,USABLE_AVAILABLE,"Verified complete across all 4 input streams (RZSM lags, ERA5 atm, S2S CF/PF GRIBs, Ground Truth)",NONE
CASE_20230520_0881,2023-05-20,VAL,USABLE_AVAILABLE,USABLE_AVAILABLE,"Verified complete across all 4 input streams (RZSM lags, ERA5 atm, S2S CF/PF GRIBs, Ground Truth)",NONE
CASE_20230523_0882,2023-05-23,VAL,USABLE_AVAILABLE,USABLE_AVAILABLE,"Verified complete across all 4 input streams (RZSM lags, ERA5 atm, S2S CF/PF GRIBs, Ground Truth)",NONE
CASE_20230527_0883,2023-05-27,VAL,USABLE_AVAILABLE,USABLE_AVAILABLE,"Verified complete across all 4 input streams (RZSM lags, ERA5 atm, S2S CF/PF GRIBs, Ground Truth)",NONE
CASE_20230530_0884,2023-05-30,VAL,USABLE_AVAILABLE,USABLE_AVAILABLE,"Verified complete across all 4 input streams (RZSM lags, ERA5 atm, S2S CF/PF GRIBs, Ground Truth)",NONE
CASE_20230603_0885,2023-06-03,VAL,USABLE_AVAILABLE,USABLE_AVAILABLE,"Verified complete across all 4 input streams (RZSM lags, ERA5 atm, S2S CF/PF GRIBs, Ground Truth)",NONE
CASE_20230606_0886,2023-06-06,VAL,USABLE_AVAILABLE,USABLE_AVAILABLE,"Verified complete across all 4 input streams (RZSM lags, ERA5 atm, S2S CF/PF GRIBs, Ground Truth)",NONE
CASE_20230610_0887,2023-06-10,VAL,USABLE_AVAILABLE,USABLE_AVAILABLE,"Verified complete across all 4 input streams (RZSM lags, ERA5 atm, S2S CF/PF GRIBs, Ground Truth)",NONE
CASE_20230613_0888,2023-06-13,VAL,USABLE_AVAILABLE,USABLE_AVAILABLE,"Verified complete across all 4 input streams (RZSM lags, ERA5 atm, S2S CF/PF GRIBs, Ground Truth)",NONE
CASE_20230617_0889,2023-06-17,VAL,USABLE_AVAILABLE,USABLE_AVAILABLE,"Verified complete across all 4 input streams (RZSM lags, ERA5 atm, S2S CF/PF GRIBs, Ground Truth)",NONE
CASE_20230620_0890,2023-06-20,VAL,USABLE_AVAILABLE,USABLE_AVAILABLE,"Verified complete across all 4 input streams (RZSM lags, ERA5 atm, S2S CF/PF GRIBs, Ground Truth)",NONE
CASE_20230624_0891,2023-06-24,VAL,USABLE_AVAILABLE,USABLE_AVAILABLE,"Verified complete across all 4 input streams (RZSM lags, ERA5 atm, S2S CF/PF GRIBs, Ground Truth)",NONE
CASE_20230627_0892,2023-06-27,VAL,USABLE_AVAILABLE,USABLE_AVAILABLE,"Verified complete across all 4 input streams (RZSM lags, ERA5 atm, S2S CF/PF GRIBs, Ground Truth)",NONE
CASE_20230701_0893,2023-07-01,VAL,USABLE_AVAILABLE,USABLE_AVAILABLE,"Verified complete across all 4 input streams (RZSM lags, ERA5 atm, S2S CF/PF GRIBs, Ground Truth)",NONE
CASE_20230704_0894,2023-07-04,VAL,USABLE_AVAILABLE,USABLE_AVAILABLE,"Verified complete across all 4 input streams (RZSM lags, ERA5 atm, S2S CF/PF GRIBs, Ground Truth)",NONE
CASE_20230708_0895,2023-07-08,VAL,USABLE_AVAILABLE,USABLE_AVAILABLE,"Verified complete across all 4 input streams (RZSM lags, ERA5 atm, S2S CF/PF GRIBs, Ground Truth)",NONE
CASE_20230711_0896,2023-07-11,VAL,USABLE_AVAILABLE,USABLE_AVAILABLE,"Verified complete across all 4 input streams (RZSM lags, ERA5 atm, S2S CF/PF GRIBs, Ground Truth)",NONE
CASE_20230715_0897,2023-07-15,VAL,USABLE_AVAILABLE,USABLE_AVAILABLE,"Verified complete across all 4 input streams (RZSM lags, ERA5 atm, S2S CF/PF GRIBs, Ground Truth)",NONE
CASE_20230718_0898,2023-07-18,VAL,USABLE_AVAILABLE,USABLE_AVAILABLE,"Verified complete across all 4 input streams (RZSM lags, ERA5 atm, S2S CF/PF GRIBs, Ground Truth)",NONE
CASE_20230722_0899,2023-07-22,VAL,USABLE_AVAILABLE,USABLE_AVAILABLE,"Verified complete across all 4 input streams (RZSM lags, ERA5 atm, S2S CF/PF GRIBs, Ground Truth)",NONE
CASE_20230725_0900,2023-07-25,VAL,USABLE_AVAILABLE,USABLE_AVAILABLE,"Verified complete across all 4 input streams (RZSM lags, ERA5 atm, S2S CF/PF GRIBs, Ground Truth)",NONE
CASE_20230729_0901,2023-07-29,VAL,USABLE_AVAILABLE,USABLE_AVAILABLE,"Verified complete across all 4 input streams (RZSM lags, ERA5 atm, S2S CF/PF GRIBs, Ground Truth)",NONE
CASE_20230801_0902,2023-08-01,VAL,USABLE_AVAILABLE,USABLE_AVAILABLE,"Verified complete across all 4 input streams (RZSM lags, ERA5 atm, S2S CF/PF GRIBs, Ground Truth)",NONE
CASE_20230805_0903,2023-08-05,VAL,USABLE_AVAILABLE,USABLE_AVAILABLE,"Verified complete across all 4 input streams (RZSM lags, ERA5 atm, S2S CF/PF GRIBs, Ground Truth)",NONE
CASE_20230808_0904,2023-08-08,VAL,USABLE_AVAILABLE,USABLE_AVAILABLE,"Verified complete across all 4 input streams (RZSM lags, ERA5 atm, S2S CF/PF GRIBs, Ground Truth)",NONE
CASE_20230812_0905,2023-08-12,VAL,USABLE_AVAILABLE,USABLE_AVAILABLE,"Verified complete across all 4 input streams (RZSM lags, ERA5 atm, S2S CF/PF GRIBs, Ground Truth)",NONE
CASE_20230815_0906,2023-08-15,VAL,USABLE_AVAILABLE,USABLE_AVAILABLE,"Verified complete across all 4 input streams (RZSM lags, ERA5 atm, S2S CF/PF GRIBs, Ground Truth)",NONE
CASE_20230819_0907,2023-08-19,VAL,USABLE_AVAILABLE,USABLE_AVAILABLE,"Verified complete across all 4 input streams (RZSM lags, ERA5 atm, S2S CF/PF GRIBs, Ground Truth)",NONE
CASE_20230822_0908,2023-08-22,VAL,USABLE_AVAILABLE,USABLE_AVAILABLE,"Verified complete across all 4 input streams (RZSM lags, ERA5 atm, S2S CF/PF GRIBs, Ground Truth)",NONE
CASE_20230826_0909,2023-08-26,VAL,USABLE_AVAILABLE,USABLE_AVAILABLE,"Verified complete across all 4 input streams (RZSM lags, ERA5 atm, S2S CF/PF GRIBs, Ground Truth)",NONE
CASE_20230829_0910,2023-08-29,VAL,USABLE_AVAILABLE,USABLE_AVAILABLE,"Verified complete across all 4 input streams (RZSM lags, ERA5 atm, S2S CF/PF GRIBs, Ground Truth)",NONE
CASE_20230902_0911,2023-09-02,VAL,USABLE_AVAILABLE,USABLE_AVAILABLE,"Verified complete across all 4 input streams (RZSM lags, ERA5 atm, S2S CF/PF GRIBs, Ground Truth)",NONE
CASE_20230905_0912,2023-09-05,VAL,USABLE_AVAILABLE,USABLE_AVAILABLE,"Verified complete across all 4 input streams (RZSM lags, ERA5 atm, S2S CF/PF GRIBs, Ground Truth)",NONE
CASE_20230909_0913,2023-09-09,VAL,USABLE_AVAILABLE,USABLE_AVAILABLE,"Verified complete across all 4 input streams (RZSM lags, ERA5 atm, S2S CF/PF GRIBs, Ground Truth)",NONE
CASE_20230912_0914,2023-09-12,VAL,USABLE_AVAILABLE,USABLE_AVAILABLE,"Verified complete across all 4 input streams (RZSM lags, ERA5 atm, S2S CF/PF GRIBs, Ground Truth)",NONE
CASE_20230916_0915,2023-09-16,VAL,USABLE_AVAILABLE,USABLE_AVAILABLE,"Verified complete across all 4 input streams (RZSM lags, ERA5 atm, S2S CF/PF GRIBs, Ground Truth)",NONE
CASE_20230919_0916,2023-09-19,VAL,USABLE_AVAILABLE,USABLE_AVAILABLE,"Verified complete across all 4 input streams (RZSM lags, ERA5 atm, S2S CF/PF GRIBs, Ground Truth)",NONE
CASE_20230923_0917,2023-09-23,VAL,USABLE_AVAILABLE,USABLE_AVAILABLE,"Verified complete across all 4 input streams (RZSM lags, ERA5 atm, S2S CF/PF GRIBs, Ground Truth)",NONE
CASE_20230926_0918,2023-09-26,VAL,USABLE_AVAILABLE,USABLE_AVAILABLE,"Verified complete across all 4 input streams (RZSM lags, ERA5 atm, S2S CF/PF GRIBs, Ground Truth)",NONE
CASE_20230930_0919,2023-09-30,VAL,USABLE_AVAILABLE,USABLE_AVAILABLE,"Verified complete across all 4 input streams (RZSM lags, ERA5 atm, S2S CF/PF GRIBs, Ground Truth)",NONE
CASE_20231003_0920,2023-10-03,VAL,USABLE_AVAILABLE,USABLE_AVAILABLE,"Verified complete across all 4 input streams (RZSM lags, ERA5 atm, S2S CF/PF GRIBs, Ground Truth)",NONE
CASE_20231007_0921,2023-10-07,VAL,USABLE_AVAILABLE,USABLE_AVAILABLE,"Verified complete across all 4 input streams (RZSM lags, ERA5 atm, S2S CF/PF GRIBs, Ground Truth)",NONE
CASE_20231010_0922,2023-10-10,VAL,USABLE_AVAILABLE,USABLE_AVAILABLE,"Verified complete across all 4 input streams (RZSM lags, ERA5 atm, S2S CF/PF GRIBs, Ground Truth)",NONE
CASE_20231014_0923,2023-10-14,VAL,USABLE_AVAILABLE,USABLE_AVAILABLE,"Verified complete across all 4 input streams (RZSM lags, ERA5 atm, S2S CF/PF GRIBs, Ground Truth)",NONE
CASE_20231017_0924,2023-10-17,VAL,USABLE_AVAILABLE,USABLE_AVAILABLE,"Verified complete across all 4 input streams (RZSM lags, ERA5 atm, S2S CF/PF GRIBs, Ground Truth)",NONE
CASE_20231021_0925,2023-10-21,VAL,USABLE_AVAILABLE,USABLE_AVAILABLE,"Verified complete across all 4 input streams (RZSM lags, ERA5 atm, S2S CF/PF GRIBs, Ground Truth)",NONE
CASE_20231024_0926,2023-10-24,VAL,USABLE_AVAILABLE,USABLE_AVAILABLE,"Verified complete across all 4 input streams (RZSM lags, ERA5 atm, S2S CF/PF GRIBs, Ground Truth)",NONE
CASE_20231028_0927,2023-10-28,VAL,USABLE_AVAILABLE,USABLE_AVAILABLE,"Verified complete across all 4 input streams (RZSM lags, ERA5 atm, S2S CF/PF GRIBs, Ground Truth)",NONE
CASE_20231031_0928,2023-10-31,VAL,USABLE_AVAILABLE,USABLE_AVAILABLE,"Verified complete across all 4 input streams (RZSM lags, ERA5 atm, S2S CF/PF GRIBs, Ground Truth)",NONE
CASE_20231104_0929,2023-11-04,VAL,USABLE_AVAILABLE,USABLE_AVAILABLE,"Verified complete across all 4 input streams (RZSM lags, ERA5 atm, S2S CF/PF GRIBs, Ground Truth)",NONE
CASE_20231107_0930,2023-11-07,VAL,USABLE_AVAILABLE,USABLE_AVAILABLE,"Verified complete across all 4 input streams (RZSM lags, ERA5 atm, S2S CF/PF GRIBs, Ground Truth)",NONE
CASE_20231111_0931,2023-11-11,VAL,USABLE_AVAILABLE,USABLE_AVAILABLE,"Verified complete across all 4 input streams (RZSM lags, ERA5 atm, S2S CF/PF GRIBs, Ground Truth)",NONE
CASE_20231114_0932,2023-11-14,VAL,PROVIDER_UNAVAILABLE_MARS_NO_DATA,PROVIDER_UNAVAILABLE_MARS_NO_DATA,ECMWF CY48R1 late-year reforecast archive operates on bi-weekly alternating schedule in Nov/Dec (MARS returned MarsNoDataError),MarsNoDataError
CASE_20231118_0933,2023-11-18,VAL,PROVIDER_UNAVAILABLE_MARS_NO_DATA,PROVIDER_UNAVAILABLE_MARS_NO_DATA,ECMWF CY48R1 late-year reforecast archive operates on bi-weekly alternating schedule in Nov/Dec (MARS returned MarsNoDataError),MarsNoDataError
CASE_20231121_0934,2023-11-21,VAL,USABLE_AVAILABLE,USABLE_AVAILABLE,"Verified complete across all 4 input streams (RZSM lags, ERA5 atm, S2S CF/PF GRIBs, Ground Truth)",NONE
CASE_20231125_0935,2023-11-25,VAL,USABLE_AVAILABLE,USABLE_AVAILABLE,"Verified complete across all 4 input streams (RZSM lags, ERA5 atm, S2S CF/PF GRIBs, Ground Truth)",NONE
CASE_20231128_0936,2023-11-28,VAL,PROVIDER_UNAVAILABLE_MARS_NO_DATA,PROVIDER_UNAVAILABLE_MARS_NO_DATA,ECMWF CY48R1 late-year reforecast archive operates on bi-weekly alternating schedule in Nov/Dec (MARS returned MarsNoDataError),MarsNoDataError
CASE_20231202_0937,2023-12-02,VAL,PROVIDER_UNAVAILABLE_MARS_NO_DATA,PROVIDER_UNAVAILABLE_MARS_NO_DATA,ECMWF CY48R1 late-year reforecast archive operates on bi-weekly alternating schedule in Nov/Dec (MARS returned MarsNoDataError),MarsNoDataError
CASE_20231205_0938,2023-12-05,VAL,USABLE_AVAILABLE,USABLE_AVAILABLE,"Verified complete across all 4 input streams (RZSM lags, ERA5 atm, S2S CF/PF GRIBs, Ground Truth)",NONE
CASE_20231209_0939,2023-12-09,VAL,USABLE_AVAILABLE,USABLE_AVAILABLE,"Verified complete across all 4 input streams (RZSM lags, ERA5 atm, S2S CF/PF GRIBs, Ground Truth)",NONE
CASE_20231212_0940,2023-12-12,VAL,PROVIDER_UNAVAILABLE_MARS_NO_DATA,PROVIDER_UNAVAILABLE_MARS_NO_DATA,ECMWF CY48R1 late-year reforecast archive operates on bi-weekly alternating schedule in Nov/Dec (MARS returned MarsNoDataError),MarsNoDataError
CASE_20231216_0941,2023-12-16,VAL,PROVIDER_UNAVAILABLE_MARS_NO_DATA,PROVIDER_UNAVAILABLE_MARS_NO_DATA,ECMWF CY48R1 late-year reforecast archive operates on bi-weekly alternating schedule in Nov/Dec (MARS returned MarsNoDataError),MarsNoDataError
CASE_20231219_0942,2023-12-19,VAL,USABLE_AVAILABLE,USABLE_AVAILABLE,"Verified complete across all 4 input streams (RZSM lags, ERA5 atm, S2S CF/PF GRIBs, Ground Truth)",NONE
CASE_20231223_0943,2023-12-23,VAL,USABLE_AVAILABLE,USABLE_AVAILABLE,"Verified complete across all 4 input streams (RZSM lags, ERA5 atm, S2S CF/PF GRIBs, Ground Truth)",NONE
CASE_20231226_0944,2023-12-26,VAL,PROVIDER_UNAVAILABLE_MARS_NO_DATA,PROVIDER_UNAVAILABLE_MARS_NO_DATA,ECMWF CY48R1 late-year reforecast archive operates on bi-weekly alternating schedule in Nov/Dec (MARS returned MarsNoDataError),MarsNoDataError
CASE_20231230_0945,2023-12-30,VAL,PROVIDER_UNAVAILABLE_MARS_NO_DATA,PROVIDER_UNAVAILABLE_MARS_NO_DATA,ECMWF CY48R1 late-year reforecast archive operates on bi-weekly alternating schedule in Nov/Dec (MARS returned MarsNoDataError),MarsNoDataError
CASE_20240101_0946,2024-01-01,SEALED_TEST,USABLE_AVAILABLE,USABLE_AVAILABLE,"Verified complete across all 4 input streams (RZSM lags, ERA5 atm, S2S CF/PF GRIBs, Ground Truth)",NONE
CASE_20240104_0947,2024-01-04,SEALED_TEST,USABLE_AVAILABLE,USABLE_AVAILABLE,"Verified complete across all 4 input streams (RZSM lags, ERA5 atm, S2S CF/PF GRIBs, Ground Truth)",NONE
CASE_20240108_0948,2024-01-08,SEALED_TEST,USABLE_AVAILABLE,USABLE_AVAILABLE,"Verified complete across all 4 input streams (RZSM lags, ERA5 atm, S2S CF/PF GRIBs, Ground Truth)",NONE
CASE_20240111_0949,2024-01-11,SEALED_TEST,USABLE_AVAILABLE,USABLE_AVAILABLE,"Verified complete across all 4 input streams (RZSM lags, ERA5 atm, S2S CF/PF GRIBs, Ground Truth)",NONE
CASE_20240115_0950,2024-01-15,SEALED_TEST,USABLE_AVAILABLE,USABLE_AVAILABLE,"Verified complete across all 4 input streams (RZSM lags, ERA5 atm, S2S CF/PF GRIBs, Ground Truth)",NONE
CASE_20240118_0951,2024-01-18,SEALED_TEST,USABLE_AVAILABLE,USABLE_AVAILABLE,"Verified complete across all 4 input streams (RZSM lags, ERA5 atm, S2S CF/PF GRIBs, Ground Truth)",NONE
CASE_20240122_0952,2024-01-22,SEALED_TEST,USABLE_AVAILABLE,USABLE_AVAILABLE,"Verified complete across all 4 input streams (RZSM lags, ERA5 atm, S2S CF/PF GRIBs, Ground Truth)",NONE
CASE_20240125_0953,2024-01-25,SEALED_TEST,USABLE_AVAILABLE,USABLE_AVAILABLE,"Verified complete across all 4 input streams (RZSM lags, ERA5 atm, S2S CF/PF GRIBs, Ground Truth)",NONE
CASE_20240129_0954,2024-01-29,SEALED_TEST,USABLE_AVAILABLE,USABLE_AVAILABLE,"Verified complete across all 4 input streams (RZSM lags, ERA5 atm, S2S CF/PF GRIBs, Ground Truth)",NONE
CASE_20240201_0955,2024-02-01,SEALED_TEST,USABLE_AVAILABLE,USABLE_AVAILABLE,"Verified complete across all 4 input streams (RZSM lags, ERA5 atm, S2S CF/PF GRIBs, Ground Truth)",NONE
CASE_20240205_0956,2024-02-05,SEALED_TEST,USABLE_AVAILABLE,USABLE_AVAILABLE,"Verified complete across all 4 input streams (RZSM lags, ERA5 atm, S2S CF/PF GRIBs, Ground Truth)",NONE
CASE_20240208_0957,2024-02-08,SEALED_TEST,USABLE_AVAILABLE,USABLE_AVAILABLE,"Verified complete across all 4 input streams (RZSM lags, ERA5 atm, S2S CF/PF GRIBs, Ground Truth)",NONE
CASE_20240212_0958,2024-02-12,SEALED_TEST,USABLE_AVAILABLE,USABLE_AVAILABLE,"Verified complete across all 4 input streams (RZSM lags, ERA5 atm, S2S CF/PF GRIBs, Ground Truth)",NONE
CASE_20240215_0959,2024-02-15,SEALED_TEST,USABLE_AVAILABLE,USABLE_AVAILABLE,"Verified complete across all 4 input streams (RZSM lags, ERA5 atm, S2S CF/PF GRIBs, Ground Truth)",NONE
CASE_20240219_0960,2024-02-19,SEALED_TEST,USABLE_AVAILABLE,USABLE_AVAILABLE,"Verified complete across all 4 input streams (RZSM lags, ERA5 atm, S2S CF/PF GRIBs, Ground Truth)",NONE
CASE_20240222_0961,2024-02-22,SEALED_TEST,USABLE_AVAILABLE,USABLE_AVAILABLE,"Verified complete across all 4 input streams (RZSM lags, ERA5 atm, S2S CF/PF GRIBs, Ground Truth)",NONE
CASE_20240226_0962,2024-02-26,SEALED_TEST,USABLE_AVAILABLE,USABLE_AVAILABLE,"Verified complete across all 4 input streams (RZSM lags, ERA5 atm, S2S CF/PF GRIBs, Ground Truth)",NONE
CASE_20240229_0963,2024-02-29,SEALED_TEST,USABLE_AVAILABLE,USABLE_AVAILABLE,"Verified complete across all 4 input streams (RZSM lags, ERA5 atm, S2S CF/PF GRIBs, Ground Truth)",NONE
CASE_20240304_0964,2024-03-04,SEALED_TEST,USABLE_AVAILABLE,USABLE_AVAILABLE,"Verified complete across all 4 input streams (RZSM lags, ERA5 atm, S2S CF/PF GRIBs, Ground Truth)",NONE
CASE_20240307_0965,2024-03-07,SEALED_TEST,USABLE_AVAILABLE,USABLE_AVAILABLE,"Verified complete across all 4 input streams (RZSM lags, ERA5 atm, S2S CF/PF GRIBs, Ground Truth)",NONE
CASE_20240311_0966,2024-03-11,SEALED_TEST,USABLE_AVAILABLE,USABLE_AVAILABLE,"Verified complete across all 4 input streams (RZSM lags, ERA5 atm, S2S CF/PF GRIBs, Ground Truth)",NONE
CASE_20240314_0967,2024-03-14,SEALED_TEST,USABLE_AVAILABLE,USABLE_AVAILABLE,"Verified complete across all 4 input streams (RZSM lags, ERA5 atm, S2S CF/PF GRIBs, Ground Truth)",NONE
CASE_20240318_0968,2024-03-18,SEALED_TEST,USABLE_AVAILABLE,USABLE_AVAILABLE,"Verified complete across all 4 input streams (RZSM lags, ERA5 atm, S2S CF/PF GRIBs, Ground Truth)",NONE
CASE_20240321_0969,2024-03-21,SEALED_TEST,USABLE_AVAILABLE,USABLE_AVAILABLE,"Verified complete across all 4 input streams (RZSM lags, ERA5 atm, S2S CF/PF GRIBs, Ground Truth)",NONE
CASE_20240325_0970,2024-03-25,SEALED_TEST,USABLE_AVAILABLE,USABLE_AVAILABLE,"Verified complete across all 4 input streams (RZSM lags, ERA5 atm, S2S CF/PF GRIBs, Ground Truth)",NONE
CASE_20240328_0971,2024-03-28,SEALED_TEST,USABLE_AVAILABLE,USABLE_AVAILABLE,"Verified complete across all 4 input streams (RZSM lags, ERA5 atm, S2S CF/PF GRIBs, Ground Truth)",NONE
CASE_20240401_0972,2024-04-01,SEALED_TEST,USABLE_AVAILABLE,USABLE_AVAILABLE,"Verified complete across all 4 input streams (RZSM lags, ERA5 atm, S2S CF/PF GRIBs, Ground Truth)",NONE
CASE_20240404_0973,2024-04-04,SEALED_TEST,USABLE_AVAILABLE,USABLE_AVAILABLE,"Verified complete across all 4 input streams (RZSM lags, ERA5 atm, S2S CF/PF GRIBs, Ground Truth)",NONE
CASE_20240408_0974,2024-04-08,SEALED_TEST,USABLE_AVAILABLE,USABLE_AVAILABLE,"Verified complete across all 4 input streams (RZSM lags, ERA5 atm, S2S CF/PF GRIBs, Ground Truth)",NONE
CASE_20240411_0975,2024-04-11,SEALED_TEST,USABLE_AVAILABLE,USABLE_AVAILABLE,"Verified complete across all 4 input streams (RZSM lags, ERA5 atm, S2S CF/PF GRIBs, Ground Truth)",NONE
CASE_20240415_0976,2024-04-15,SEALED_TEST,USABLE_AVAILABLE,USABLE_AVAILABLE,"Verified complete across all 4 input streams (RZSM lags, ERA5 atm, S2S CF/PF GRIBs, Ground Truth)",NONE
CASE_20240418_0977,2024-04-18,SEALED_TEST,USABLE_AVAILABLE,USABLE_AVAILABLE,"Verified complete across all 4 input streams (RZSM lags, ERA5 atm, S2S CF/PF GRIBs, Ground Truth)",NONE
CASE_20240422_0978,2024-04-22,SEALED_TEST,USABLE_AVAILABLE,USABLE_AVAILABLE,"Verified complete across all 4 input streams (RZSM lags, ERA5 atm, S2S CF/PF GRIBs, Ground Truth)",NONE
CASE_20240425_0979,2024-04-25,SEALED_TEST,USABLE_AVAILABLE,USABLE_AVAILABLE,"Verified complete across all 4 input streams (RZSM lags, ERA5 atm, S2S CF/PF GRIBs, Ground Truth)",NONE
CASE_20240429_0980,2024-04-29,SEALED_TEST,USABLE_AVAILABLE,USABLE_AVAILABLE,"Verified complete across all 4 input streams (RZSM lags, ERA5 atm, S2S CF/PF GRIBs, Ground Truth)",NONE
CASE_20240502_0981,2024-05-02,SEALED_TEST,USABLE_AVAILABLE,USABLE_AVAILABLE,"Verified complete across all 4 input streams (RZSM lags, ERA5 atm, S2S CF/PF GRIBs, Ground Truth)",NONE
CASE_20240506_0982,2024-05-06,SEALED_TEST,USABLE_AVAILABLE,USABLE_AVAILABLE,"Verified complete across all 4 input streams (RZSM lags, ERA5 atm, S2S CF/PF GRIBs, Ground Truth)",NONE
CASE_20240509_0983,2024-05-09,SEALED_TEST,USABLE_AVAILABLE,USABLE_AVAILABLE,"Verified complete across all 4 input streams (RZSM lags, ERA5 atm, S2S CF/PF GRIBs, Ground Truth)",NONE
CASE_20240513_0984,2024-05-13,SEALED_TEST,USABLE_AVAILABLE,USABLE_AVAILABLE,"Verified complete across all 4 input streams (RZSM lags, ERA5 atm, S2S CF/PF GRIBs, Ground Truth)",NONE
CASE_20240516_0985,2024-05-16,SEALED_TEST,USABLE_AVAILABLE,USABLE_AVAILABLE,"Verified complete across all 4 input streams (RZSM lags, ERA5 atm, S2S CF/PF GRIBs, Ground Truth)",NONE
CASE_20240520_0986,2024-05-20,SEALED_TEST,USABLE_AVAILABLE,USABLE_AVAILABLE,"Verified complete across all 4 input streams (RZSM lags, ERA5 atm, S2S CF/PF GRIBs, Ground Truth)",NONE
CASE_20240523_0987,2024-05-23,SEALED_TEST,USABLE_AVAILABLE,USABLE_AVAILABLE,"Verified complete across all 4 input streams (RZSM lags, ERA5 atm, S2S CF/PF GRIBs, Ground Truth)",NONE
CASE_20240527_0988,2024-05-27,SEALED_TEST,USABLE_AVAILABLE,USABLE_AVAILABLE,"Verified complete across all 4 input streams (RZSM lags, ERA5 atm, S2S CF/PF GRIBs, Ground Truth)",NONE
CASE_20240530_0989,2024-05-30,SEALED_TEST,USABLE_AVAILABLE,USABLE_AVAILABLE,"Verified complete across all 4 input streams (RZSM lags, ERA5 atm, S2S CF/PF GRIBs, Ground Truth)",NONE
CASE_20240603_0990,2024-06-03,SEALED_TEST,USABLE_AVAILABLE,USABLE_AVAILABLE,"Verified complete across all 4 input streams (RZSM lags, ERA5 atm, S2S CF/PF GRIBs, Ground Truth)",NONE
CASE_20240606_0991,2024-06-06,SEALED_TEST,USABLE_AVAILABLE,USABLE_AVAILABLE,"Verified complete across all 4 input streams (RZSM lags, ERA5 atm, S2S CF/PF GRIBs, Ground Truth)",NONE
CASE_20240610_0992,2024-06-10,SEALED_TEST,USABLE_AVAILABLE,USABLE_AVAILABLE,"Verified complete across all 4 input streams (RZSM lags, ERA5 atm, S2S CF/PF GRIBs, Ground Truth)",NONE
CASE_20240613_0993,2024-06-13,SEALED_TEST,USABLE_AVAILABLE,USABLE_AVAILABLE,"Verified complete across all 4 input streams (RZSM lags, ERA5 atm, S2S CF/PF GRIBs, Ground Truth)",NONE
CASE_20240617_0994,2024-06-17,SEALED_TEST,USABLE_AVAILABLE,USABLE_AVAILABLE,"Verified complete across all 4 input streams (RZSM lags, ERA5 atm, S2S CF/PF GRIBs, Ground Truth)",NONE
CASE_20240620_0995,2024-06-20,SEALED_TEST,USABLE_AVAILABLE,USABLE_AVAILABLE,"Verified complete across all 4 input streams (RZSM lags, ERA5 atm, S2S CF/PF GRIBs, Ground Truth)",NONE
CASE_20240624_0996,2024-06-24,SEALED_TEST,USABLE_AVAILABLE,USABLE_AVAILABLE,"Verified complete across all 4 input streams (RZSM lags, ERA5 atm, S2S CF/PF GRIBs, Ground Truth)",NONE
CASE_20240627_0997,2024-06-27,SEALED_TEST,USABLE_AVAILABLE,USABLE_AVAILABLE,"Verified complete across all 4 input streams (RZSM lags, ERA5 atm, S2S CF/PF GRIBs, Ground Truth)",NONE
CASE_20240701_0998,2024-07-01,SEALED_TEST,USABLE_AVAILABLE,USABLE_AVAILABLE,"Verified complete across all 4 input streams (RZSM lags, ERA5 atm, S2S CF/PF GRIBs, Ground Truth)",NONE
CASE_20240704_0999,2024-07-04,SEALED_TEST,USABLE_AVAILABLE,USABLE_AVAILABLE,"Verified complete across all 4 input streams (RZSM lags, ERA5 atm, S2S CF/PF GRIBs, Ground Truth)",NONE
CASE_20240708_1000,2024-07-08,SEALED_TEST,USABLE_AVAILABLE,USABLE_AVAILABLE,"Verified complete across all 4 input streams (RZSM lags, ERA5 atm, S2S CF/PF GRIBs, Ground Truth)",NONE
CASE_20240711_1001,2024-07-11,SEALED_TEST,USABLE_AVAILABLE,USABLE_AVAILABLE,"Verified complete across all 4 input streams (RZSM lags, ERA5 atm, S2S CF/PF GRIBs, Ground Truth)",NONE
CASE_20240715_1002,2024-07-15,SEALED_TEST,USABLE_AVAILABLE,USABLE_AVAILABLE,"Verified complete across all 4 input streams (RZSM lags, ERA5 atm, S2S CF/PF GRIBs, Ground Truth)",NONE
CASE_20240718_1003,2024-07-18,SEALED_TEST,USABLE_AVAILABLE,USABLE_AVAILABLE,"Verified complete across all 4 input streams (RZSM lags, ERA5 atm, S2S CF/PF GRIBs, Ground Truth)",NONE
CASE_20240722_1004,2024-07-22,SEALED_TEST,USABLE_AVAILABLE,USABLE_AVAILABLE,"Verified complete across all 4 input streams (RZSM lags, ERA5 atm, S2S CF/PF GRIBs, Ground Truth)",NONE
CASE_20240725_1005,2024-07-25,SEALED_TEST,USABLE_AVAILABLE,USABLE_AVAILABLE,"Verified complete across all 4 input streams (RZSM lags, ERA5 atm, S2S CF/PF GRIBs, Ground Truth)",NONE
CASE_20240729_1006,2024-07-29,SEALED_TEST,USABLE_AVAILABLE,USABLE_AVAILABLE,"Verified complete across all 4 input streams (RZSM lags, ERA5 atm, S2S CF/PF GRIBs, Ground Truth)",NONE
CASE_20240801_1007,2024-08-01,SEALED_TEST,USABLE_AVAILABLE,USABLE_AVAILABLE,"Verified complete across all 4 input streams (RZSM lags, ERA5 atm, S2S CF/PF GRIBs, Ground Truth)",NONE
CASE_20240805_1008,2024-08-05,SEALED_TEST,USABLE_AVAILABLE,USABLE_AVAILABLE,"Verified complete across all 4 input streams (RZSM lags, ERA5 atm, S2S CF/PF GRIBs, Ground Truth)",NONE
CASE_20240808_1009,2024-08-08,SEALED_TEST,USABLE_AVAILABLE,USABLE_AVAILABLE,"Verified complete across all 4 input streams (RZSM lags, ERA5 atm, S2S CF/PF GRIBs, Ground Truth)",NONE
CASE_20240812_1010,2024-08-12,SEALED_TEST,USABLE_AVAILABLE,USABLE_AVAILABLE,"Verified complete across all 4 input streams (RZSM lags, ERA5 atm, S2S CF/PF GRIBs, Ground Truth)",NONE
CASE_20240815_1011,2024-08-15,SEALED_TEST,USABLE_AVAILABLE,USABLE_AVAILABLE,"Verified complete across all 4 input streams (RZSM lags, ERA5 atm, S2S CF/PF GRIBs, Ground Truth)",NONE
CASE_20240819_1012,2024-08-19,SEALED_TEST,USABLE_AVAILABLE,USABLE_AVAILABLE,"Verified complete across all 4 input streams (RZSM lags, ERA5 atm, S2S CF/PF GRIBs, Ground Truth)",NONE
CASE_20240822_1013,2024-08-22,SEALED_TEST,USABLE_AVAILABLE,USABLE_AVAILABLE,"Verified complete across all 4 input streams (RZSM lags, ERA5 atm, S2S CF/PF GRIBs, Ground Truth)",NONE
CASE_20240826_1014,2024-08-26,SEALED_TEST,USABLE_AVAILABLE,USABLE_AVAILABLE,"Verified complete across all 4 input streams (RZSM lags, ERA5 atm, S2S CF/PF GRIBs, Ground Truth)",NONE
CASE_20240829_1015,2024-08-29,SEALED_TEST,USABLE_AVAILABLE,USABLE_AVAILABLE,"Verified complete across all 4 input streams (RZSM lags, ERA5 atm, S2S CF/PF GRIBs, Ground Truth)",NONE
CASE_20240902_1016,2024-09-02,SEALED_TEST,USABLE_AVAILABLE,USABLE_AVAILABLE,"Verified complete across all 4 input streams (RZSM lags, ERA5 atm, S2S CF/PF GRIBs, Ground Truth)",NONE
CASE_20240905_1017,2024-09-05,SEALED_TEST,USABLE_AVAILABLE,USABLE_AVAILABLE,"Verified complete across all 4 input streams (RZSM lags, ERA5 atm, S2S CF/PF GRIBs, Ground Truth)",NONE
CASE_20240909_1018,2024-09-09,SEALED_TEST,USABLE_AVAILABLE,USABLE_AVAILABLE,"Verified complete across all 4 input streams (RZSM lags, ERA5 atm, S2S CF/PF GRIBs, Ground Truth)",NONE
CASE_20240912_1019,2024-09-12,SEALED_TEST,USABLE_AVAILABLE,USABLE_AVAILABLE,"Verified complete across all 4 input streams (RZSM lags, ERA5 atm, S2S CF/PF GRIBs, Ground Truth)",NONE
CASE_20240916_1020,2024-09-16,SEALED_TEST,USABLE_AVAILABLE,USABLE_AVAILABLE,"Verified complete across all 4 input streams (RZSM lags, ERA5 atm, S2S CF/PF GRIBs, Ground Truth)",NONE
CASE_20240919_1021,2024-09-19,SEALED_TEST,USABLE_AVAILABLE,USABLE_AVAILABLE,"Verified complete across all 4 input streams (RZSM lags, ERA5 atm, S2S CF/PF GRIBs, Ground Truth)",NONE
CASE_20240923_1022,2024-09-23,SEALED_TEST,USABLE_AVAILABLE,USABLE_AVAILABLE,"Verified complete across all 4 input streams (RZSM lags, ERA5 atm, S2S CF/PF GRIBs, Ground Truth)",NONE
CASE_20240926_1023,2024-09-26,SEALED_TEST,USABLE_AVAILABLE,USABLE_AVAILABLE,"Verified complete across all 4 input streams (RZSM lags, ERA5 atm, S2S CF/PF GRIBs, Ground Truth)",NONE
CASE_20240930_1024,2024-09-30,SEALED_TEST,USABLE_AVAILABLE,USABLE_AVAILABLE,"Verified complete across all 4 input streams (RZSM lags, ERA5 atm, S2S CF/PF GRIBs, Ground Truth)",NONE
CASE_20241003_1025,2024-10-03,SEALED_TEST,USABLE_AVAILABLE,USABLE_AVAILABLE,"Verified complete across all 4 input streams (RZSM lags, ERA5 atm, S2S CF/PF GRIBs, Ground Truth)",NONE
CASE_20241007_1026,2024-10-07,SEALED_TEST,USABLE_AVAILABLE,USABLE_AVAILABLE,"Verified complete across all 4 input streams (RZSM lags, ERA5 atm, S2S CF/PF GRIBs, Ground Truth)",NONE
CASE_20241010_1027,2024-10-10,SEALED_TEST,USABLE_AVAILABLE,USABLE_AVAILABLE,"Verified complete across all 4 input streams (RZSM lags, ERA5 atm, S2S CF/PF GRIBs, Ground Truth)",NONE
CASE_20241014_1028,2024-10-14,SEALED_TEST,USABLE_AVAILABLE,USABLE_AVAILABLE,"Verified complete across all 4 input streams (RZSM lags, ERA5 atm, S2S CF/PF GRIBs, Ground Truth)",NONE
CASE_20241017_1029,2024-10-17,SEALED_TEST,USABLE_AVAILABLE,USABLE_AVAILABLE,"Verified complete across all 4 input streams (RZSM lags, ERA5 atm, S2S CF/PF GRIBs, Ground Truth)",NONE
CASE_20241021_1030,2024-10-21,SEALED_TEST,USABLE_AVAILABLE,USABLE_AVAILABLE,"Verified complete across all 4 input streams (RZSM lags, ERA5 atm, S2S CF/PF GRIBs, Ground Truth)",NONE
CASE_20241024_1031,2024-10-24,SEALED_TEST,USABLE_AVAILABLE,USABLE_AVAILABLE,"Verified complete across all 4 input streams (RZSM lags, ERA5 atm, S2S CF/PF GRIBs, Ground Truth)",NONE
CASE_20241028_1032,2024-10-28,SEALED_TEST,USABLE_AVAILABLE,USABLE_AVAILABLE,"Verified complete across all 4 input streams (RZSM lags, ERA5 atm, S2S CF/PF GRIBs, Ground Truth)",NONE
CASE_20241031_1033,2024-10-31,SEALED_TEST,USABLE_AVAILABLE,USABLE_AVAILABLE,"Verified complete across all 4 input streams (RZSM lags, ERA5 atm, S2S CF/PF GRIBs, Ground Truth)",NONE
CASE_20241104_1034,2024-11-04,SEALED_TEST,USABLE_AVAILABLE,USABLE_AVAILABLE,"Verified complete across all 4 input streams (RZSM lags, ERA5 atm, S2S CF/PF GRIBs, Ground Truth)",NONE
CASE_20241107_1035,2024-11-07,SEALED_TEST,USABLE_AVAILABLE,USABLE_AVAILABLE,"Verified complete across all 4 input streams (RZSM lags, ERA5 atm, S2S CF/PF GRIBs, Ground Truth)",NONE
CASE_20241111_1036,2024-11-11,SEALED_TEST,USABLE_AVAILABLE,USABLE_AVAILABLE,"Verified complete across all 4 input streams (RZSM lags, ERA5 atm, S2S CF/PF GRIBs, Ground Truth)",NONE
CASE_20241114_1037,2024-11-14,SEALED_TEST,USABLE_AVAILABLE,USABLE_AVAILABLE,"Verified complete across all 4 input streams (RZSM lags, ERA5 atm, S2S CF/PF GRIBs, Ground Truth)",NONE
CASE_20241118_1038,2024-11-18,SEALED_TEST,USABLE_AVAILABLE,USABLE_AVAILABLE,"Verified complete across all 4 input streams (RZSM lags, ERA5 atm, S2S CF/PF GRIBs, Ground Truth)",NONE
CASE_20241121_1039,2024-11-21,SEALED_TEST,USABLE_AVAILABLE,USABLE_AVAILABLE,"Verified complete across all 4 input streams (RZSM lags, ERA5 atm, S2S CF/PF GRIBs, Ground Truth)",NONE
CASE_20241125_1040,2024-11-25,SEALED_TEST,USABLE_AVAILABLE,USABLE_AVAILABLE,"Verified complete across all 4 input streams (RZSM lags, ERA5 atm, S2S CF/PF GRIBs, Ground Truth)",NONE
CASE_20241128_1041,2024-11-28,SEALED_TEST,USABLE_AVAILABLE,USABLE_AVAILABLE,"Verified complete across all 4 input streams (RZSM lags, ERA5 atm, S2S CF/PF GRIBs, Ground Truth)",NONE
CASE_20241202_1042,2024-12-02,SEALED_TEST,USABLE_AVAILABLE,USABLE_AVAILABLE,"Verified complete across all 4 input streams (RZSM lags, ERA5 atm, S2S CF/PF GRIBs, Ground Truth)",NONE
CASE_20241205_1043,2024-12-05,SEALED_TEST,USABLE_AVAILABLE,USABLE_AVAILABLE,"Verified complete across all 4 input streams (RZSM lags, ERA5 atm, S2S CF/PF GRIBs, Ground Truth)",NONE
CASE_20241209_1044,2024-12-09,SEALED_TEST,USABLE_AVAILABLE,USABLE_AVAILABLE,"Verified complete across all 4 input streams (RZSM lags, ERA5 atm, S2S CF/PF GRIBs, Ground Truth)",NONE
CASE_20241212_1045,2024-12-12,SEALED_TEST,USABLE_AVAILABLE,USABLE_AVAILABLE,"Verified complete across all 4 input streams (RZSM lags, ERA5 atm, S2S CF/PF GRIBs, Ground Truth)",NONE
CASE_20241216_1046,2024-12-16,SEALED_TEST,USABLE_AVAILABLE,USABLE_AVAILABLE,"Verified complete across all 4 input streams (RZSM lags, ERA5 atm, S2S CF/PF GRIBs, Ground Truth)",NONE
CASE_20241219_1047,2024-12-19,SEALED_TEST,USABLE_AVAILABLE,USABLE_AVAILABLE,"Verified complete across all 4 input streams (RZSM lags, ERA5 atm, S2S CF/PF GRIBs, Ground Truth)",NONE
CASE_20241223_1048,2024-12-23,SEALED_TEST,USABLE_AVAILABLE,USABLE_AVAILABLE,"Verified complete across all 4 input streams (RZSM lags, ERA5 atm, S2S CF/PF GRIBs, Ground Truth)",NONE
CASE_20241226_1049,2024-12-26,SEALED_TEST,USABLE_AVAILABLE,USABLE_AVAILABLE,"Verified complete across all 4 input streams (RZSM lags, ERA5 atm, S2S CF/PF GRIBs, Ground Truth)",NONE
CASE_20241230_1050,2024-12-30,SEALED_TEST,USABLE_AVAILABLE,USABLE_AVAILABLE,"Verified complete across all 4 input streams (RZSM lags, ERA5 atm, S2S CF/PF GRIBs, Ground Truth)",NONE
CASE_20250102_1051,2025-01-02,SEALED_TEST,USABLE_AVAILABLE,USABLE_AVAILABLE,"Verified complete across all 4 input streams (RZSM lags, ERA5 atm, S2S CF/PF GRIBs, Ground Truth)",NONE
CASE_20250106_1052,2025-01-06,SEALED_TEST,USABLE_AVAILABLE,USABLE_AVAILABLE,"Verified complete across all 4 input streams (RZSM lags, ERA5 atm, S2S CF/PF GRIBs, Ground Truth)",NONE
CASE_20250109_1053,2025-01-09,SEALED_TEST,USABLE_AVAILABLE,USABLE_AVAILABLE,"Verified complete across all 4 input streams (RZSM lags, ERA5 atm, S2S CF/PF GRIBs, Ground Truth)",NONE
CASE_20250113_1054,2025-01-13,SEALED_TEST,USABLE_AVAILABLE,USABLE_AVAILABLE,"Verified complete across all 4 input streams (RZSM lags, ERA5 atm, S2S CF/PF GRIBs, Ground Truth)",NONE
CASE_20250116_1055,2025-01-16,SEALED_TEST,USABLE_AVAILABLE,USABLE_AVAILABLE,"Verified complete across all 4 input streams (RZSM lags, ERA5 atm, S2S CF/PF GRIBs, Ground Truth)",NONE
CASE_20250120_1056,2025-01-20,SEALED_TEST,USABLE_AVAILABLE,USABLE_AVAILABLE,"Verified complete across all 4 input streams (RZSM lags, ERA5 atm, S2S CF/PF GRIBs, Ground Truth)",NONE
CASE_20250123_1057,2025-01-23,SEALED_TEST,USABLE_AVAILABLE,USABLE_AVAILABLE,"Verified complete across all 4 input streams (RZSM lags, ERA5 atm, S2S CF/PF GRIBs, Ground Truth)",NONE
CASE_20250127_1058,2025-01-27,SEALED_TEST,USABLE_AVAILABLE,USABLE_AVAILABLE,"Verified complete across all 4 input streams (RZSM lags, ERA5 atm, S2S CF/PF GRIBs, Ground Truth)",NONE
CASE_20250130_1059,2025-01-30,SEALED_TEST,USABLE_AVAILABLE,USABLE_AVAILABLE,"Verified complete across all 4 input streams (RZSM lags, ERA5 atm, S2S CF/PF GRIBs, Ground Truth)",NONE
CASE_20250203_1060,2025-02-03,SEALED_TEST,USABLE_AVAILABLE,USABLE_AVAILABLE,"Verified complete across all 4 input streams (RZSM lags, ERA5 atm, S2S CF/PF GRIBs, Ground Truth)",NONE
CASE_20250206_1061,2025-02-06,SEALED_TEST,USABLE_AVAILABLE,USABLE_AVAILABLE,"Verified complete across all 4 input streams (RZSM lags, ERA5 atm, S2S CF/PF GRIBs, Ground Truth)",NONE
CASE_20250210_1062,2025-02-10,SEALED_TEST,USABLE_AVAILABLE,USABLE_AVAILABLE,"Verified complete across all 4 input streams (RZSM lags, ERA5 atm, S2S CF/PF GRIBs, Ground Truth)",NONE
CASE_20250213_1063,2025-02-13,SEALED_TEST,USABLE_AVAILABLE,USABLE_AVAILABLE,"Verified complete across all 4 input streams (RZSM lags, ERA5 atm, S2S CF/PF GRIBs, Ground Truth)",NONE
CASE_20250217_1064,2025-02-17,SEALED_TEST,USABLE_AVAILABLE,USABLE_AVAILABLE,"Verified complete across all 4 input streams (RZSM lags, ERA5 atm, S2S CF/PF GRIBs, Ground Truth)",NONE
CASE_20250220_1065,2025-02-20,SEALED_TEST,USABLE_AVAILABLE,USABLE_AVAILABLE,"Verified complete across all 4 input streams (RZSM lags, ERA5 atm, S2S CF/PF GRIBs, Ground Truth)",NONE
CASE_20250224_1066,2025-02-24,SEALED_TEST,USABLE_AVAILABLE,USABLE_AVAILABLE,"Verified complete across all 4 input streams (RZSM lags, ERA5 atm, S2S CF/PF GRIBs, Ground Truth)",NONE
CASE_20250227_1067,2025-02-27,SEALED_TEST,USABLE_AVAILABLE,USABLE_AVAILABLE,"Verified complete across all 4 input streams (RZSM lags, ERA5 atm, S2S CF/PF GRIBs, Ground Truth)",NONE
CASE_20250303_1068,2025-03-03,SEALED_TEST,USABLE_AVAILABLE,USABLE_AVAILABLE,"Verified complete across all 4 input streams (RZSM lags, ERA5 atm, S2S CF/PF GRIBs, Ground Truth)",NONE
CASE_20250306_1069,2025-03-06,SEALED_TEST,USABLE_AVAILABLE,USABLE_AVAILABLE,"Verified complete across all 4 input streams (RZSM lags, ERA5 atm, S2S CF/PF GRIBs, Ground Truth)",NONE
CASE_20250310_1070,2025-03-10,SEALED_TEST,USABLE_AVAILABLE,USABLE_AVAILABLE,"Verified complete across all 4 input streams (RZSM lags, ERA5 atm, S2S CF/PF GRIBs, Ground Truth)",NONE
CASE_20250313_1071,2025-03-13,SEALED_TEST,USABLE_AVAILABLE,USABLE_AVAILABLE,"Verified complete across all 4 input streams (RZSM lags, ERA5 atm, S2S CF/PF GRIBs, Ground Truth)",NONE
CASE_20250317_1072,2025-03-17,SEALED_TEST,USABLE_AVAILABLE,USABLE_AVAILABLE,"Verified complete across all 4 input streams (RZSM lags, ERA5 atm, S2S CF/PF GRIBs, Ground Truth)",NONE
CASE_20250320_1073,2025-03-20,SEALED_TEST,USABLE_AVAILABLE,USABLE_AVAILABLE,"Verified complete across all 4 input streams (RZSM lags, ERA5 atm, S2S CF/PF GRIBs, Ground Truth)",NONE
CASE_20250324_1074,2025-03-24,SEALED_TEST,USABLE_AVAILABLE,USABLE_AVAILABLE,"Verified complete across all 4 input streams (RZSM lags, ERA5 atm, S2S CF/PF GRIBs, Ground Truth)",NONE
CASE_20250327_1075,2025-03-27,SEALED_TEST,USABLE_AVAILABLE,USABLE_AVAILABLE,"Verified complete across all 4 input streams (RZSM lags, ERA5 atm, S2S CF/PF GRIBs, Ground Truth)",NONE
CASE_20250331_1076,2025-03-31,SEALED_TEST,USABLE_AVAILABLE,USABLE_AVAILABLE,"Verified complete across all 4 input streams (RZSM lags, ERA5 atm, S2S CF/PF GRIBs, Ground Truth)",NONE
CASE_20250403_1077,2025-04-03,SEALED_TEST,USABLE_AVAILABLE,USABLE_AVAILABLE,"Verified complete across all 4 input streams (RZSM lags, ERA5 atm, S2S CF/PF GRIBs, Ground Truth)",NONE
CASE_20250407_1078,2025-04-07,SEALED_TEST,USABLE_AVAILABLE,USABLE_AVAILABLE,"Verified complete across all 4 input streams (RZSM lags, ERA5 atm, S2S CF/PF GRIBs, Ground Truth)",NONE
CASE_20250410_1079,2025-04-10,SEALED_TEST,USABLE_AVAILABLE,USABLE_AVAILABLE,"Verified complete across all 4 input streams (RZSM lags, ERA5 atm, S2S CF/PF GRIBs, Ground Truth)",NONE
CASE_20250414_1080,2025-04-14,SEALED_TEST,USABLE_AVAILABLE,USABLE_AVAILABLE,"Verified complete across all 4 input streams (RZSM lags, ERA5 atm, S2S CF/PF GRIBs, Ground Truth)",NONE
CASE_20250417_1081,2025-04-17,SEALED_TEST,USABLE_AVAILABLE,USABLE_AVAILABLE,"Verified complete across all 4 input streams (RZSM lags, ERA5 atm, S2S CF/PF GRIBs, Ground Truth)",NONE
CASE_20250421_1082,2025-04-21,SEALED_TEST,USABLE_AVAILABLE,USABLE_AVAILABLE,"Verified complete across all 4 input streams (RZSM lags, ERA5 atm, S2S CF/PF GRIBs, Ground Truth)",NONE
CASE_20250424_1083,2025-04-24,SEALED_TEST,USABLE_AVAILABLE,USABLE_AVAILABLE,"Verified complete across all 4 input streams (RZSM lags, ERA5 atm, S2S CF/PF GRIBs, Ground Truth)",NONE
CASE_20250428_1084,2025-04-28,SEALED_TEST,USABLE_AVAILABLE,USABLE_AVAILABLE,"Verified complete across all 4 input streams (RZSM lags, ERA5 atm, S2S CF/PF GRIBs, Ground Truth)",NONE
CASE_20250501_1085,2025-05-01,SEALED_TEST,USABLE_AVAILABLE,USABLE_AVAILABLE,"Verified complete across all 4 input streams (RZSM lags, ERA5 atm, S2S CF/PF GRIBs, Ground Truth)",NONE
CASE_20250505_1086,2025-05-05,SEALED_TEST,USABLE_AVAILABLE,USABLE_AVAILABLE,"Verified complete across all 4 input streams (RZSM lags, ERA5 atm, S2S CF/PF GRIBs, Ground Truth)",NONE
CASE_20250508_1087,2025-05-08,SEALED_TEST,USABLE_AVAILABLE,USABLE_AVAILABLE,"Verified complete across all 4 input streams (RZSM lags, ERA5 atm, S2S CF/PF GRIBs, Ground Truth)",NONE
CASE_20250512_1088,2025-05-12,SEALED_TEST,USABLE_AVAILABLE,USABLE_AVAILABLE,"Verified complete across all 4 input streams (RZSM lags, ERA5 atm, S2S CF/PF GRIBs, Ground Truth)",NONE
CASE_20250515_1089,2025-05-15,SEALED_TEST,USABLE_AVAILABLE,USABLE_AVAILABLE,"Verified complete across all 4 input streams (RZSM lags, ERA5 atm, S2S CF/PF GRIBs, Ground Truth)",NONE
CASE_20250519_1090,2025-05-19,SEALED_TEST,USABLE_AVAILABLE,USABLE_AVAILABLE,"Verified complete across all 4 input streams (RZSM lags, ERA5 atm, S2S CF/PF GRIBs, Ground Truth)",NONE
CASE_20250522_1091,2025-05-22,SEALED_TEST,USABLE_AVAILABLE,USABLE_AVAILABLE,"Verified complete across all 4 input streams (RZSM lags, ERA5 atm, S2S CF/PF GRIBs, Ground Truth)",NONE
CASE_20250526_1092,2025-05-26,SEALED_TEST,USABLE_AVAILABLE,USABLE_AVAILABLE,"Verified complete across all 4 input streams (RZSM lags, ERA5 atm, S2S CF/PF GRIBs, Ground Truth)",NONE
CASE_20250529_1093,2025-05-29,SEALED_TEST,USABLE_AVAILABLE,USABLE_AVAILABLE,"Verified complete across all 4 input streams (RZSM lags, ERA5 atm, S2S CF/PF GRIBs, Ground Truth)",NONE
CASE_20250602_1094,2025-06-02,SEALED_TEST,USABLE_AVAILABLE,USABLE_AVAILABLE,"Verified complete across all 4 input streams (RZSM lags, ERA5 atm, S2S CF/PF GRIBs, Ground Truth)",NONE
CASE_20250605_1095,2025-06-05,SEALED_TEST,USABLE_AVAILABLE,USABLE_AVAILABLE,"Verified complete across all 4 input streams (RZSM lags, ERA5 atm, S2S CF/PF GRIBs, Ground Truth)",NONE
CASE_20250609_1096,2025-06-09,SEALED_TEST,USABLE_AVAILABLE,USABLE_AVAILABLE,"Verified complete across all 4 input streams (RZSM lags, ERA5 atm, S2S CF/PF GRIBs, Ground Truth)",NONE
CASE_20250612_1097,2025-06-12,SEALED_TEST,USABLE_AVAILABLE,USABLE_AVAILABLE,"Verified complete across all 4 input streams (RZSM lags, ERA5 atm, S2S CF/PF GRIBs, Ground Truth)",NONE
CASE_20250616_1098,2025-06-16,SEALED_TEST,USABLE_AVAILABLE,USABLE_AVAILABLE,"Verified complete across all 4 input streams (RZSM lags, ERA5 atm, S2S CF/PF GRIBs, Ground Truth)",NONE
CASE_20250619_1099,2025-06-19,SEALED_TEST,USABLE_AVAILABLE,USABLE_AVAILABLE,"Verified complete across all 4 input streams (RZSM lags, ERA5 atm, S2S CF/PF GRIBs, Ground Truth)",NONE
CASE_20250623_1100,2025-06-23,SEALED_TEST,USABLE_AVAILABLE,USABLE_AVAILABLE,"Verified complete across all 4 input streams (RZSM lags, ERA5 atm, S2S CF/PF GRIBs, Ground Truth)",NONE
CASE_20250626_1101,2025-06-26,SEALED_TEST,USABLE_AVAILABLE,USABLE_AVAILABLE,"Verified complete across all 4 input streams (RZSM lags, ERA5 atm, S2S CF/PF GRIBs, Ground Truth)",NONE
CASE_20250630_1102,2025-06-30,SEALED_TEST,USABLE_AVAILABLE,USABLE_AVAILABLE,"Verified complete across all 4 input streams (RZSM lags, ERA5 atm, S2S CF/PF GRIBs, Ground Truth)",NONE
CASE_20250703_1103,2025-07-03,SEALED_TEST,USABLE_AVAILABLE,USABLE_AVAILABLE,"Verified complete across all 4 input streams (RZSM lags, ERA5 atm, S2S CF/PF GRIBs, Ground Truth)",NONE
CASE_20250707_1104,2025-07-07,SEALED_TEST,USABLE_AVAILABLE,USABLE_AVAILABLE,"Verified complete across all 4 input streams (RZSM lags, ERA5 atm, S2S CF/PF GRIBs, Ground Truth)",NONE
CASE_20250710_1105,2025-07-10,SEALED_TEST,USABLE_AVAILABLE,USABLE_AVAILABLE,"Verified complete across all 4 input streams (RZSM lags, ERA5 atm, S2S CF/PF GRIBs, Ground Truth)",NONE
CASE_20250714_1106,2025-07-14,SEALED_TEST,USABLE_AVAILABLE,USABLE_AVAILABLE,"Verified complete across all 4 input streams (RZSM lags, ERA5 atm, S2S CF/PF GRIBs, Ground Truth)",NONE
CASE_20250717_1107,2025-07-17,SEALED_TEST,USABLE_AVAILABLE,USABLE_AVAILABLE,"Verified complete across all 4 input streams (RZSM lags, ERA5 atm, S2S CF/PF GRIBs, Ground Truth)",NONE
CASE_20250721_1108,2025-07-21,SEALED_TEST,USABLE_AVAILABLE,USABLE_AVAILABLE,"Verified complete across all 4 input streams (RZSM lags, ERA5 atm, S2S CF/PF GRIBs, Ground Truth)",NONE
CASE_20250724_1109,2025-07-24,SEALED_TEST,USABLE_AVAILABLE,USABLE_AVAILABLE,"Verified complete across all 4 input streams (RZSM lags, ERA5 atm, S2S CF/PF GRIBs, Ground Truth)",NONE
CASE_20250728_1110,2025-07-28,SEALED_TEST,USABLE_AVAILABLE,USABLE_AVAILABLE,"Verified complete across all 4 input streams (RZSM lags, ERA5 atm, S2S CF/PF GRIBs, Ground Truth)",NONE
CASE_20250731_1111,2025-07-31,SEALED_TEST,USABLE_AVAILABLE,USABLE_AVAILABLE,"Verified complete across all 4 input streams (RZSM lags, ERA5 atm, S2S CF/PF GRIBs, Ground Truth)",NONE
CASE_20250804_1112,2025-08-04,SEALED_TEST,USABLE_AVAILABLE,USABLE_AVAILABLE,"Verified complete across all 4 input streams (RZSM lags, ERA5 atm, S2S CF/PF GRIBs, Ground Truth)",NONE
CASE_20250807_1113,2025-08-07,SEALED_TEST,USABLE_AVAILABLE,USABLE_AVAILABLE,"Verified complete across all 4 input streams (RZSM lags, ERA5 atm, S2S CF/PF GRIBs, Ground Truth)",NONE
CASE_20250811_1114,2025-08-11,SEALED_TEST,USABLE_AVAILABLE,USABLE_AVAILABLE,"Verified complete across all 4 input streams (RZSM lags, ERA5 atm, S2S CF/PF GRIBs, Ground Truth)",NONE
CASE_20250814_1115,2025-08-14,SEALED_TEST,USABLE_AVAILABLE,USABLE_AVAILABLE,"Verified complete across all 4 input streams (RZSM lags, ERA5 atm, S2S CF/PF GRIBs, Ground Truth)",NONE
CASE_20250818_1116,2025-08-18,SEALED_TEST,USABLE_AVAILABLE,USABLE_AVAILABLE,"Verified complete across all 4 input streams (RZSM lags, ERA5 atm, S2S CF/PF GRIBs, Ground Truth)",NONE
CASE_20250821_1117,2025-08-21,SEALED_TEST,USABLE_AVAILABLE,USABLE_AVAILABLE,"Verified complete across all 4 input streams (RZSM lags, ERA5 atm, S2S CF/PF GRIBs, Ground Truth)",NONE
CASE_20250825_1118,2025-08-25,SEALED_TEST,USABLE_AVAILABLE,USABLE_AVAILABLE,"Verified complete across all 4 input streams (RZSM lags, ERA5 atm, S2S CF/PF GRIBs, Ground Truth)",NONE
CASE_20250828_1119,2025-08-28,SEALED_TEST,USABLE_AVAILABLE,USABLE_AVAILABLE,"Verified complete across all 4 input streams (RZSM lags, ERA5 atm, S2S CF/PF GRIBs, Ground Truth)",NONE
CASE_20250901_1120,2025-09-01,SEALED_TEST,USABLE_AVAILABLE,USABLE_AVAILABLE,"Verified complete across all 4 input streams (RZSM lags, ERA5 atm, S2S CF/PF GRIBs, Ground Truth)",NONE
CASE_20250904_1121,2025-09-04,SEALED_TEST,USABLE_AVAILABLE,USABLE_AVAILABLE,"Verified complete across all 4 input streams (RZSM lags, ERA5 atm, S2S CF/PF GRIBs, Ground Truth)",NONE
CASE_20250908_1122,2025-09-08,SEALED_TEST,USABLE_AVAILABLE,USABLE_AVAILABLE,"Verified complete across all 4 input streams (RZSM lags, ERA5 atm, S2S CF/PF GRIBs, Ground Truth)",NONE
CASE_20250911_1123,2025-09-11,SEALED_TEST,USABLE_AVAILABLE,USABLE_AVAILABLE,"Verified complete across all 4 input streams (RZSM lags, ERA5 atm, S2S CF/PF GRIBs, Ground Truth)",NONE
CASE_20250915_1124,2025-09-15,SEALED_TEST,USABLE_AVAILABLE,USABLE_AVAILABLE,"Verified complete across all 4 input streams (RZSM lags, ERA5 atm, S2S CF/PF GRIBs, Ground Truth)",NONE
CASE_20250918_1125,2025-09-18,SEALED_TEST,USABLE_AVAILABLE,USABLE_AVAILABLE,"Verified complete across all 4 input streams (RZSM lags, ERA5 atm, S2S CF/PF GRIBs, Ground Truth)",NONE
CASE_20250922_1126,2025-09-22,SEALED_TEST,USABLE_AVAILABLE,USABLE_AVAILABLE,"Verified complete across all 4 input streams (RZSM lags, ERA5 atm, S2S CF/PF GRIBs, Ground Truth)",NONE
CASE_20250925_1127,2025-09-25,SEALED_TEST,USABLE_AVAILABLE,USABLE_AVAILABLE,"Verified complete across all 4 input streams (RZSM lags, ERA5 atm, S2S CF/PF GRIBs, Ground Truth)",NONE
CASE_20250929_1128,2025-09-29,SEALED_TEST,USABLE_AVAILABLE,USABLE_AVAILABLE,"Verified complete across all 4 input streams (RZSM lags, ERA5 atm, S2S CF/PF GRIBs, Ground Truth)",NONE
CASE_20251002_1129,2025-10-02,SEALED_TEST,USABLE_AVAILABLE,USABLE_AVAILABLE,"Verified complete across all 4 input streams (RZSM lags, ERA5 atm, S2S CF/PF GRIBs, Ground Truth)",NONE
CASE_20251006_1130,2025-10-06,SEALED_TEST,USABLE_AVAILABLE,USABLE_AVAILABLE,"Verified complete across all 4 input streams (RZSM lags, ERA5 atm, S2S CF/PF GRIBs, Ground Truth)",NONE
CASE_20251009_1131,2025-10-09,SEALED_TEST,USABLE_AVAILABLE,USABLE_AVAILABLE,"Verified complete across all 4 input streams (RZSM lags, ERA5 atm, S2S CF/PF GRIBs, Ground Truth)",NONE
CASE_20251013_1132,2025-10-13,SEALED_TEST,USABLE_AVAILABLE,USABLE_AVAILABLE,"Verified complete across all 4 input streams (RZSM lags, ERA5 atm, S2S CF/PF GRIBs, Ground Truth)",NONE
CASE_20251016_1133,2025-10-16,SEALED_TEST,USABLE_AVAILABLE,USABLE_AVAILABLE,"Verified complete across all 4 input streams (RZSM lags, ERA5 atm, S2S CF/PF GRIBs, Ground Truth)",NONE
CASE_20251020_1134,2025-10-20,SEALED_TEST,USABLE_AVAILABLE,USABLE_AVAILABLE,"Verified complete across all 4 input streams (RZSM lags, ERA5 atm, S2S CF/PF GRIBs, Ground Truth)",NONE
CASE_20251023_1135,2025-10-23,SEALED_TEST,USABLE_AVAILABLE,USABLE_AVAILABLE,"Verified complete across all 4 input streams (RZSM lags, ERA5 atm, S2S CF/PF GRIBs, Ground Truth)",NONE
CASE_20251027_1136,2025-10-27,SEALED_TEST,USABLE_AVAILABLE,USABLE_AVAILABLE,"Verified complete across all 4 input streams (RZSM lags, ERA5 atm, S2S CF/PF GRIBs, Ground Truth)",NONE
CASE_20251030_1137,2025-10-30,SEALED_TEST,USABLE_AVAILABLE,USABLE_AVAILABLE,"Verified complete across all 4 input streams (RZSM lags, ERA5 atm, S2S CF/PF GRIBs, Ground Truth)",NONE
CASE_20251103_1138,2025-11-03,SEALED_TEST,USABLE_AVAILABLE,USABLE_AVAILABLE,"Verified complete across all 4 input streams (RZSM lags, ERA5 atm, S2S CF/PF GRIBs, Ground Truth)",NONE
CASE_20251106_1139,2025-11-06,SEALED_TEST,USABLE_AVAILABLE,USABLE_AVAILABLE,"Verified complete across all 4 input streams (RZSM lags, ERA5 atm, S2S CF/PF GRIBs, Ground Truth)",NONE
CASE_20251110_1140,2025-11-10,SEALED_TEST,USABLE_AVAILABLE,USABLE_AVAILABLE,"Verified complete across all 4 input streams (RZSM lags, ERA5 atm, S2S CF/PF GRIBs, Ground Truth)",NONE
CASE_20251113_1141,2025-11-13,SEALED_TEST,USABLE_AVAILABLE,USABLE_AVAILABLE,"Verified complete across all 4 input streams (RZSM lags, ERA5 atm, S2S CF/PF GRIBs, Ground Truth)",NONE
CASE_20251117_1142,2025-11-17,SEALED_TEST,USABLE_AVAILABLE,USABLE_AVAILABLE,"Verified complete across all 4 input streams (RZSM lags, ERA5 atm, S2S CF/PF GRIBs, Ground Truth)",NONE
CASE_20251120_1143,2025-11-20,SEALED_TEST,USABLE_AVAILABLE,USABLE_AVAILABLE,"Verified complete across all 4 input streams (RZSM lags, ERA5 atm, S2S CF/PF GRIBs, Ground Truth)",NONE
CASE_20251124_1144,2025-11-24,SEALED_TEST,USABLE_AVAILABLE,USABLE_AVAILABLE,"Verified complete across all 4 input streams (RZSM lags, ERA5 atm, S2S CF/PF GRIBs, Ground Truth)",NONE
CASE_20251127_1145,2025-11-27,SEALED_TEST,USABLE_AVAILABLE,USABLE_AVAILABLE,"Verified complete across all 4 input streams (RZSM lags, ERA5 atm, S2S CF/PF GRIBs, Ground Truth)",NONE
CASE_20251201_1146,2025-12-01,SEALED_TEST,USABLE_AVAILABLE,USABLE_AVAILABLE,"Verified complete across all 4 input streams (RZSM lags, ERA5 atm, S2S CF/PF GRIBs, Ground Truth)",NONE
CASE_20251204_1147,2025-12-04,SEALED_TEST,USABLE_AVAILABLE,USABLE_AVAILABLE,"Verified complete across all 4 input streams (RZSM lags, ERA5 atm, S2S CF/PF GRIBs, Ground Truth)",NONE
CASE_20251208_1148,2025-12-08,SEALED_TEST,TARGET_OUT_OF_BOUNDS,TARGET_OUT_OF_BOUNDS,Target W4 verification date (+27d) extends into 2026 beyond ERA5-Land continuous cube termination (2025-12-31),NONE
CASE_20251211_1149,2025-12-11,SEALED_TEST,TARGET_OUT_OF_BOUNDS,TARGET_OUT_OF_BOUNDS,Target W4 verification date (+27d) extends into 2026 beyond ERA5-Land continuous cube termination (2025-12-31),NONE
CASE_20251215_1150,2025-12-15,SEALED_TEST,TARGET_OUT_OF_BOUNDS,TARGET_OUT_OF_BOUNDS,Target W4 verification date (+27d) extends into 2026 beyond ERA5-Land continuous cube termination (2025-12-31),NONE
CASE_20251218_1151,2025-12-18,SEALED_TEST,TARGET_OUT_OF_BOUNDS,TARGET_OUT_OF_BOUNDS,Target W4 verification date (+27d) extends into 2026 beyond ERA5-Land continuous cube termination (2025-12-31),NONE
CASE_20251222_1152,2025-12-22,SEALED_TEST,TARGET_OUT_OF_BOUNDS,TARGET_OUT_OF_BOUNDS,Target W4 verification date (+27d) extends into 2026 beyond ERA5-Land continuous cube termination (2025-12-31),NONE
CASE_20251225_1153,2025-12-25,SEALED_TEST,TARGET_OUT_OF_BOUNDS,TARGET_OUT_OF_BOUNDS,Target W4 verification date (+27d) extends into 2026 beyond ERA5-Land continuous cube termination (2025-12-31),NONE
CASE_20251229_1154,2025-12-29,SEALED_TEST,TARGET_OUT_OF_BOUNDS,TARGET_OUT_OF_BOUNDS,Target W4 verification date (+27d) extends into 2026 beyond ERA5-Land continuous cube termination (2025-12-31),NONE
