case_id,cycle_index,issue_date,operational_run_date,operational_weekday,hindcast_weekday,split,lag_1d_date,lag_7d_date,lag_14d_date,target_w1_date,target_w2_date,target_w3_date,target_w4_date,antecedent_rzsm_available,future_target_rzsm_available,era5_atmospheric_available,s2s_available,usable_status,notes
CASE_20150101_0001,1,2015-01-01,2024-01-01,Monday,Thursday,TRAIN,2014-12-31,2014-12-25,2014-12-18,2015-01-07,2015-01-14,2015-01-21,2015-01-28,True,True,True,True,USABLE_READY,All 4 data components verified and available in GCS lake
CASE_20150104_0002,2,2015-01-04,2024-01-04,Thursday,Sunday,TRAIN,2015-01-03,2014-12-28,2014-12-21,2015-01-10,2015-01-17,2015-01-24,2015-01-31,True,True,True,True,USABLE_READY,All 4 data components verified and available in GCS lake
CASE_20150108_0003,3,2015-01-08,2024-01-08,Monday,Thursday,TRAIN,2015-01-07,2015-01-01,2014-12-25,2015-01-14,2015-01-21,2015-01-28,2015-02-04,True,True,True,True,USABLE_READY,All 4 data components verified and available in GCS lake
CASE_20150111_0004,4,2015-01-11,2024-01-11,Thursday,Sunday,TRAIN,2015-01-10,2015-01-04,2014-12-28,2015-01-17,2015-01-24,2015-01-31,2015-02-07,True,True,True,True,USABLE_READY,All 4 data components verified and available in GCS lake
CASE_20150115_0005,5,2015-01-15,2024-01-15,Monday,Thursday,TRAIN,2015-01-14,2015-01-08,2015-01-01,2015-01-21,2015-01-28,2015-02-04,2015-02-11,True,True,True,True,USABLE_READY,All 4 data components verified and available in GCS lake
CASE_20150118_0006,6,2015-01-18,2024-01-18,Thursday,Sunday,TRAIN,2015-01-17,2015-01-11,2015-01-04,2015-01-24,2015-01-31,2015-02-07,2015-02-14,True,True,True,True,USABLE_READY,All 4 data components verified and available in GCS lake
CASE_20150122_0007,7,2015-01-22,2024-01-22,Monday,Thursday,TRAIN,2015-01-21,2015-01-15,2015-01-08,2015-01-28,2015-02-04,2015-02-11,2015-02-18,True,True,True,True,USABLE_READY,All 4 data components verified and available in GCS lake
CASE_20150125_0008,8,2015-01-25,2024-01-25,Thursday,Sunday,TRAIN,2015-01-24,2015-01-18,2015-01-11,2015-01-31,2015-02-07,2015-02-14,2015-02-21,True,True,True,True,USABLE_READY,All 4 data components verified and available in GCS lake
CASE_20150129_0009,9,2015-01-29,2024-01-29,Monday,Thursday,TRAIN,2015-01-28,2015-01-22,2015-01-15,2015-02-04,2015-02-11,2015-02-18,2015-02-25,True,True,True,True,USABLE_READY,All 4 data components verified and available in GCS lake
CASE_20150201_0010,10,2015-02-01,2024-02-01,Thursday,Sunday,TRAIN,2015-01-31,2015-01-25,2015-01-18,2015-02-07,2015-02-14,2015-02-21,2015-02-28,True,True,True,True,USABLE_READY,All 4 data components verified and available in GCS lake
CASE_20150205_0011,11,2015-02-05,2024-02-05,Monday,Thursday,TRAIN,2015-02-04,2015-01-29,2015-01-22,2015-02-11,2015-02-18,2015-02-25,2015-03-04,True,True,True,True,USABLE_READY,All 4 data components verified and available in GCS lake
CASE_20150208_0012,12,2015-02-08,2024-02-08,Thursday,Sunday,TRAIN,2015-02-07,2015-02-01,2015-01-25,2015-02-14,2015-02-21,2015-02-28,2015-03-07,True,True,True,True,USABLE_READY,All 4 data components verified and available in GCS lake
CASE_20150212_0013,13,2015-02-12,2024-02-12,Monday,Thursday,TRAIN,2015-02-11,2015-02-05,2015-01-29,2015-02-18,2015-02-25,2015-03-04,2015-03-11,True,True,True,True,USABLE_READY,All 4 data components verified and available in GCS lake
CASE_20150215_0014,14,2015-02-15,2024-02-15,Thursday,Sunday,TRAIN,2015-02-14,2015-02-08,2015-02-01,2015-02-21,2015-02-28,2015-03-07,2015-03-14,True,True,True,True,USABLE_READY,All 4 data components verified and available in GCS lake
CASE_20150219_0015,15,2015-02-19,2024-02-19,Monday,Thursday,TRAIN,2015-02-18,2015-02-12,2015-02-05,2015-02-25,2015-03-04,2015-03-11,2015-03-18,True,True,True,True,USABLE_READY,All 4 data components verified and available in GCS lake
CASE_20150222_0016,16,2015-02-22,2024-02-22,Thursday,Sunday,TRAIN,2015-02-21,2015-02-15,2015-02-08,2015-02-28,2015-03-07,2015-03-14,2015-03-21,True,True,True,True,USABLE_READY,All 4 data components verified and available in GCS lake
CASE_20150226_0017,17,2015-02-26,2024-02-26,Monday,Thursday,TRAIN,2015-02-25,2015-02-19,2015-02-12,2015-03-04,2015-03-11,2015-03-18,2015-03-25,True,True,True,True,USABLE_READY,All 4 data components verified and available in GCS lake
CASE_20150228_0018,18,2015-02-28,2024-02-29,Thursday,Saturday,TRAIN,2015-02-27,2015-02-21,2015-02-14,2015-03-06,2015-03-13,2015-03-20,2015-03-27,True,True,True,True,USABLE_READY,All 4 data components verified and available in GCS lake
CASE_20150304_0019,19,2015-03-04,2024-03-04,Monday,Wednesday,TRAIN,2015-03-03,2015-02-25,2015-02-18,2015-03-10,2015-03-17,2015-03-24,2015-03-31,True,True,True,True,USABLE_READY,All 4 data components verified and available in GCS lake
CASE_20150307_0020,20,2015-03-07,2024-03-07,Thursday,Saturday,TRAIN,2015-03-06,2015-02-28,2015-02-21,2015-03-13,2015-03-20,2015-03-27,2015-04-03,True,True,True,True,USABLE_READY,All 4 data components verified and available in GCS lake
CASE_20150311_0021,21,2015-03-11,2024-03-11,Monday,Wednesday,TRAIN,2015-03-10,2015-03-04,2015-02-25,2015-03-17,2015-03-24,2015-03-31,2015-04-07,True,True,True,True,USABLE_READY,All 4 data components verified and available in GCS lake
CASE_20150314_0022,22,2015-03-14,2024-03-14,Thursday,Saturday,TRAIN,2015-03-13,2015-03-07,2015-02-28,2015-03-20,2015-03-27,2015-04-03,2015-04-10,True,True,True,True,USABLE_READY,All 4 data components verified and available in GCS lake
CASE_20150318_0023,23,2015-03-18,2024-03-18,Monday,Wednesday,TRAIN,2015-03-17,2015-03-11,2015-03-04,2015-03-24,2015-03-31,2015-04-07,2015-04-14,True,True,True,True,USABLE_READY,All 4 data components verified and available in GCS lake
CASE_20150321_0024,24,2015-03-21,2024-03-21,Thursday,Saturday,TRAIN,2015-03-20,2015-03-14,2015-03-07,2015-03-27,2015-04-03,2015-04-10,2015-04-17,True,True,True,True,USABLE_READY,All 4 data components verified and available in GCS lake
CASE_20150325_0025,25,2015-03-25,2024-03-25,Monday,Wednesday,TRAIN,2015-03-24,2015-03-18,2015-03-11,2015-03-31,2015-04-07,2015-04-14,2015-04-21,True,True,True,True,USABLE_READY,All 4 data components verified and available in GCS lake
CASE_20150328_0026,26,2015-03-28,2024-03-28,Thursday,Saturday,TRAIN,2015-03-27,2015-03-21,2015-03-14,2015-04-03,2015-04-10,2015-04-17,2015-04-24,True,True,True,True,USABLE_READY,All 4 data components verified and available in GCS lake
CASE_20150401_0027,27,2015-04-01,2024-04-01,Monday,Wednesday,TRAIN,2015-03-31,2015-03-25,2015-03-18,2015-04-07,2015-04-14,2015-04-21,2015-04-28,True,True,True,True,USABLE_READY,All 4 data components verified and available in GCS lake
CASE_20150404_0028,28,2015-04-04,2024-04-04,Thursday,Saturday,TRAIN,2015-04-03,2015-03-28,2015-03-21,2015-04-10,2015-04-17,2015-04-24,2015-05-01,True,True,True,True,USABLE_READY,All 4 data components verified and available in GCS lake
CASE_20150408_0029,29,2015-04-08,2024-04-08,Monday,Wednesday,TRAIN,2015-04-07,2015-04-01,2015-03-25,2015-04-14,2015-04-21,2015-04-28,2015-05-05,True,True,True,True,USABLE_READY,All 4 data components verified and available in GCS lake
CASE_20150411_0030,30,2015-04-11,2024-04-11,Thursday,Saturday,TRAIN,2015-04-10,2015-04-04,2015-03-28,2015-04-17,2015-04-24,2015-05-01,2015-05-08,True,True,True,True,USABLE_READY,All 4 data components verified and available in GCS lake
CASE_20150415_0031,31,2015-04-15,2024-04-15,Monday,Wednesday,TRAIN,2015-04-14,2015-04-08,2015-04-01,2015-04-21,2015-04-28,2015-05-05,2015-05-12,True,True,True,True,USABLE_READY,All 4 data components verified and available in GCS lake
CASE_20150418_0032,32,2015-04-18,2024-04-18,Thursday,Saturday,TRAIN,2015-04-17,2015-04-11,2015-04-04,2015-04-24,2015-05-01,2015-05-08,2015-05-15,True,True,True,True,USABLE_READY,All 4 data components verified and available in GCS lake
CASE_20150422_0033,33,2015-04-22,2024-04-22,Monday,Wednesday,TRAIN,2015-04-21,2015-04-15,2015-04-08,2015-04-28,2015-05-05,2015-05-12,2015-05-19,True,True,True,True,USABLE_READY,All 4 data components verified and available in GCS lake
CASE_20150425_0034,34,2015-04-25,2024-04-25,Thursday,Saturday,TRAIN,2015-04-24,2015-04-18,2015-04-11,2015-05-01,2015-05-08,2015-05-15,2015-05-22,True,True,True,True,USABLE_READY,All 4 data components verified and available in GCS lake
CASE_20150429_0035,35,2015-04-29,2024-04-29,Monday,Wednesday,TRAIN,2015-04-28,2015-04-22,2015-04-15,2015-05-05,2015-05-12,2015-05-19,2015-05-26,True,True,True,True,USABLE_READY,All 4 data components verified and available in GCS lake
CASE_20150502_0036,36,2015-05-02,2024-05-02,Thursday,Saturday,TRAIN,2015-05-01,2015-04-25,2015-04-18,2015-05-08,2015-05-15,2015-05-22,2015-05-29,True,True,True,True,USABLE_READY,All 4 data components verified and available in GCS lake
CASE_20150506_0037,37,2015-05-06,2024-05-06,Monday,Wednesday,TRAIN,2015-05-05,2015-04-29,2015-04-22,2015-05-12,2015-05-19,2015-05-26,2015-06-02,True,True,True,True,USABLE_READY,All 4 data components verified and available in GCS lake
CASE_20150509_0038,38,2015-05-09,2024-05-09,Thursday,Saturday,TRAIN,2015-05-08,2015-05-02,2015-04-25,2015-05-15,2015-05-22,2015-05-29,2015-06-05,True,True,True,True,USABLE_READY,All 4 data components verified and available in GCS lake
CASE_20150513_0039,39,2015-05-13,2024-05-13,Monday,Wednesday,TRAIN,2015-05-12,2015-05-06,2015-04-29,2015-05-19,2015-05-26,2015-06-02,2015-06-09,True,True,True,True,USABLE_READY,All 4 data components verified and available in GCS lake
CASE_20150516_0040,40,2015-05-16,2024-05-16,Thursday,Saturday,TRAIN,2015-05-15,2015-05-09,2015-05-02,2015-05-22,2015-05-29,2015-06-05,2015-06-12,True,True,True,True,USABLE_READY,All 4 data components verified and available in GCS lake
CASE_20150520_0041,41,2015-05-20,2024-05-20,Monday,Wednesday,TRAIN,2015-05-19,2015-05-13,2015-05-06,2015-05-26,2015-06-02,2015-06-09,2015-06-16,True,True,True,True,USABLE_READY,All 4 data components verified and available in GCS lake
CASE_20150523_0042,42,2015-05-23,2024-05-23,Thursday,Saturday,TRAIN,2015-05-22,2015-05-16,2015-05-09,2015-05-29,2015-06-05,2015-06-12,2015-06-19,True,True,True,True,USABLE_READY,All 4 data components verified and available in GCS lake
CASE_20150527_0043,43,2015-05-27,2024-05-27,Monday,Wednesday,TRAIN,2015-05-26,2015-05-20,2015-05-13,2015-06-02,2015-06-09,2015-06-16,2015-06-23,True,True,True,True,USABLE_READY,All 4 data components verified and available in GCS lake
CASE_20150530_0044,44,2015-05-30,2024-05-30,Thursday,Saturday,TRAIN,2015-05-29,2015-05-23,2015-05-16,2015-06-05,2015-06-12,2015-06-19,2015-06-26,True,True,True,True,USABLE_READY,All 4 data components verified and available in GCS lake
CASE_20150603_0045,45,2015-06-03,2024-06-03,Monday,Wednesday,TRAIN,2015-06-02,2015-05-27,2015-05-20,2015-06-09,2015-06-16,2015-06-23,2015-06-30,True,True,True,True,USABLE_READY,All 4 data components verified and available in GCS lake
CASE_20150606_0046,46,2015-06-06,2024-06-06,Thursday,Saturday,TRAIN,2015-06-05,2015-05-30,2015-05-23,2015-06-12,2015-06-19,2015-06-26,2015-07-03,True,True,True,True,USABLE_READY,All 4 data components verified and available in GCS lake
CASE_20150610_0047,47,2015-06-10,2024-06-10,Monday,Wednesday,TRAIN,2015-06-09,2015-06-03,2015-05-27,2015-06-16,2015-06-23,2015-06-30,2015-07-07,True,True,True,True,USABLE_READY,All 4 data components verified and available in GCS lake
CASE_20150613_0048,48,2015-06-13,2024-06-13,Thursday,Saturday,TRAIN,2015-06-12,2015-06-06,2015-05-30,2015-06-19,2015-06-26,2015-07-03,2015-07-10,True,True,True,True,USABLE_READY,All 4 data components verified and available in GCS lake
CASE_20150617_0049,49,2015-06-17,2024-06-17,Monday,Wednesday,TRAIN,2015-06-16,2015-06-10,2015-06-03,2015-06-23,2015-06-30,2015-07-07,2015-07-14,True,True,True,True,USABLE_READY,All 4 data components verified and available in GCS lake
CASE_20150620_0050,50,2015-06-20,2024-06-20,Thursday,Saturday,TRAIN,2015-06-19,2015-06-13,2015-06-06,2015-06-26,2015-07-03,2015-07-10,2015-07-17,True,True,True,True,USABLE_READY,All 4 data components verified and available in GCS lake
CASE_20150624_0051,51,2015-06-24,2024-06-24,Monday,Wednesday,TRAIN,2015-06-23,2015-06-17,2015-06-10,2015-06-30,2015-07-07,2015-07-14,2015-07-21,True,True,True,True,USABLE_READY,All 4 data components verified and available in GCS lake
CASE_20150627_0052,52,2015-06-27,2024-06-27,Thursday,Saturday,TRAIN,2015-06-26,2015-06-20,2015-06-13,2015-07-03,2015-07-10,2015-07-17,2015-07-24,True,True,True,True,USABLE_READY,All 4 data components verified and available in GCS lake
CASE_20150701_0053,53,2015-07-01,2024-07-01,Monday,Wednesday,TRAIN,2015-06-30,2015-06-24,2015-06-17,2015-07-07,2015-07-14,2015-07-21,2015-07-28,True,True,True,True,USABLE_READY,All 4 data components verified and available in GCS lake
CASE_20150704_0054,54,2015-07-04,2024-07-04,Thursday,Saturday,TRAIN,2015-07-03,2015-06-27,2015-06-20,2015-07-10,2015-07-17,2015-07-24,2015-07-31,True,True,True,True,USABLE_READY,All 4 data components verified and available in GCS lake
CASE_20150708_0055,55,2015-07-08,2024-07-08,Monday,Wednesday,TRAIN,2015-07-07,2015-07-01,2015-06-24,2015-07-14,2015-07-21,2015-07-28,2015-08-04,True,True,True,True,USABLE_READY,All 4 data components verified and available in GCS lake
CASE_20150711_0056,56,2015-07-11,2024-07-11,Thursday,Saturday,TRAIN,2015-07-10,2015-07-04,2015-06-27,2015-07-17,2015-07-24,2015-07-31,2015-08-07,True,True,True,True,USABLE_READY,All 4 data components verified and available in GCS lake
CASE_20150715_0057,57,2015-07-15,2024-07-15,Monday,Wednesday,TRAIN,2015-07-14,2015-07-08,2015-07-01,2015-07-21,2015-07-28,2015-08-04,2015-08-11,True,True,True,True,USABLE_READY,All 4 data components verified and available in GCS lake
CASE_20150718_0058,58,2015-07-18,2024-07-18,Thursday,Saturday,TRAIN,2015-07-17,2015-07-11,2015-07-04,2015-07-24,2015-07-31,2015-08-07,2015-08-14,True,True,True,True,USABLE_READY,All 4 data components verified and available in GCS lake
CASE_20150722_0059,59,2015-07-22,2024-07-22,Monday,Wednesday,TRAIN,2015-07-21,2015-07-15,2015-07-08,2015-07-28,2015-08-04,2015-08-11,2015-08-18,True,True,True,True,USABLE_READY,All 4 data components verified and available in GCS lake
CASE_20150725_0060,60,2015-07-25,2024-07-25,Thursday,Saturday,TRAIN,2015-07-24,2015-07-18,2015-07-11,2015-07-31,2015-08-07,2015-08-14,2015-08-21,True,True,True,True,USABLE_READY,All 4 data components verified and available in GCS lake
CASE_20150729_0061,61,2015-07-29,2024-07-29,Monday,Wednesday,TRAIN,2015-07-28,2015-07-22,2015-07-15,2015-08-04,2015-08-11,2015-08-18,2015-08-25,True,True,True,True,USABLE_READY,All 4 data components verified and available in GCS lake
CASE_20150801_0062,62,2015-08-01,2024-08-01,Thursday,Saturday,TRAIN,2015-07-31,2015-07-25,2015-07-18,2015-08-07,2015-08-14,2015-08-21,2015-08-28,True,True,True,True,USABLE_READY,All 4 data components verified and available in GCS lake
CASE_20150805_0063,63,2015-08-05,2024-08-05,Monday,Wednesday,TRAIN,2015-08-04,2015-07-29,2015-07-22,2015-08-11,2015-08-18,2015-08-25,2015-09-01,True,True,True,True,USABLE_READY,All 4 data components verified and available in GCS lake
CASE_20150808_0064,64,2015-08-08,2024-08-08,Thursday,Saturday,TRAIN,2015-08-07,2015-08-01,2015-07-25,2015-08-14,2015-08-21,2015-08-28,2015-09-04,True,True,True,True,USABLE_READY,All 4 data components verified and available in GCS lake
CASE_20150812_0065,65,2015-08-12,2024-08-12,Monday,Wednesday,TRAIN,2015-08-11,2015-08-05,2015-07-29,2015-08-18,2015-08-25,2015-09-01,2015-09-08,True,True,True,True,USABLE_READY,All 4 data components verified and available in GCS lake
CASE_20150815_0066,66,2015-08-15,2024-08-15,Thursday,Saturday,TRAIN,2015-08-14,2015-08-08,2015-08-01,2015-08-21,2015-08-28,2015-09-04,2015-09-11,True,True,True,True,USABLE_READY,All 4 data components verified and available in GCS lake
CASE_20150819_0067,67,2015-08-19,2024-08-19,Monday,Wednesday,TRAIN,2015-08-18,2015-08-12,2015-08-05,2015-08-25,2015-09-01,2015-09-08,2015-09-15,True,True,True,True,USABLE_READY,All 4 data components verified and available in GCS lake
CASE_20150822_0068,68,2015-08-22,2024-08-22,Thursday,Saturday,TRAIN,2015-08-21,2015-08-15,2015-08-08,2015-08-28,2015-09-04,2015-09-11,2015-09-18,True,True,True,True,USABLE_READY,All 4 data components verified and available in GCS lake
CASE_20150826_0069,69,2015-08-26,2024-08-26,Monday,Wednesday,TRAIN,2015-08-25,2015-08-19,2015-08-12,2015-09-01,2015-09-08,2015-09-15,2015-09-22,True,True,True,True,USABLE_READY,All 4 data components verified and available in GCS lake
CASE_20150829_0070,70,2015-08-29,2024-08-29,Thursday,Saturday,TRAIN,2015-08-28,2015-08-22,2015-08-15,2015-09-04,2015-09-11,2015-09-18,2015-09-25,True,True,True,True,USABLE_READY,All 4 data components verified and available in GCS lake
CASE_20150902_0071,71,2015-09-02,2024-09-02,Monday,Wednesday,TRAIN,2015-09-01,2015-08-26,2015-08-19,2015-09-08,2015-09-15,2015-09-22,2015-09-29,True,True,True,True,USABLE_READY,All 4 data components verified and available in GCS lake
CASE_20150905_0072,72,2015-09-05,2024-09-05,Thursday,Saturday,TRAIN,2015-09-04,2015-08-29,2015-08-22,2015-09-11,2015-09-18,2015-09-25,2015-10-02,True,True,True,True,USABLE_READY,All 4 data components verified and available in GCS lake
CASE_20150909_0073,73,2015-09-09,2024-09-09,Monday,Wednesday,TRAIN,2015-09-08,2015-09-02,2015-08-26,2015-09-15,2015-09-22,2015-09-29,2015-10-06,True,True,True,True,USABLE_READY,All 4 data components verified and available in GCS lake
CASE_20150912_0074,74,2015-09-12,2024-09-12,Thursday,Saturday,TRAIN,2015-09-11,2015-09-05,2015-08-29,2015-09-18,2015-09-25,2015-10-02,2015-10-09,True,True,True,True,USABLE_READY,All 4 data components verified and available in GCS lake
CASE_20150916_0075,75,2015-09-16,2024-09-16,Monday,Wednesday,TRAIN,2015-09-15,2015-09-09,2015-09-02,2015-09-22,2015-09-29,2015-10-06,2015-10-13,True,True,True,True,USABLE_READY,All 4 data components verified and available in GCS lake
CASE_20150919_0076,76,2015-09-19,2024-09-19,Thursday,Saturday,TRAIN,2015-09-18,2015-09-12,2015-09-05,2015-09-25,2015-10-02,2015-10-09,2015-10-16,True,True,True,True,USABLE_READY,All 4 data components verified and available in GCS lake
CASE_20150923_0077,77,2015-09-23,2024-09-23,Monday,Wednesday,TRAIN,2015-09-22,2015-09-16,2015-09-09,2015-09-29,2015-10-06,2015-10-13,2015-10-20,True,True,True,True,USABLE_READY,All 4 data components verified and available in GCS lake
CASE_20150926_0078,78,2015-09-26,2024-09-26,Thursday,Saturday,TRAIN,2015-09-25,2015-09-19,2015-09-12,2015-10-02,2015-10-09,2015-10-16,2015-10-23,True,True,True,True,USABLE_READY,All 4 data components verified and available in GCS lake
CASE_20150930_0079,79,2015-09-30,2024-09-30,Monday,Wednesday,TRAIN,2015-09-29,2015-09-23,2015-09-16,2015-10-06,2015-10-13,2015-10-20,2015-10-27,True,True,True,True,USABLE_READY,All 4 data components verified and available in GCS lake
CASE_20151003_0080,80,2015-10-03,2024-10-03,Thursday,Saturday,TRAIN,2015-10-02,2015-09-26,2015-09-19,2015-10-09,2015-10-16,2015-10-23,2015-10-30,True,True,True,True,USABLE_READY,All 4 data components verified and available in GCS lake
CASE_20151007_0081,81,2015-10-07,2024-10-07,Monday,Wednesday,TRAIN,2015-10-06,2015-09-30,2015-09-23,2015-10-13,2015-10-20,2015-10-27,2015-11-03,True,True,True,True,USABLE_READY,All 4 data components verified and available in GCS lake
CASE_20151010_0082,82,2015-10-10,2024-10-10,Thursday,Saturday,TRAIN,2015-10-09,2015-10-03,2015-09-26,2015-10-16,2015-10-23,2015-10-30,2015-11-06,True,True,True,True,USABLE_READY,All 4 data components verified and available in GCS lake
CASE_20151014_0083,83,2015-10-14,2024-10-14,Monday,Wednesday,TRAIN,2015-10-13,2015-10-07,2015-09-30,2015-10-20,2015-10-27,2015-11-03,2015-11-10,True,True,True,True,USABLE_READY,All 4 data components verified and available in GCS lake
CASE_20151017_0084,84,2015-10-17,2024-10-17,Thursday,Saturday,TRAIN,2015-10-16,2015-10-10,2015-10-03,2015-10-23,2015-10-30,2015-11-06,2015-11-13,True,True,True,True,USABLE_READY,All 4 data components verified and available in GCS lake
CASE_20151021_0085,85,2015-10-21,2024-10-21,Monday,Wednesday,TRAIN,2015-10-20,2015-10-14,2015-10-07,2015-10-27,2015-11-03,2015-11-10,2015-11-17,True,True,True,True,USABLE_READY,All 4 data components verified and available in GCS lake
CASE_20151024_0086,86,2015-10-24,2024-10-24,Thursday,Saturday,TRAIN,2015-10-23,2015-10-17,2015-10-10,2015-10-30,2015-11-06,2015-11-13,2015-11-20,True,True,True,True,USABLE_READY,All 4 data components verified and available in GCS lake
CASE_20151028_0087,87,2015-10-28,2024-10-28,Monday,Wednesday,TRAIN,2015-10-27,2015-10-21,2015-10-14,2015-11-03,2015-11-10,2015-11-17,2015-11-24,True,True,True,True,USABLE_READY,All 4 data components verified and available in GCS lake
CASE_20151031_0088,88,2015-10-31,2024-10-31,Thursday,Saturday,TRAIN,2015-10-30,2015-10-24,2015-10-17,2015-11-06,2015-11-13,2015-11-20,2015-11-27,True,True,True,True,USABLE_READY,All 4 data components verified and available in GCS lake
CASE_20151104_0089,89,2015-11-04,2024-11-04,Monday,Wednesday,TRAIN,2015-11-03,2015-10-28,2015-10-21,2015-11-10,2015-11-17,2015-11-24,2015-12-01,True,True,True,True,USABLE_READY,All 4 data components verified and available in GCS lake
CASE_20151107_0090,90,2015-11-07,2024-11-07,Thursday,Saturday,TRAIN,2015-11-06,2015-10-31,2015-10-24,2015-11-13,2015-11-20,2015-11-27,2015-12-04,True,True,True,True,USABLE_READY,All 4 data components verified and available in GCS lake
CASE_20151111_0091,91,2015-11-11,2024-11-11,Monday,Wednesday,TRAIN,2015-11-10,2015-11-04,2015-10-28,2015-11-17,2015-11-24,2015-12-01,2015-12-08,True,True,True,True,USABLE_READY,All 4 data components verified and available in GCS lake
CASE_20151114_0092,92,2015-11-14,2024-11-14,Thursday,Saturday,TRAIN,2015-11-13,2015-11-07,2015-10-31,2015-11-20,2015-11-27,2015-12-04,2015-12-11,True,True,True,False,QUEUED_S2S_DOWNLOAD,"Antecedent RZSM, future target RZSM, and ERA5 atm verified; S2S download in progress"
CASE_20151118_0093,93,2015-11-18,2024-11-18,Monday,Wednesday,TRAIN,2015-11-17,2015-11-11,2015-11-04,2015-11-24,2015-12-01,2015-12-08,2015-12-15,True,True,True,False,QUEUED_S2S_DOWNLOAD,"Antecedent RZSM, future target RZSM, and ERA5 atm verified; S2S download in progress"
CASE_20151121_0094,94,2015-11-21,2024-11-21,Thursday,Saturday,TRAIN,2015-11-20,2015-11-14,2015-11-07,2015-11-27,2015-12-04,2015-12-11,2015-12-18,True,True,True,True,USABLE_READY,All 4 data components verified and available in GCS lake
CASE_20151125_0095,95,2015-11-25,2024-11-25,Monday,Wednesday,TRAIN,2015-11-24,2015-11-18,2015-11-11,2015-12-01,2015-12-08,2015-12-15,2015-12-22,True,True,True,True,USABLE_READY,All 4 data components verified and available in GCS lake
CASE_20151128_0096,96,2015-11-28,2024-11-28,Thursday,Saturday,TRAIN,2015-11-27,2015-11-21,2015-11-14,2015-12-04,2015-12-11,2015-12-18,2015-12-25,True,True,True,False,QUEUED_S2S_DOWNLOAD,"Antecedent RZSM, future target RZSM, and ERA5 atm verified; S2S download in progress"
CASE_20151202_0097,97,2015-12-02,2024-12-02,Monday,Wednesday,TRAIN,2015-12-01,2015-11-25,2015-11-18,2015-12-08,2015-12-15,2015-12-22,2015-12-29,True,True,True,False,QUEUED_S2S_DOWNLOAD,"Antecedent RZSM, future target RZSM, and ERA5 atm verified; S2S download in progress"
CASE_20151205_0098,98,2015-12-05,2024-12-05,Thursday,Saturday,TRAIN,2015-12-04,2015-11-28,2015-11-21,2015-12-11,2015-12-18,2015-12-25,2016-01-01,True,True,True,True,USABLE_READY,All 4 data components verified and available in GCS lake
CASE_20151209_0099,99,2015-12-09,2024-12-09,Monday,Wednesday,TRAIN,2015-12-08,2015-12-02,2015-11-25,2015-12-15,2015-12-22,2015-12-29,2016-01-05,True,True,True,True,USABLE_READY,All 4 data components verified and available in GCS lake
CASE_20151212_0100,100,2015-12-12,2024-12-12,Thursday,Saturday,TRAIN,2015-12-11,2015-12-05,2015-11-28,2015-12-18,2015-12-25,2016-01-01,2016-01-08,True,True,True,False,QUEUED_S2S_DOWNLOAD,"Antecedent RZSM, future target RZSM, and ERA5 atm verified; S2S download in progress"
CASE_20151216_0101,101,2015-12-16,2024-12-16,Monday,Wednesday,TRAIN,2015-12-15,2015-12-09,2015-12-02,2015-12-22,2015-12-29,2016-01-05,2016-01-12,True,True,True,False,QUEUED_S2S_DOWNLOAD,"Antecedent RZSM, future target RZSM, and ERA5 atm verified; S2S download in progress"
CASE_20151219_0102,102,2015-12-19,2024-12-19,Thursday,Saturday,TRAIN,2015-12-18,2015-12-12,2015-12-05,2015-12-25,2016-01-01,2016-01-08,2016-01-15,True,True,True,True,USABLE_READY,All 4 data components verified and available in GCS lake
CASE_20151223_0103,103,2015-12-23,2024-12-23,Monday,Wednesday,TRAIN,2015-12-22,2015-12-16,2015-12-09,2015-12-29,2016-01-05,2016-01-12,2016-01-19,True,True,True,True,USABLE_READY,All 4 data components verified and available in GCS lake
CASE_20151226_0104,104,2015-12-26,2024-12-26,Thursday,Saturday,TRAIN,2015-12-25,2015-12-19,2015-12-12,2016-01-01,2016-01-08,2016-01-15,2016-01-22,True,True,True,False,QUEUED_S2S_DOWNLOAD,"Antecedent RZSM, future target RZSM, and ERA5 atm verified; S2S download in progress"
CASE_20151230_0105,105,2015-12-30,2024-12-30,Monday,Wednesday,TRAIN,2015-12-29,2015-12-23,2015-12-16,2016-01-05,2016-01-12,2016-01-19,2016-01-26,True,True,True,False,QUEUED_S2S_DOWNLOAD,"Antecedent RZSM, future target RZSM, and ERA5 atm verified; S2S download in progress"
CASE_20160101_0106,106,2016-01-01,2024-01-01,Monday,Friday,TRAIN,2015-12-31,2015-12-25,2015-12-18,2016-01-07,2016-01-14,2016-01-21,2016-01-28,True,True,True,True,USABLE_READY,All 4 data components verified and available in GCS lake
CASE_20160104_0107,107,2016-01-04,2024-01-04,Thursday,Monday,TRAIN,2016-01-03,2015-12-28,2015-12-21,2016-01-10,2016-01-17,2016-01-24,2016-01-31,True,True,True,True,USABLE_READY,All 4 data components verified and available in GCS lake
CASE_20160108_0108,108,2016-01-08,2024-01-08,Monday,Friday,TRAIN,2016-01-07,2016-01-01,2015-12-25,2016-01-14,2016-01-21,2016-01-28,2016-02-04,True,True,True,True,USABLE_READY,All 4 data components verified and available in GCS lake
CASE_20160111_0109,109,2016-01-11,2024-01-11,Thursday,Monday,TRAIN,2016-01-10,2016-01-04,2015-12-28,2016-01-17,2016-01-24,2016-01-31,2016-02-07,True,True,True,True,USABLE_READY,All 4 data components verified and available in GCS lake
CASE_20160115_0110,110,2016-01-15,2024-01-15,Monday,Friday,TRAIN,2016-01-14,2016-01-08,2016-01-01,2016-01-21,2016-01-28,2016-02-04,2016-02-11,True,True,True,True,USABLE_READY,All 4 data components verified and available in GCS lake
CASE_20160118_0111,111,2016-01-18,2024-01-18,Thursday,Monday,TRAIN,2016-01-17,2016-01-11,2016-01-04,2016-01-24,2016-01-31,2016-02-07,2016-02-14,True,True,True,True,USABLE_READY,All 4 data components verified and available in GCS lake
CASE_20160122_0112,112,2016-01-22,2024-01-22,Monday,Friday,TRAIN,2016-01-21,2016-01-15,2016-01-08,2016-01-28,2016-02-04,2016-02-11,2016-02-18,True,True,True,True,USABLE_READY,All 4 data components verified and available in GCS lake
CASE_20160125_0113,113,2016-01-25,2024-01-25,Thursday,Monday,TRAIN,2016-01-24,2016-01-18,2016-01-11,2016-01-31,2016-02-07,2016-02-14,2016-02-21,True,True,True,True,USABLE_READY,All 4 data components verified and available in GCS lake
CASE_20160129_0114,114,2016-01-29,2024-01-29,Monday,Friday,TRAIN,2016-01-28,2016-01-22,2016-01-15,2016-02-04,2016-02-11,2016-02-18,2016-02-25,True,True,True,True,USABLE_READY,All 4 data components verified and available in GCS lake
CASE_20160201_0115,115,2016-02-01,2024-02-01,Thursday,Monday,TRAIN,2016-01-31,2016-01-25,2016-01-18,2016-02-07,2016-02-14,2016-02-21,2016-02-28,True,True,True,True,USABLE_READY,All 4 data components verified and available in GCS lake
CASE_20160205_0116,116,2016-02-05,2024-02-05,Monday,Friday,TRAIN,2016-02-04,2016-01-29,2016-01-22,2016-02-11,2016-02-18,2016-02-25,2016-03-03,True,True,True,True,USABLE_READY,All 4 data components verified and available in GCS lake
CASE_20160208_0117,117,2016-02-08,2024-02-08,Thursday,Monday,TRAIN,2016-02-07,2016-02-01,2016-01-25,2016-02-14,2016-02-21,2016-02-28,2016-03-06,True,True,True,True,USABLE_READY,All 4 data components verified and available in GCS lake
CASE_20160212_0118,118,2016-02-12,2024-02-12,Monday,Friday,TRAIN,2016-02-11,2016-02-05,2016-01-29,2016-02-18,2016-02-25,2016-03-03,2016-03-10,True,True,True,True,USABLE_READY,All 4 data components verified and available in GCS lake
CASE_20160215_0119,119,2016-02-15,2024-02-15,Thursday,Monday,TRAIN,2016-02-14,2016-02-08,2016-02-01,2016-02-21,2016-02-28,2016-03-06,2016-03-13,True,True,True,True,USABLE_READY,All 4 data components verified and available in GCS lake
CASE_20160219_0120,120,2016-02-19,2024-02-19,Monday,Friday,TRAIN,2016-02-18,2016-02-12,2016-02-05,2016-02-25,2016-03-03,2016-03-10,2016-03-17,True,True,True,True,USABLE_READY,All 4 data components verified and available in GCS lake
CASE_20160222_0121,121,2016-02-22,2024-02-22,Thursday,Monday,TRAIN,2016-02-21,2016-02-15,2016-02-08,2016-02-28,2016-03-06,2016-03-13,2016-03-20,True,True,True,True,USABLE_READY,All 4 data components verified and available in GCS lake
CASE_20160226_0122,122,2016-02-26,2024-02-26,Monday,Friday,TRAIN,2016-02-25,2016-02-19,2016-02-12,2016-03-03,2016-03-10,2016-03-17,2016-03-24,True,True,True,True,USABLE_READY,All 4 data components verified and available in GCS lake
CASE_20160229_0123,123,2016-02-29,2024-02-29,Thursday,Monday,TRAIN,2016-02-28,2016-02-22,2016-02-15,2016-03-06,2016-03-13,2016-03-20,2016-03-27,True,True,True,False,QUEUED_S2S_DOWNLOAD,"Antecedent RZSM, future target RZSM, and ERA5 atm verified; S2S download in progress"
CASE_20160304_0124,124,2016-03-04,2024-03-04,Monday,Friday,TRAIN,2016-03-03,2016-02-26,2016-02-19,2016-03-10,2016-03-17,2016-03-24,2016-03-31,True,True,True,True,USABLE_READY,All 4 data components verified and available in GCS lake
CASE_20160307_0125,125,2016-03-07,2024-03-07,Thursday,Monday,TRAIN,2016-03-06,2016-02-29,2016-02-22,2016-03-13,2016-03-20,2016-03-27,2016-04-03,True,True,True,True,USABLE_READY,All 4 data components verified and available in GCS lake
CASE_20160311_0126,126,2016-03-11,2024-03-11,Monday,Friday,TRAIN,2016-03-10,2016-03-04,2016-02-26,2016-03-17,2016-03-24,2016-03-31,2016-04-07,True,True,True,True,USABLE_READY,All 4 data components verified and available in GCS lake
CASE_20160314_0127,127,2016-03-14,2024-03-14,Thursday,Monday,TRAIN,2016-03-13,2016-03-07,2016-02-29,2016-03-20,2016-03-27,2016-04-03,2016-04-10,True,True,True,True,USABLE_READY,All 4 data components verified and available in GCS lake
CASE_20160318_0128,128,2016-03-18,2024-03-18,Monday,Friday,TRAIN,2016-03-17,2016-03-11,2016-03-04,2016-03-24,2016-03-31,2016-04-07,2016-04-14,True,True,True,True,USABLE_READY,All 4 data components verified and available in GCS lake
CASE_20160321_0129,129,2016-03-21,2024-03-21,Thursday,Monday,TRAIN,2016-03-20,2016-03-14,2016-03-07,2016-03-27,2016-04-03,2016-04-10,2016-04-17,True,True,True,True,USABLE_READY,All 4 data components verified and available in GCS lake
CASE_20160325_0130,130,2016-03-25,2024-03-25,Monday,Friday,TRAIN,2016-03-24,2016-03-18,2016-03-11,2016-03-31,2016-04-07,2016-04-14,2016-04-21,True,True,True,True,USABLE_READY,All 4 data components verified and available in GCS lake
CASE_20160328_0131,131,2016-03-28,2024-03-28,Thursday,Monday,TRAIN,2016-03-27,2016-03-21,2016-03-14,2016-04-03,2016-04-10,2016-04-17,2016-04-24,True,True,True,True,USABLE_READY,All 4 data components verified and available in GCS lake
CASE_20160401_0132,132,2016-04-01,2024-04-01,Monday,Friday,TRAIN,2016-03-31,2016-03-25,2016-03-18,2016-04-07,2016-04-14,2016-04-21,2016-04-28,True,True,True,True,USABLE_READY,All 4 data components verified and available in GCS lake
CASE_20160404_0133,133,2016-04-04,2024-04-04,Thursday,Monday,TRAIN,2016-04-03,2016-03-28,2016-03-21,2016-04-10,2016-04-17,2016-04-24,2016-05-01,True,True,True,True,USABLE_READY,All 4 data components verified and available in GCS lake
CASE_20160408_0134,134,2016-04-08,2024-04-08,Monday,Friday,TRAIN,2016-04-07,2016-04-01,2016-03-25,2016-04-14,2016-04-21,2016-04-28,2016-05-05,True,True,True,True,USABLE_READY,All 4 data components verified and available in GCS lake
CASE_20160411_0135,135,2016-04-11,2024-04-11,Thursday,Monday,TRAIN,2016-04-10,2016-04-04,2016-03-28,2016-04-17,2016-04-24,2016-05-01,2016-05-08,True,True,True,True,USABLE_READY,All 4 data components verified and available in GCS lake
CASE_20160415_0136,136,2016-04-15,2024-04-15,Monday,Friday,TRAIN,2016-04-14,2016-04-08,2016-04-01,2016-04-21,2016-04-28,2016-05-05,2016-05-12,True,True,True,True,USABLE_READY,All 4 data components verified and available in GCS lake
CASE_20160418_0137,137,2016-04-18,2024-04-18,Thursday,Monday,TRAIN,2016-04-17,2016-04-11,2016-04-04,2016-04-24,2016-05-01,2016-05-08,2016-05-15,True,True,True,True,USABLE_READY,All 4 data components verified and available in GCS lake
CASE_20160422_0138,138,2016-04-22,2024-04-22,Monday,Friday,TRAIN,2016-04-21,2016-04-15,2016-04-08,2016-04-28,2016-05-05,2016-05-12,2016-05-19,True,True,True,True,USABLE_READY,All 4 data components verified and available in GCS lake
CASE_20160425_0139,139,2016-04-25,2024-04-25,Thursday,Monday,TRAIN,2016-04-24,2016-04-18,2016-04-11,2016-05-01,2016-05-08,2016-05-15,2016-05-22,True,True,True,True,USABLE_READY,All 4 data components verified and available in GCS lake
CASE_20160429_0140,140,2016-04-29,2024-04-29,Monday,Friday,TRAIN,2016-04-28,2016-04-22,2016-04-15,2016-05-05,2016-05-12,2016-05-19,2016-05-26,True,True,True,True,USABLE_READY,All 4 data components verified and available in GCS lake
CASE_20160502_0141,141,2016-05-02,2024-05-02,Thursday,Monday,TRAIN,2016-05-01,2016-04-25,2016-04-18,2016-05-08,2016-05-15,2016-05-22,2016-05-29,True,True,True,True,USABLE_READY,All 4 data components verified and available in GCS lake
CASE_20160506_0142,142,2016-05-06,2024-05-06,Monday,Friday,TRAIN,2016-05-05,2016-04-29,2016-04-22,2016-05-12,2016-05-19,2016-05-26,2016-06-02,True,True,True,True,USABLE_READY,All 4 data components verified and available in GCS lake
CASE_20160509_0143,143,2016-05-09,2024-05-09,Thursday,Monday,TRAIN,2016-05-08,2016-05-02,2016-04-25,2016-05-15,2016-05-22,2016-05-29,2016-06-05,True,True,True,True,USABLE_READY,All 4 data components verified and available in GCS lake
CASE_20160513_0144,144,2016-05-13,2024-05-13,Monday,Friday,TRAIN,2016-05-12,2016-05-06,2016-04-29,2016-05-19,2016-05-26,2016-06-02,2016-06-09,True,True,True,True,USABLE_READY,All 4 data components verified and available in GCS lake
CASE_20160516_0145,145,2016-05-16,2024-05-16,Thursday,Monday,TRAIN,2016-05-15,2016-05-09,2016-05-02,2016-05-22,2016-05-29,2016-06-05,2016-06-12,True,True,True,True,USABLE_READY,All 4 data components verified and available in GCS lake
CASE_20160520_0146,146,2016-05-20,2024-05-20,Monday,Friday,TRAIN,2016-05-19,2016-05-13,2016-05-06,2016-05-26,2016-06-02,2016-06-09,2016-06-16,True,True,True,True,USABLE_READY,All 4 data components verified and available in GCS lake
CASE_20160523_0147,147,2016-05-23,2024-05-23,Thursday,Monday,TRAIN,2016-05-22,2016-05-16,2016-05-09,2016-05-29,2016-06-05,2016-06-12,2016-06-19,True,True,True,True,USABLE_READY,All 4 data components verified and available in GCS lake
CASE_20160527_0148,148,2016-05-27,2024-05-27,Monday,Friday,TRAIN,2016-05-26,2016-05-20,2016-05-13,2016-06-02,2016-06-09,2016-06-16,2016-06-23,True,True,True,True,USABLE_READY,All 4 data components verified and available in GCS lake
CASE_20160530_0149,149,2016-05-30,2024-05-30,Thursday,Monday,TRAIN,2016-05-29,2016-05-23,2016-05-16,2016-06-05,2016-06-12,2016-06-19,2016-06-26,True,True,True,True,USABLE_READY,All 4 data components verified and available in GCS lake
CASE_20160603_0150,150,2016-06-03,2024-06-03,Monday,Friday,TRAIN,2016-06-02,2016-05-27,2016-05-20,2016-06-09,2016-06-16,2016-06-23,2016-06-30,True,True,True,True,USABLE_READY,All 4 data components verified and available in GCS lake
CASE_20160606_0151,151,2016-06-06,2024-06-06,Thursday,Monday,TRAIN,2016-06-05,2016-05-30,2016-05-23,2016-06-12,2016-06-19,2016-06-26,2016-07-03,True,True,True,True,USABLE_READY,All 4 data components verified and available in GCS lake
CASE_20160610_0152,152,2016-06-10,2024-06-10,Monday,Friday,TRAIN,2016-06-09,2016-06-03,2016-05-27,2016-06-16,2016-06-23,2016-06-30,2016-07-07,True,True,True,True,USABLE_READY,All 4 data components verified and available in GCS lake
CASE_20160613_0153,153,2016-06-13,2024-06-13,Thursday,Monday,TRAIN,2016-06-12,2016-06-06,2016-05-30,2016-06-19,2016-06-26,2016-07-03,2016-07-10,True,True,True,True,USABLE_READY,All 4 data components verified and available in GCS lake
CASE_20160617_0154,154,2016-06-17,2024-06-17,Monday,Friday,TRAIN,2016-06-16,2016-06-10,2016-06-03,2016-06-23,2016-06-30,2016-07-07,2016-07-14,True,True,True,True,USABLE_READY,All 4 data components verified and available in GCS lake
CASE_20160620_0155,155,2016-06-20,2024-06-20,Thursday,Monday,TRAIN,2016-06-19,2016-06-13,2016-06-06,2016-06-26,2016-07-03,2016-07-10,2016-07-17,True,True,True,True,USABLE_READY,All 4 data components verified and available in GCS lake
CASE_20160624_0156,156,2016-06-24,2024-06-24,Monday,Friday,TRAIN,2016-06-23,2016-06-17,2016-06-10,2016-06-30,2016-07-07,2016-07-14,2016-07-21,True,True,True,True,USABLE_READY,All 4 data components verified and available in GCS lake
CASE_20160627_0157,157,2016-06-27,2024-06-27,Thursday,Monday,TRAIN,2016-06-26,2016-06-20,2016-06-13,2016-07-03,2016-07-10,2016-07-17,2016-07-24,True,True,True,True,USABLE_READY,All 4 data components verified and available in GCS lake
CASE_20160701_0158,158,2016-07-01,2024-07-01,Monday,Friday,TRAIN,2016-06-30,2016-06-24,2016-06-17,2016-07-07,2016-07-14,2016-07-21,2016-07-28,True,True,True,True,USABLE_READY,All 4 data components verified and available in GCS lake
CASE_20160704_0159,159,2016-07-04,2024-07-04,Thursday,Monday,TRAIN,2016-07-03,2016-06-27,2016-06-20,2016-07-10,2016-07-17,2016-07-24,2016-07-31,True,True,True,True,USABLE_READY,All 4 data components verified and available in GCS lake
CASE_20160708_0160,160,2016-07-08,2024-07-08,Monday,Friday,TRAIN,2016-07-07,2016-07-01,2016-06-24,2016-07-14,2016-07-21,2016-07-28,2016-08-04,True,True,True,True,USABLE_READY,All 4 data components verified and available in GCS lake
CASE_20160711_0161,161,2016-07-11,2024-07-11,Thursday,Monday,TRAIN,2016-07-10,2016-07-04,2016-06-27,2016-07-17,2016-07-24,2016-07-31,2016-08-07,True,True,True,True,USABLE_READY,All 4 data components verified and available in GCS lake
CASE_20160715_0162,162,2016-07-15,2024-07-15,Monday,Friday,TRAIN,2016-07-14,2016-07-08,2016-07-01,2016-07-21,2016-07-28,2016-08-04,2016-08-11,True,True,True,True,USABLE_READY,All 4 data components verified and available in GCS lake
CASE_20160718_0163,163,2016-07-18,2024-07-18,Thursday,Monday,TRAIN,2016-07-17,2016-07-11,2016-07-04,2016-07-24,2016-07-31,2016-08-07,2016-08-14,True,True,True,True,USABLE_READY,All 4 data components verified and available in GCS lake
CASE_20160722_0164,164,2016-07-22,2024-07-22,Monday,Friday,TRAIN,2016-07-21,2016-07-15,2016-07-08,2016-07-28,2016-08-04,2016-08-11,2016-08-18,True,True,True,True,USABLE_READY,All 4 data components verified and available in GCS lake
CASE_20160725_0165,165,2016-07-25,2024-07-25,Thursday,Monday,TRAIN,2016-07-24,2016-07-18,2016-07-11,2016-07-31,2016-08-07,2016-08-14,2016-08-21,True,True,True,True,USABLE_READY,All 4 data components verified and available in GCS lake
CASE_20160729_0166,166,2016-07-29,2024-07-29,Monday,Friday,TRAIN,2016-07-28,2016-07-22,2016-07-15,2016-08-04,2016-08-11,2016-08-18,2016-08-25,True,True,True,True,USABLE_READY,All 4 data components verified and available in GCS lake
CASE_20160801_0167,167,2016-08-01,2024-08-01,Thursday,Monday,TRAIN,2016-07-31,2016-07-25,2016-07-18,2016-08-07,2016-08-14,2016-08-21,2016-08-28,True,True,True,True,USABLE_READY,All 4 data components verified and available in GCS lake
CASE_20160805_0168,168,2016-08-05,2024-08-05,Monday,Friday,TRAIN,2016-08-04,2016-07-29,2016-07-22,2016-08-11,2016-08-18,2016-08-25,2016-09-01,True,True,True,True,USABLE_READY,All 4 data components verified and available in GCS lake
CASE_20160808_0169,169,2016-08-08,2024-08-08,Thursday,Monday,TRAIN,2016-08-07,2016-08-01,2016-07-25,2016-08-14,2016-08-21,2016-08-28,2016-09-04,True,True,True,True,USABLE_READY,All 4 data components verified and available in GCS lake
CASE_20160812_0170,170,2016-08-12,2024-08-12,Monday,Friday,TRAIN,2016-08-11,2016-08-05,2016-07-29,2016-08-18,2016-08-25,2016-09-01,2016-09-08,True,True,True,True,USABLE_READY,All 4 data components verified and available in GCS lake
CASE_20160815_0171,171,2016-08-15,2024-08-15,Thursday,Monday,TRAIN,2016-08-14,2016-08-08,2016-08-01,2016-08-21,2016-08-28,2016-09-04,2016-09-11,True,True,True,True,USABLE_READY,All 4 data components verified and available in GCS lake
CASE_20160819_0172,172,2016-08-19,2024-08-19,Monday,Friday,TRAIN,2016-08-18,2016-08-12,2016-08-05,2016-08-25,2016-09-01,2016-09-08,2016-09-15,True,True,True,True,USABLE_READY,All 4 data components verified and available in GCS lake
CASE_20160822_0173,173,2016-08-22,2024-08-22,Thursday,Monday,TRAIN,2016-08-21,2016-08-15,2016-08-08,2016-08-28,2016-09-04,2016-09-11,2016-09-18,True,True,True,True,USABLE_READY,All 4 data components verified and available in GCS lake
CASE_20160826_0174,174,2016-08-26,2024-08-26,Monday,Friday,TRAIN,2016-08-25,2016-08-19,2016-08-12,2016-09-01,2016-09-08,2016-09-15,2016-09-22,True,True,True,True,USABLE_READY,All 4 data components verified and available in GCS lake
CASE_20160829_0175,175,2016-08-29,2024-08-29,Thursday,Monday,TRAIN,2016-08-28,2016-08-22,2016-08-15,2016-09-04,2016-09-11,2016-09-18,2016-09-25,True,True,True,True,USABLE_READY,All 4 data components verified and available in GCS lake
CASE_20160902_0176,176,2016-09-02,2024-09-02,Monday,Friday,TRAIN,2016-09-01,2016-08-26,2016-08-19,2016-09-08,2016-09-15,2016-09-22,2016-09-29,True,True,True,True,USABLE_READY,All 4 data components verified and available in GCS lake
CASE_20160905_0177,177,2016-09-05,2024-09-05,Thursday,Monday,TRAIN,2016-09-04,2016-08-29,2016-08-22,2016-09-11,2016-09-18,2016-09-25,2016-10-02,True,True,True,True,USABLE_READY,All 4 data components verified and available in GCS lake
CASE_20160909_0178,178,2016-09-09,2024-09-09,Monday,Friday,TRAIN,2016-09-08,2016-09-02,2016-08-26,2016-09-15,2016-09-22,2016-09-29,2016-10-06,True,True,True,True,USABLE_READY,All 4 data components verified and available in GCS lake
CASE_20160912_0179,179,2016-09-12,2024-09-12,Thursday,Monday,TRAIN,2016-09-11,2016-09-05,2016-08-29,2016-09-18,2016-09-25,2016-10-02,2016-10-09,True,True,True,True,USABLE_READY,All 4 data components verified and available in GCS lake
CASE_20160916_0180,180,2016-09-16,2024-09-16,Monday,Friday,TRAIN,2016-09-15,2016-09-09,2016-09-02,2016-09-22,2016-09-29,2016-10-06,2016-10-13,True,True,True,True,USABLE_READY,All 4 data components verified and available in GCS lake
CASE_20160919_0181,181,2016-09-19,2024-09-19,Thursday,Monday,TRAIN,2016-09-18,2016-09-12,2016-09-05,2016-09-25,2016-10-02,2016-10-09,2016-10-16,True,True,True,True,USABLE_READY,All 4 data components verified and available in GCS lake
CASE_20160923_0182,182,2016-09-23,2024-09-23,Monday,Friday,TRAIN,2016-09-22,2016-09-16,2016-09-09,2016-09-29,2016-10-06,2016-10-13,2016-10-20,True,True,True,True,USABLE_READY,All 4 data components verified and available in GCS lake
CASE_20160926_0183,183,2016-09-26,2024-09-26,Thursday,Monday,TRAIN,2016-09-25,2016-09-19,2016-09-12,2016-10-02,2016-10-09,2016-10-16,2016-10-23,True,True,True,True,USABLE_READY,All 4 data components verified and available in GCS lake
CASE_20160930_0184,184,2016-09-30,2024-09-30,Monday,Friday,TRAIN,2016-09-29,2016-09-23,2016-09-16,2016-10-06,2016-10-13,2016-10-20,2016-10-27,True,True,True,True,USABLE_READY,All 4 data components verified and available in GCS lake
CASE_20161003_0185,185,2016-10-03,2024-10-03,Thursday,Monday,TRAIN,2016-10-02,2016-09-26,2016-09-19,2016-10-09,2016-10-16,2016-10-23,2016-10-30,True,True,True,True,USABLE_READY,All 4 data components verified and available in GCS lake
CASE_20161007_0186,186,2016-10-07,2024-10-07,Monday,Friday,TRAIN,2016-10-06,2016-09-30,2016-09-23,2016-10-13,2016-10-20,2016-10-27,2016-11-03,True,True,True,True,USABLE_READY,All 4 data components verified and available in GCS lake
CASE_20161010_0187,187,2016-10-10,2024-10-10,Thursday,Monday,TRAIN,2016-10-09,2016-10-03,2016-09-26,2016-10-16,2016-10-23,2016-10-30,2016-11-06,True,True,True,True,USABLE_READY,All 4 data components verified and available in GCS lake
CASE_20161014_0188,188,2016-10-14,2024-10-14,Monday,Friday,TRAIN,2016-10-13,2016-10-07,2016-09-30,2016-10-20,2016-10-27,2016-11-03,2016-11-10,True,True,True,True,USABLE_READY,All 4 data components verified and available in GCS lake
CASE_20161017_0189,189,2016-10-17,2024-10-17,Thursday,Monday,TRAIN,2016-10-16,2016-10-10,2016-10-03,2016-10-23,2016-10-30,2016-11-06,2016-11-13,True,True,True,True,USABLE_READY,All 4 data components verified and available in GCS lake
CASE_20161021_0190,190,2016-10-21,2024-10-21,Monday,Friday,TRAIN,2016-10-20,2016-10-14,2016-10-07,2016-10-27,2016-11-03,2016-11-10,2016-11-17,True,True,True,True,USABLE_READY,All 4 data components verified and available in GCS lake
CASE_20161024_0191,191,2016-10-24,2024-10-24,Thursday,Monday,TRAIN,2016-10-23,2016-10-17,2016-10-10,2016-10-30,2016-11-06,2016-11-13,2016-11-20,True,True,True,True,USABLE_READY,All 4 data components verified and available in GCS lake
CASE_20161028_0192,192,2016-10-28,2024-10-28,Monday,Friday,TRAIN,2016-10-27,2016-10-21,2016-10-14,2016-11-03,2016-11-10,2016-11-17,2016-11-24,True,True,True,True,USABLE_READY,All 4 data components verified and available in GCS lake
CASE_20161031_0193,193,2016-10-31,2024-10-31,Thursday,Monday,TRAIN,2016-10-30,2016-10-24,2016-10-17,2016-11-06,2016-11-13,2016-11-20,2016-11-27,True,True,True,True,USABLE_READY,All 4 data components verified and available in GCS lake
CASE_20161104_0194,194,2016-11-04,2024-11-04,Monday,Friday,TRAIN,2016-11-03,2016-10-28,2016-10-21,2016-11-10,2016-11-17,2016-11-24,2016-12-01,True,True,True,True,USABLE_READY,All 4 data components verified and available in GCS lake
CASE_20161107_0195,195,2016-11-07,2024-11-07,Thursday,Monday,TRAIN,2016-11-06,2016-10-31,2016-10-24,2016-11-13,2016-11-20,2016-11-27,2016-12-04,True,True,True,True,USABLE_READY,All 4 data components verified and available in GCS lake
CASE_20161111_0196,196,2016-11-11,2024-11-11,Monday,Friday,TRAIN,2016-11-10,2016-11-04,2016-10-28,2016-11-17,2016-11-24,2016-12-01,2016-12-08,True,True,True,True,USABLE_READY,All 4 data components verified and available in GCS lake
CASE_20161114_0197,197,2016-11-14,2024-11-14,Thursday,Monday,TRAIN,2016-11-13,2016-11-07,2016-10-31,2016-11-20,2016-11-27,2016-12-04,2016-12-11,True,True,True,False,QUEUED_S2S_DOWNLOAD,"Antecedent RZSM, future target RZSM, and ERA5 atm verified; S2S download in progress"
CASE_20161118_0198,198,2016-11-18,2024-11-18,Monday,Friday,TRAIN,2016-11-17,2016-11-11,2016-11-04,2016-11-24,2016-12-01,2016-12-08,2016-12-15,True,True,True,False,QUEUED_S2S_DOWNLOAD,"Antecedent RZSM, future target RZSM, and ERA5 atm verified; S2S download in progress"
CASE_20161121_0199,199,2016-11-21,2024-11-21,Thursday,Monday,TRAIN,2016-11-20,2016-11-14,2016-11-07,2016-11-27,2016-12-04,2016-12-11,2016-12-18,True,True,True,True,USABLE_READY,All 4 data components verified and available in GCS lake
CASE_20161125_0200,200,2016-11-25,2024-11-25,Monday,Friday,TRAIN,2016-11-24,2016-11-18,2016-11-11,2016-12-01,2016-12-08,2016-12-15,2016-12-22,True,True,True,True,USABLE_READY,All 4 data components verified and available in GCS lake
CASE_20161128_0201,201,2016-11-28,2024-11-28,Thursday,Monday,TRAIN,2016-11-27,2016-11-21,2016-11-14,2016-12-04,2016-12-11,2016-12-18,2016-12-25,True,True,True,False,QUEUED_S2S_DOWNLOAD,"Antecedent RZSM, future target RZSM, and ERA5 atm verified; S2S download in progress"
CASE_20161202_0202,202,2016-12-02,2024-12-02,Monday,Friday,TRAIN,2016-12-01,2016-11-25,2016-11-18,2016-12-08,2016-12-15,2016-12-22,2016-12-29,True,True,True,False,QUEUED_S2S_DOWNLOAD,"Antecedent RZSM, future target RZSM, and ERA5 atm verified; S2S download in progress"
CASE_20161205_0203,203,2016-12-05,2024-12-05,Thursday,Monday,TRAIN,2016-12-04,2016-11-28,2016-11-21,2016-12-11,2016-12-18,2016-12-25,2017-01-01,True,True,True,True,USABLE_READY,All 4 data components verified and available in GCS lake
CASE_20161209_0204,204,2016-12-09,2024-12-09,Monday,Friday,TRAIN,2016-12-08,2016-12-02,2016-11-25,2016-12-15,2016-12-22,2016-12-29,2017-01-05,True,True,True,True,USABLE_READY,All 4 data components verified and available in GCS lake
CASE_20161212_0205,205,2016-12-12,2024-12-12,Thursday,Monday,TRAIN,2016-12-11,2016-12-05,2016-11-28,2016-12-18,2016-12-25,2017-01-01,2017-01-08,True,True,True,False,QUEUED_S2S_DOWNLOAD,"Antecedent RZSM, future target RZSM, and ERA5 atm verified; S2S download in progress"
CASE_20161216_0206,206,2016-12-16,2024-12-16,Monday,Friday,TRAIN,2016-12-15,2016-12-09,2016-12-02,2016-12-22,2016-12-29,2017-01-05,2017-01-12,True,True,True,False,QUEUED_S2S_DOWNLOAD,"Antecedent RZSM, future target RZSM, and ERA5 atm verified; S2S download in progress"
CASE_20161219_0207,207,2016-12-19,2024-12-19,Thursday,Monday,TRAIN,2016-12-18,2016-12-12,2016-12-05,2016-12-25,2017-01-01,2017-01-08,2017-01-15,True,True,True,True,USABLE_READY,All 4 data components verified and available in GCS lake
CASE_20161223_0208,208,2016-12-23,2024-12-23,Monday,Friday,TRAIN,2016-12-22,2016-12-16,2016-12-09,2016-12-29,2017-01-05,2017-01-12,2017-01-19,True,True,True,True,USABLE_READY,All 4 data components verified and available in GCS lake
CASE_20161226_0209,209,2016-12-26,2024-12-26,Thursday,Monday,TRAIN,2016-12-25,2016-12-19,2016-12-12,2017-01-01,2017-01-08,2017-01-15,2017-01-22,True,True,True,False,QUEUED_S2S_DOWNLOAD,"Antecedent RZSM, future target RZSM, and ERA5 atm verified; S2S download in progress"
CASE_20161230_0210,210,2016-12-30,2024-12-30,Monday,Friday,TRAIN,2016-12-29,2016-12-23,2016-12-16,2017-01-05,2017-01-12,2017-01-19,2017-01-26,True,True,True,False,QUEUED_S2S_DOWNLOAD,"Antecedent RZSM, future target RZSM, and ERA5 atm verified; S2S download in progress"
CASE_20170101_0211,211,2017-01-01,2024-01-01,Monday,Sunday,TRAIN,2016-12-31,2016-12-25,2016-12-18,2017-01-07,2017-01-14,2017-01-21,2017-01-28,True,True,True,True,USABLE_READY,All 4 data components verified and available in GCS lake
CASE_20170104_0212,212,2017-01-04,2024-01-04,Thursday,Wednesday,TRAIN,2017-01-03,2016-12-28,2016-12-21,2017-01-10,2017-01-17,2017-01-24,2017-01-31,True,True,True,True,USABLE_READY,All 4 data components verified and available in GCS lake
CASE_20170108_0213,213,2017-01-08,2024-01-08,Monday,Sunday,TRAIN,2017-01-07,2017-01-01,2016-12-25,2017-01-14,2017-01-21,2017-01-28,2017-02-04,True,True,True,True,USABLE_READY,All 4 data components verified and available in GCS lake
CASE_20170111_0214,214,2017-01-11,2024-01-11,Thursday,Wednesday,TRAIN,2017-01-10,2017-01-04,2016-12-28,2017-01-17,2017-01-24,2017-01-31,2017-02-07,True,True,True,True,USABLE_READY,All 4 data components verified and available in GCS lake
CASE_20170115_0215,215,2017-01-15,2024-01-15,Monday,Sunday,TRAIN,2017-01-14,2017-01-08,2017-01-01,2017-01-21,2017-01-28,2017-02-04,2017-02-11,True,True,True,True,USABLE_READY,All 4 data components verified and available in GCS lake
CASE_20170118_0216,216,2017-01-18,2024-01-18,Thursday,Wednesday,TRAIN,2017-01-17,2017-01-11,2017-01-04,2017-01-24,2017-01-31,2017-02-07,2017-02-14,True,True,True,True,USABLE_READY,All 4 data components verified and available in GCS lake
CASE_20170122_0217,217,2017-01-22,2024-01-22,Monday,Sunday,TRAIN,2017-01-21,2017-01-15,2017-01-08,2017-01-28,2017-02-04,2017-02-11,2017-02-18,True,True,True,True,USABLE_READY,All 4 data components verified and available in GCS lake
CASE_20170125_0218,218,2017-01-25,2024-01-25,Thursday,Wednesday,TRAIN,2017-01-24,2017-01-18,2017-01-11,2017-01-31,2017-02-07,2017-02-14,2017-02-21,True,True,True,True,USABLE_READY,All 4 data components verified and available in GCS lake
CASE_20170129_0219,219,2017-01-29,2024-01-29,Monday,Sunday,TRAIN,2017-01-28,2017-01-22,2017-01-15,2017-02-04,2017-02-11,2017-02-18,2017-02-25,True,True,True,True,USABLE_READY,All 4 data components verified and available in GCS lake
CASE_20170201_0220,220,2017-02-01,2024-02-01,Thursday,Wednesday,TRAIN,2017-01-31,2017-01-25,2017-01-18,2017-02-07,2017-02-14,2017-02-21,2017-02-28,True,True,True,True,USABLE_READY,All 4 data components verified and available in GCS lake
CASE_20170205_0221,221,2017-02-05,2024-02-05,Monday,Sunday,TRAIN,2017-02-04,2017-01-29,2017-01-22,2017-02-11,2017-02-18,2017-02-25,2017-03-04,True,True,True,True,USABLE_READY,All 4 data components verified and available in GCS lake
CASE_20170208_0222,222,2017-02-08,2024-02-08,Thursday,Wednesday,TRAIN,2017-02-07,2017-02-01,2017-01-25,2017-02-14,2017-02-21,2017-02-28,2017-03-07,True,True,True,True,USABLE_READY,All 4 data components verified and available in GCS lake
CASE_20170212_0223,223,2017-02-12,2024-02-12,Monday,Sunday,TRAIN,2017-02-11,2017-02-05,2017-01-29,2017-02-18,2017-02-25,2017-03-04,2017-03-11,True,True,True,True,USABLE_READY,All 4 data components verified and available in GCS lake
CASE_20170215_0224,224,2017-02-15,2024-02-15,Thursday,Wednesday,TRAIN,2017-02-14,2017-02-08,2017-02-01,2017-02-21,2017-02-28,2017-03-07,2017-03-14,True,True,True,True,USABLE_READY,All 4 data components verified and available in GCS lake
CASE_20170219_0225,225,2017-02-19,2024-02-19,Monday,Sunday,TRAIN,2017-02-18,2017-02-12,2017-02-05,2017-02-25,2017-03-04,2017-03-11,2017-03-18,True,True,True,True,USABLE_READY,All 4 data components verified and available in GCS lake
CASE_20170222_0226,226,2017-02-22,2024-02-22,Thursday,Wednesday,TRAIN,2017-02-21,2017-02-15,2017-02-08,2017-02-28,2017-03-07,2017-03-14,2017-03-21,True,True,True,True,USABLE_READY,All 4 data components verified and available in GCS lake
CASE_20170226_0227,227,2017-02-26,2024-02-26,Monday,Sunday,TRAIN,2017-02-25,2017-02-19,2017-02-12,2017-03-04,2017-03-11,2017-03-18,2017-03-25,True,True,True,True,USABLE_READY,All 4 data components verified and available in GCS lake
CASE_20170228_0228,228,2017-02-28,2024-02-29,Thursday,Tuesday,TRAIN,2017-02-27,2017-02-21,2017-02-14,2017-03-06,2017-03-13,2017-03-20,2017-03-27,True,True,True,True,USABLE_READY,All 4 data components verified and available in GCS lake
CASE_20170304_0229,229,2017-03-04,2024-03-04,Monday,Saturday,TRAIN,2017-03-03,2017-02-25,2017-02-18,2017-03-10,2017-03-17,2017-03-24,2017-03-31,True,True,True,True,USABLE_READY,All 4 data components verified and available in GCS lake
CASE_20170307_0230,230,2017-03-07,2024-03-07,Thursday,Tuesday,TRAIN,2017-03-06,2017-02-28,2017-02-21,2017-03-13,2017-03-20,2017-03-27,2017-04-03,True,True,True,True,USABLE_READY,All 4 data components verified and available in GCS lake
CASE_20170311_0231,231,2017-03-11,2024-03-11,Monday,Saturday,TRAIN,2017-03-10,2017-03-04,2017-02-25,2017-03-17,2017-03-24,2017-03-31,2017-04-07,True,True,True,True,USABLE_READY,All 4 data components verified and available in GCS lake
CASE_20170314_0232,232,2017-03-14,2024-03-14,Thursday,Tuesday,TRAIN,2017-03-13,2017-03-07,2017-02-28,2017-03-20,2017-03-27,2017-04-03,2017-04-10,True,True,True,True,USABLE_READY,All 4 data components verified and available in GCS lake
CASE_20170318_0233,233,2017-03-18,2024-03-18,Monday,Saturday,TRAIN,2017-03-17,2017-03-11,2017-03-04,2017-03-24,2017-03-31,2017-04-07,2017-04-14,True,True,True,True,USABLE_READY,All 4 data components verified and available in GCS lake
CASE_20170321_0234,234,2017-03-21,2024-03-21,Thursday,Tuesday,TRAIN,2017-03-20,2017-03-14,2017-03-07,2017-03-27,2017-04-03,2017-04-10,2017-04-17,True,True,True,True,USABLE_READY,All 4 data components verified and available in GCS lake
CASE_20170325_0235,235,2017-03-25,2024-03-25,Monday,Saturday,TRAIN,2017-03-24,2017-03-18,2017-03-11,2017-03-31,2017-04-07,2017-04-14,2017-04-21,True,True,True,True,USABLE_READY,All 4 data components verified and available in GCS lake
CASE_20170328_0236,236,2017-03-28,2024-03-28,Thursday,Tuesday,TRAIN,2017-03-27,2017-03-21,2017-03-14,2017-04-03,2017-04-10,2017-04-17,2017-04-24,True,True,True,True,USABLE_READY,All 4 data components verified and available in GCS lake
CASE_20170401_0237,237,2017-04-01,2024-04-01,Monday,Saturday,TRAIN,2017-03-31,2017-03-25,2017-03-18,2017-04-07,2017-04-14,2017-04-21,2017-04-28,True,True,True,True,USABLE_READY,All 4 data components verified and available in GCS lake
CASE_20170404_0238,238,2017-04-04,2024-04-04,Thursday,Tuesday,TRAIN,2017-04-03,2017-03-28,2017-03-21,2017-04-10,2017-04-17,2017-04-24,2017-05-01,True,True,True,True,USABLE_READY,All 4 data components verified and available in GCS lake
CASE_20170408_0239,239,2017-04-08,2024-04-08,Monday,Saturday,TRAIN,2017-04-07,2017-04-01,2017-03-25,2017-04-14,2017-04-21,2017-04-28,2017-05-05,True,True,True,True,USABLE_READY,All 4 data components verified and available in GCS lake
CASE_20170411_0240,240,2017-04-11,2024-04-11,Thursday,Tuesday,TRAIN,2017-04-10,2017-04-04,2017-03-28,2017-04-17,2017-04-24,2017-05-01,2017-05-08,True,True,True,True,USABLE_READY,All 4 data components verified and available in GCS lake
CASE_20170415_0241,241,2017-04-15,2024-04-15,Monday,Saturday,TRAIN,2017-04-14,2017-04-08,2017-04-01,2017-04-21,2017-04-28,2017-05-05,2017-05-12,True,True,True,True,USABLE_READY,All 4 data components verified and available in GCS lake
CASE_20170418_0242,242,2017-04-18,2024-04-18,Thursday,Tuesday,TRAIN,2017-04-17,2017-04-11,2017-04-04,2017-04-24,2017-05-01,2017-05-08,2017-05-15,True,True,True,True,USABLE_READY,All 4 data components verified and available in GCS lake
CASE_20170422_0243,243,2017-04-22,2024-04-22,Monday,Saturday,TRAIN,2017-04-21,2017-04-15,2017-04-08,2017-04-28,2017-05-05,2017-05-12,2017-05-19,True,True,True,True,USABLE_READY,All 4 data components verified and available in GCS lake
CASE_20170425_0244,244,2017-04-25,2024-04-25,Thursday,Tuesday,TRAIN,2017-04-24,2017-04-18,2017-04-11,2017-05-01,2017-05-08,2017-05-15,2017-05-22,True,True,True,True,USABLE_READY,All 4 data components verified and available in GCS lake
CASE_20170429_0245,245,2017-04-29,2024-04-29,Monday,Saturday,TRAIN,2017-04-28,2017-04-22,2017-04-15,2017-05-05,2017-05-12,2017-05-19,2017-05-26,True,True,True,True,USABLE_READY,All 4 data components verified and available in GCS lake
CASE_20170502_0246,246,2017-05-02,2024-05-02,Thursday,Tuesday,TRAIN,2017-05-01,2017-04-25,2017-04-18,2017-05-08,2017-05-15,2017-05-22,2017-05-29,True,True,True,True,USABLE_READY,All 4 data components verified and available in GCS lake
CASE_20170506_0247,247,2017-05-06,2024-05-06,Monday,Saturday,TRAIN,2017-05-05,2017-04-29,2017-04-22,2017-05-12,2017-05-19,2017-05-26,2017-06-02,True,True,True,True,USABLE_READY,All 4 data components verified and available in GCS lake
CASE_20170509_0248,248,2017-05-09,2024-05-09,Thursday,Tuesday,TRAIN,2017-05-08,2017-05-02,2017-04-25,2017-05-15,2017-05-22,2017-05-29,2017-06-05,True,True,True,True,USABLE_READY,All 4 data components verified and available in GCS lake
CASE_20170513_0249,249,2017-05-13,2024-05-13,Monday,Saturday,TRAIN,2017-05-12,2017-05-06,2017-04-29,2017-05-19,2017-05-26,2017-06-02,2017-06-09,True,True,True,True,USABLE_READY,All 4 data components verified and available in GCS lake
CASE_20170516_0250,250,2017-05-16,2024-05-16,Thursday,Tuesday,TRAIN,2017-05-15,2017-05-09,2017-05-02,2017-05-22,2017-05-29,2017-06-05,2017-06-12,True,True,True,True,USABLE_READY,All 4 data components verified and available in GCS lake
CASE_20170520_0251,251,2017-05-20,2024-05-20,Monday,Saturday,TRAIN,2017-05-19,2017-05-13,2017-05-06,2017-05-26,2017-06-02,2017-06-09,2017-06-16,True,True,True,True,USABLE_READY,All 4 data components verified and available in GCS lake
CASE_20170523_0252,252,2017-05-23,2024-05-23,Thursday,Tuesday,TRAIN,2017-05-22,2017-05-16,2017-05-09,2017-05-29,2017-06-05,2017-06-12,2017-06-19,True,True,True,True,USABLE_READY,All 4 data components verified and available in GCS lake
CASE_20170527_0253,253,2017-05-27,2024-05-27,Monday,Saturday,TRAIN,2017-05-26,2017-05-20,2017-05-13,2017-06-02,2017-06-09,2017-06-16,2017-06-23,True,True,True,True,USABLE_READY,All 4 data components verified and available in GCS lake
CASE_20170530_0254,254,2017-05-30,2024-05-30,Thursday,Tuesday,TRAIN,2017-05-29,2017-05-23,2017-05-16,2017-06-05,2017-06-12,2017-06-19,2017-06-26,True,True,True,True,USABLE_READY,All 4 data components verified and available in GCS lake
CASE_20170603_0255,255,2017-06-03,2024-06-03,Monday,Saturday,TRAIN,2017-06-02,2017-05-27,2017-05-20,2017-06-09,2017-06-16,2017-06-23,2017-06-30,True,True,True,True,USABLE_READY,All 4 data components verified and available in GCS lake
CASE_20170606_0256,256,2017-06-06,2024-06-06,Thursday,Tuesday,TRAIN,2017-06-05,2017-05-30,2017-05-23,2017-06-12,2017-06-19,2017-06-26,2017-07-03,True,True,True,True,USABLE_READY,All 4 data components verified and available in GCS lake
CASE_20170610_0257,257,2017-06-10,2024-06-10,Monday,Saturday,TRAIN,2017-06-09,2017-06-03,2017-05-27,2017-06-16,2017-06-23,2017-06-30,2017-07-07,True,True,True,True,USABLE_READY,All 4 data components verified and available in GCS lake
CASE_20170613_0258,258,2017-06-13,2024-06-13,Thursday,Tuesday,TRAIN,2017-06-12,2017-06-06,2017-05-30,2017-06-19,2017-06-26,2017-07-03,2017-07-10,True,True,True,True,USABLE_READY,All 4 data components verified and available in GCS lake
CASE_20170617_0259,259,2017-06-17,2024-06-17,Monday,Saturday,TRAIN,2017-06-16,2017-06-10,2017-06-03,2017-06-23,2017-06-30,2017-07-07,2017-07-14,True,True,True,True,USABLE_READY,All 4 data components verified and available in GCS lake
CASE_20170620_0260,260,2017-06-20,2024-06-20,Thursday,Tuesday,TRAIN,2017-06-19,2017-06-13,2017-06-06,2017-06-26,2017-07-03,2017-07-10,2017-07-17,True,True,True,True,USABLE_READY,All 4 data components verified and available in GCS lake
CASE_20170624_0261,261,2017-06-24,2024-06-24,Monday,Saturday,TRAIN,2017-06-23,2017-06-17,2017-06-10,2017-06-30,2017-07-07,2017-07-14,2017-07-21,True,True,True,True,USABLE_READY,All 4 data components verified and available in GCS lake
CASE_20170627_0262,262,2017-06-27,2024-06-27,Thursday,Tuesday,TRAIN,2017-06-26,2017-06-20,2017-06-13,2017-07-03,2017-07-10,2017-07-17,2017-07-24,True,True,True,True,USABLE_READY,All 4 data components verified and available in GCS lake
CASE_20170701_0263,263,2017-07-01,2024-07-01,Monday,Saturday,TRAIN,2017-06-30,2017-06-24,2017-06-17,2017-07-07,2017-07-14,2017-07-21,2017-07-28,True,True,True,True,USABLE_READY,All 4 data components verified and available in GCS lake
CASE_20170704_0264,264,2017-07-04,2024-07-04,Thursday,Tuesday,TRAIN,2017-07-03,2017-06-27,2017-06-20,2017-07-10,2017-07-17,2017-07-24,2017-07-31,True,True,True,True,USABLE_READY,All 4 data components verified and available in GCS lake
CASE_20170708_0265,265,2017-07-08,2024-07-08,Monday,Saturday,TRAIN,2017-07-07,2017-07-01,2017-06-24,2017-07-14,2017-07-21,2017-07-28,2017-08-04,True,True,True,True,USABLE_READY,All 4 data components verified and available in GCS lake
CASE_20170711_0266,266,2017-07-11,2024-07-11,Thursday,Tuesday,TRAIN,2017-07-10,2017-07-04,2017-06-27,2017-07-17,2017-07-24,2017-07-31,2017-08-07,True,True,True,True,USABLE_READY,All 4 data components verified and available in GCS lake
CASE_20170715_0267,267,2017-07-15,2024-07-15,Monday,Saturday,TRAIN,2017-07-14,2017-07-08,2017-07-01,2017-07-21,2017-07-28,2017-08-04,2017-08-11,True,True,True,True,USABLE_READY,All 4 data components verified and available in GCS lake
CASE_20170718_0268,268,2017-07-18,2024-07-18,Thursday,Tuesday,TRAIN,2017-07-17,2017-07-11,2017-07-04,2017-07-24,2017-07-31,2017-08-07,2017-08-14,True,True,True,True,USABLE_READY,All 4 data components verified and available in GCS lake
CASE_20170722_0269,269,2017-07-22,2024-07-22,Monday,Saturday,TRAIN,2017-07-21,2017-07-15,2017-07-08,2017-07-28,2017-08-04,2017-08-11,2017-08-18,True,True,True,True,USABLE_READY,All 4 data components verified and available in GCS lake
CASE_20170725_0270,270,2017-07-25,2024-07-25,Thursday,Tuesday,TRAIN,2017-07-24,2017-07-18,2017-07-11,2017-07-31,2017-08-07,2017-08-14,2017-08-21,True,True,True,True,USABLE_READY,All 4 data components verified and available in GCS lake
CASE_20170729_0271,271,2017-07-29,2024-07-29,Monday,Saturday,TRAIN,2017-07-28,2017-07-22,2017-07-15,2017-08-04,2017-08-11,2017-08-18,2017-08-25,True,True,True,True,USABLE_READY,All 4 data components verified and available in GCS lake
CASE_20170801_0272,272,2017-08-01,2024-08-01,Thursday,Tuesday,TRAIN,2017-07-31,2017-07-25,2017-07-18,2017-08-07,2017-08-14,2017-08-21,2017-08-28,True,True,True,True,USABLE_READY,All 4 data components verified and available in GCS lake
CASE_20170805_0273,273,2017-08-05,2024-08-05,Monday,Saturday,TRAIN,2017-08-04,2017-07-29,2017-07-22,2017-08-11,2017-08-18,2017-08-25,2017-09-01,True,True,True,True,USABLE_READY,All 4 data components verified and available in GCS lake
CASE_20170808_0274,274,2017-08-08,2024-08-08,Thursday,Tuesday,TRAIN,2017-08-07,2017-08-01,2017-07-25,2017-08-14,2017-08-21,2017-08-28,2017-09-04,True,True,True,True,USABLE_READY,All 4 data components verified and available in GCS lake
CASE_20170812_0275,275,2017-08-12,2024-08-12,Monday,Saturday,TRAIN,2017-08-11,2017-08-05,2017-07-29,2017-08-18,2017-08-25,2017-09-01,2017-09-08,True,True,True,True,USABLE_READY,All 4 data components verified and available in GCS lake
CASE_20170815_0276,276,2017-08-15,2024-08-15,Thursday,Tuesday,TRAIN,2017-08-14,2017-08-08,2017-08-01,2017-08-21,2017-08-28,2017-09-04,2017-09-11,True,True,True,True,USABLE_READY,All 4 data components verified and available in GCS lake
CASE_20170819_0277,277,2017-08-19,2024-08-19,Monday,Saturday,TRAIN,2017-08-18,2017-08-12,2017-08-05,2017-08-25,2017-09-01,2017-09-08,2017-09-15,True,True,True,True,USABLE_READY,All 4 data components verified and available in GCS lake
CASE_20170822_0278,278,2017-08-22,2024-08-22,Thursday,Tuesday,TRAIN,2017-08-21,2017-08-15,2017-08-08,2017-08-28,2017-09-04,2017-09-11,2017-09-18,True,True,True,True,USABLE_READY,All 4 data components verified and available in GCS lake
CASE_20170826_0279,279,2017-08-26,2024-08-26,Monday,Saturday,TRAIN,2017-08-25,2017-08-19,2017-08-12,2017-09-01,2017-09-08,2017-09-15,2017-09-22,True,True,True,True,USABLE_READY,All 4 data components verified and available in GCS lake
CASE_20170829_0280,280,2017-08-29,2024-08-29,Thursday,Tuesday,TRAIN,2017-08-28,2017-08-22,2017-08-15,2017-09-04,2017-09-11,2017-09-18,2017-09-25,True,True,True,True,USABLE_READY,All 4 data components verified and available in GCS lake
CASE_20170902_0281,281,2017-09-02,2024-09-02,Monday,Saturday,TRAIN,2017-09-01,2017-08-26,2017-08-19,2017-09-08,2017-09-15,2017-09-22,2017-09-29,True,True,True,True,USABLE_READY,All 4 data components verified and available in GCS lake
CASE_20170905_0282,282,2017-09-05,2024-09-05,Thursday,Tuesday,TRAIN,2017-09-04,2017-08-29,2017-08-22,2017-09-11,2017-09-18,2017-09-25,2017-10-02,True,True,True,True,USABLE_READY,All 4 data components verified and available in GCS lake
CASE_20170909_0283,283,2017-09-09,2024-09-09,Monday,Saturday,TRAIN,2017-09-08,2017-09-02,2017-08-26,2017-09-15,2017-09-22,2017-09-29,2017-10-06,True,True,True,True,USABLE_READY,All 4 data components verified and available in GCS lake
CASE_20170912_0284,284,2017-09-12,2024-09-12,Thursday,Tuesday,TRAIN,2017-09-11,2017-09-05,2017-08-29,2017-09-18,2017-09-25,2017-10-02,2017-10-09,True,True,True,True,USABLE_READY,All 4 data components verified and available in GCS lake
CASE_20170916_0285,285,2017-09-16,2024-09-16,Monday,Saturday,TRAIN,2017-09-15,2017-09-09,2017-09-02,2017-09-22,2017-09-29,2017-10-06,2017-10-13,True,True,True,True,USABLE_READY,All 4 data components verified and available in GCS lake
CASE_20170919_0286,286,2017-09-19,2024-09-19,Thursday,Tuesday,TRAIN,2017-09-18,2017-09-12,2017-09-05,2017-09-25,2017-10-02,2017-10-09,2017-10-16,True,True,True,True,USABLE_READY,All 4 data components verified and available in GCS lake
CASE_20170923_0287,287,2017-09-23,2024-09-23,Monday,Saturday,TRAIN,2017-09-22,2017-09-16,2017-09-09,2017-09-29,2017-10-06,2017-10-13,2017-10-20,True,True,True,True,USABLE_READY,All 4 data components verified and available in GCS lake
CASE_20170926_0288,288,2017-09-26,2024-09-26,Thursday,Tuesday,TRAIN,2017-09-25,2017-09-19,2017-09-12,2017-10-02,2017-10-09,2017-10-16,2017-10-23,True,True,True,True,USABLE_READY,All 4 data components verified and available in GCS lake
CASE_20170930_0289,289,2017-09-30,2024-09-30,Monday,Saturday,TRAIN,2017-09-29,2017-09-23,2017-09-16,2017-10-06,2017-10-13,2017-10-20,2017-10-27,True,True,True,True,USABLE_READY,All 4 data components verified and available in GCS lake
CASE_20171003_0290,290,2017-10-03,2024-10-03,Thursday,Tuesday,TRAIN,2017-10-02,2017-09-26,2017-09-19,2017-10-09,2017-10-16,2017-10-23,2017-10-30,True,True,True,True,USABLE_READY,All 4 data components verified and available in GCS lake
CASE_20171007_0291,291,2017-10-07,2024-10-07,Monday,Saturday,TRAIN,2017-10-06,2017-09-30,2017-09-23,2017-10-13,2017-10-20,2017-10-27,2017-11-03,True,True,True,True,USABLE_READY,All 4 data components verified and available in GCS lake
CASE_20171010_0292,292,2017-10-10,2024-10-10,Thursday,Tuesday,TRAIN,2017-10-09,2017-10-03,2017-09-26,2017-10-16,2017-10-23,2017-10-30,2017-11-06,True,True,True,True,USABLE_READY,All 4 data components verified and available in GCS lake
CASE_20171014_0293,293,2017-10-14,2024-10-14,Monday,Saturday,TRAIN,2017-10-13,2017-10-07,2017-09-30,2017-10-20,2017-10-27,2017-11-03,2017-11-10,True,True,True,True,USABLE_READY,All 4 data components verified and available in GCS lake
CASE_20171017_0294,294,2017-10-17,2024-10-17,Thursday,Tuesday,TRAIN,2017-10-16,2017-10-10,2017-10-03,2017-10-23,2017-10-30,2017-11-06,2017-11-13,True,True,True,True,USABLE_READY,All 4 data components verified and available in GCS lake
CASE_20171021_0295,295,2017-10-21,2024-10-21,Monday,Saturday,TRAIN,2017-10-20,2017-10-14,2017-10-07,2017-10-27,2017-11-03,2017-11-10,2017-11-17,True,True,True,True,USABLE_READY,All 4 data components verified and available in GCS lake
CASE_20171024_0296,296,2017-10-24,2024-10-24,Thursday,Tuesday,TRAIN,2017-10-23,2017-10-17,2017-10-10,2017-10-30,2017-11-06,2017-11-13,2017-11-20,True,True,True,True,USABLE_READY,All 4 data components verified and available in GCS lake
CASE_20171028_0297,297,2017-10-28,2024-10-28,Monday,Saturday,TRAIN,2017-10-27,2017-10-21,2017-10-14,2017-11-03,2017-11-10,2017-11-17,2017-11-24,True,True,True,True,USABLE_READY,All 4 data components verified and available in GCS lake
CASE_20171031_0298,298,2017-10-31,2024-10-31,Thursday,Tuesday,TRAIN,2017-10-30,2017-10-24,2017-10-17,2017-11-06,2017-11-13,2017-11-20,2017-11-27,True,True,True,True,USABLE_READY,All 4 data components verified and available in GCS lake
CASE_20171104_0299,299,2017-11-04,2024-11-04,Monday,Saturday,TRAIN,2017-11-03,2017-10-28,2017-10-21,2017-11-10,2017-11-17,2017-11-24,2017-12-01,True,True,True,True,USABLE_READY,All 4 data components verified and available in GCS lake
CASE_20171107_0300,300,2017-11-07,2024-11-07,Thursday,Tuesday,TRAIN,2017-11-06,2017-10-31,2017-10-24,2017-11-13,2017-11-20,2017-11-27,2017-12-04,True,True,True,True,USABLE_READY,All 4 data components verified and available in GCS lake
CASE_20171111_0301,301,2017-11-11,2024-11-11,Monday,Saturday,TRAIN,2017-11-10,2017-11-04,2017-10-28,2017-11-17,2017-11-24,2017-12-01,2017-12-08,True,True,True,True,USABLE_READY,All 4 data components verified and available in GCS lake
CASE_20171114_0302,302,2017-11-14,2024-11-14,Thursday,Tuesday,TRAIN,2017-11-13,2017-11-07,2017-10-31,2017-11-20,2017-11-27,2017-12-04,2017-12-11,True,True,True,False,QUEUED_S2S_DOWNLOAD,"Antecedent RZSM, future target RZSM, and ERA5 atm verified; S2S download in progress"
CASE_20171118_0303,303,2017-11-18,2024-11-18,Monday,Saturday,TRAIN,2017-11-17,2017-11-11,2017-11-04,2017-11-24,2017-12-01,2017-12-08,2017-12-15,True,True,True,False,QUEUED_S2S_DOWNLOAD,"Antecedent RZSM, future target RZSM, and ERA5 atm verified; S2S download in progress"
CASE_20171121_0304,304,2017-11-21,2024-11-21,Thursday,Tuesday,TRAIN,2017-11-20,2017-11-14,2017-11-07,2017-11-27,2017-12-04,2017-12-11,2017-12-18,True,True,True,True,USABLE_READY,All 4 data components verified and available in GCS lake
CASE_20171125_0305,305,2017-11-25,2024-11-25,Monday,Saturday,TRAIN,2017-11-24,2017-11-18,2017-11-11,2017-12-01,2017-12-08,2017-12-15,2017-12-22,True,True,True,True,USABLE_READY,All 4 data components verified and available in GCS lake
CASE_20171128_0306,306,2017-11-28,2024-11-28,Thursday,Tuesday,TRAIN,2017-11-27,2017-11-21,2017-11-14,2017-12-04,2017-12-11,2017-12-18,2017-12-25,True,True,True,False,QUEUED_S2S_DOWNLOAD,"Antecedent RZSM, future target RZSM, and ERA5 atm verified; S2S download in progress"
CASE_20171202_0307,307,2017-12-02,2024-12-02,Monday,Saturday,TRAIN,2017-12-01,2017-11-25,2017-11-18,2017-12-08,2017-12-15,2017-12-22,2017-12-29,True,True,True,False,QUEUED_S2S_DOWNLOAD,"Antecedent RZSM, future target RZSM, and ERA5 atm verified; S2S download in progress"
CASE_20171205_0308,308,2017-12-05,2024-12-05,Thursday,Tuesday,TRAIN,2017-12-04,2017-11-28,2017-11-21,2017-12-11,2017-12-18,2017-12-25,2018-01-01,True,True,True,True,USABLE_READY,All 4 data components verified and available in GCS lake
CASE_20171209_0309,309,2017-12-09,2024-12-09,Monday,Saturday,TRAIN,2017-12-08,2017-12-02,2017-11-25,2017-12-15,2017-12-22,2017-12-29,2018-01-05,True,True,True,True,USABLE_READY,All 4 data components verified and available in GCS lake
CASE_20171212_0310,310,2017-12-12,2024-12-12,Thursday,Tuesday,TRAIN,2017-12-11,2017-12-05,2017-11-28,2017-12-18,2017-12-25,2018-01-01,2018-01-08,True,True,True,False,QUEUED_S2S_DOWNLOAD,"Antecedent RZSM, future target RZSM, and ERA5 atm verified; S2S download in progress"
CASE_20171216_0311,311,2017-12-16,2024-12-16,Monday,Saturday,TRAIN,2017-12-15,2017-12-09,2017-12-02,2017-12-22,2017-12-29,2018-01-05,2018-01-12,True,True,True,False,QUEUED_S2S_DOWNLOAD,"Antecedent RZSM, future target RZSM, and ERA5 atm verified; S2S download in progress"
CASE_20171219_0312,312,2017-12-19,2024-12-19,Thursday,Tuesday,TRAIN,2017-12-18,2017-12-12,2017-12-05,2017-12-25,2018-01-01,2018-01-08,2018-01-15,True,True,True,True,USABLE_READY,All 4 data components verified and available in GCS lake
CASE_20171223_0313,313,2017-12-23,2024-12-23,Monday,Saturday,TRAIN,2017-12-22,2017-12-16,2017-12-09,2017-12-29,2018-01-05,2018-01-12,2018-01-19,True,True,True,True,USABLE_READY,All 4 data components verified and available in GCS lake
CASE_20171226_0314,314,2017-12-26,2024-12-26,Thursday,Tuesday,TRAIN,2017-12-25,2017-12-19,2017-12-12,2018-01-01,2018-01-08,2018-01-15,2018-01-22,True,True,True,False,QUEUED_S2S_DOWNLOAD,"Antecedent RZSM, future target RZSM, and ERA5 atm verified; S2S download in progress"
CASE_20171230_0315,315,2017-12-30,2024-12-30,Monday,Saturday,TRAIN,2017-12-29,2017-12-23,2017-12-16,2018-01-05,2018-01-12,2018-01-19,2018-01-26,True,True,True,False,QUEUED_S2S_DOWNLOAD,"Antecedent RZSM, future target RZSM, and ERA5 atm verified; S2S download in progress"
CASE_20180101_0316,316,2018-01-01,2024-01-01,Monday,Monday,TRAIN,2017-12-31,2017-12-25,2017-12-18,2018-01-07,2018-01-14,2018-01-21,2018-01-28,True,True,True,True,USABLE_READY,All 4 data components verified and available in GCS lake
CASE_20180104_0317,317,2018-01-04,2024-01-04,Thursday,Thursday,TRAIN,2018-01-03,2017-12-28,2017-12-21,2018-01-10,2018-01-17,2018-01-24,2018-01-31,True,True,True,True,USABLE_READY,All 4 data components verified and available in GCS lake
CASE_20180108_0318,318,2018-01-08,2024-01-08,Monday,Monday,TRAIN,2018-01-07,2018-01-01,2017-12-25,2018-01-14,2018-01-21,2018-01-28,2018-02-04,True,True,True,True,USABLE_READY,All 4 data components verified and available in GCS lake
CASE_20180111_0319,319,2018-01-11,2024-01-11,Thursday,Thursday,TRAIN,2018-01-10,2018-01-04,2017-12-28,2018-01-17,2018-01-24,2018-01-31,2018-02-07,True,True,True,True,USABLE_READY,All 4 data components verified and available in GCS lake
CASE_20180115_0320,320,2018-01-15,2024-01-15,Monday,Monday,TRAIN,2018-01-14,2018-01-08,2018-01-01,2018-01-21,2018-01-28,2018-02-04,2018-02-11,True,True,True,True,USABLE_READY,All 4 data components verified and available in GCS lake
CASE_20180118_0321,321,2018-01-18,2024-01-18,Thursday,Thursday,TRAIN,2018-01-17,2018-01-11,2018-01-04,2018-01-24,2018-01-31,2018-02-07,2018-02-14,True,True,True,True,USABLE_READY,All 4 data components verified and available in GCS lake
CASE_20180122_0322,322,2018-01-22,2024-01-22,Monday,Monday,TRAIN,2018-01-21,2018-01-15,2018-01-08,2018-01-28,2018-02-04,2018-02-11,2018-02-18,True,True,True,True,USABLE_READY,All 4 data components verified and available in GCS lake
CASE_20180125_0323,323,2018-01-25,2024-01-25,Thursday,Thursday,TRAIN,2018-01-24,2018-01-18,2018-01-11,2018-01-31,2018-02-07,2018-02-14,2018-02-21,True,True,True,True,USABLE_READY,All 4 data components verified and available in GCS lake
CASE_20180129_0324,324,2018-01-29,2024-01-29,Monday,Monday,TRAIN,2018-01-28,2018-01-22,2018-01-15,2018-02-04,2018-02-11,2018-02-18,2018-02-25,True,True,True,True,USABLE_READY,All 4 data components verified and available in GCS lake
CASE_20180201_0325,325,2018-02-01,2024-02-01,Thursday,Thursday,TRAIN,2018-01-31,2018-01-25,2018-01-18,2018-02-07,2018-02-14,2018-02-21,2018-02-28,True,True,True,True,USABLE_READY,All 4 data components verified and available in GCS lake
CASE_20180205_0326,326,2018-02-05,2024-02-05,Monday,Monday,TRAIN,2018-02-04,2018-01-29,2018-01-22,2018-02-11,2018-02-18,2018-02-25,2018-03-04,True,True,True,True,USABLE_READY,All 4 data components verified and available in GCS lake
CASE_20180208_0327,327,2018-02-08,2024-02-08,Thursday,Thursday,TRAIN,2018-02-07,2018-02-01,2018-01-25,2018-02-14,2018-02-21,2018-02-28,2018-03-07,True,True,True,True,USABLE_READY,All 4 data components verified and available in GCS lake
CASE_20180212_0328,328,2018-02-12,2024-02-12,Monday,Monday,TRAIN,2018-02-11,2018-02-05,2018-01-29,2018-02-18,2018-02-25,2018-03-04,2018-03-11,True,True,True,True,USABLE_READY,All 4 data components verified and available in GCS lake
CASE_20180215_0329,329,2018-02-15,2024-02-15,Thursday,Thursday,TRAIN,2018-02-14,2018-02-08,2018-02-01,2018-02-21,2018-02-28,2018-03-07,2018-03-14,True,True,True,True,USABLE_READY,All 4 data components verified and available in GCS lake
CASE_20180219_0330,330,2018-02-19,2024-02-19,Monday,Monday,TRAIN,2018-02-18,2018-02-12,2018-02-05,2018-02-25,2018-03-04,2018-03-11,2018-03-18,True,True,True,True,USABLE_READY,All 4 data components verified and available in GCS lake
CASE_20180222_0331,331,2018-02-22,2024-02-22,Thursday,Thursday,TRAIN,2018-02-21,2018-02-15,2018-02-08,2018-02-28,2018-03-07,2018-03-14,2018-03-21,True,True,True,True,USABLE_READY,All 4 data components verified and available in GCS lake
CASE_20180226_0332,332,2018-02-26,2024-02-26,Monday,Monday,TRAIN,2018-02-25,2018-02-19,2018-02-12,2018-03-04,2018-03-11,2018-03-18,2018-03-25,True,True,True,True,USABLE_READY,All 4 data components verified and available in GCS lake
CASE_20180228_0333,333,2018-02-28,2024-02-29,Thursday,Wednesday,TRAIN,2018-02-27,2018-02-21,2018-02-14,2018-03-06,2018-03-13,2018-03-20,2018-03-27,True,True,True,True,USABLE_READY,All 4 data components verified and available in GCS lake
CASE_20180304_0334,334,2018-03-04,2024-03-04,Monday,Sunday,TRAIN,2018-03-03,2018-02-25,2018-02-18,2018-03-10,2018-03-17,2018-03-24,2018-03-31,True,True,True,True,USABLE_READY,All 4 data components verified and available in GCS lake
CASE_20180307_0335,335,2018-03-07,2024-03-07,Thursday,Wednesday,TRAIN,2018-03-06,2018-02-28,2018-02-21,2018-03-13,2018-03-20,2018-03-27,2018-04-03,True,True,True,True,USABLE_READY,All 4 data components verified and available in GCS lake
CASE_20180311_0336,336,2018-03-11,2024-03-11,Monday,Sunday,TRAIN,2018-03-10,2018-03-04,2018-02-25,2018-03-17,2018-03-24,2018-03-31,2018-04-07,True,True,True,True,USABLE_READY,All 4 data components verified and available in GCS lake
CASE_20180314_0337,337,2018-03-14,2024-03-14,Thursday,Wednesday,TRAIN,2018-03-13,2018-03-07,2018-02-28,2018-03-20,2018-03-27,2018-04-03,2018-04-10,True,True,True,True,USABLE_READY,All 4 data components verified and available in GCS lake
CASE_20180318_0338,338,2018-03-18,2024-03-18,Monday,Sunday,TRAIN,2018-03-17,2018-03-11,2018-03-04,2018-03-24,2018-03-31,2018-04-07,2018-04-14,True,True,True,True,USABLE_READY,All 4 data components verified and available in GCS lake
CASE_20180321_0339,339,2018-03-21,2024-03-21,Thursday,Wednesday,TRAIN,2018-03-20,2018-03-14,2018-03-07,2018-03-27,2018-04-03,2018-04-10,2018-04-17,True,True,True,True,USABLE_READY,All 4 data components verified and available in GCS lake
CASE_20180325_0340,340,2018-03-25,2024-03-25,Monday,Sunday,TRAIN,2018-03-24,2018-03-18,2018-03-11,2018-03-31,2018-04-07,2018-04-14,2018-04-21,True,True,True,True,USABLE_READY,All 4 data components verified and available in GCS lake
CASE_20180328_0341,341,2018-03-28,2024-03-28,Thursday,Wednesday,TRAIN,2018-03-27,2018-03-21,2018-03-14,2018-04-03,2018-04-10,2018-04-17,2018-04-24,True,True,True,True,USABLE_READY,All 4 data components verified and available in GCS lake
CASE_20180401_0342,342,2018-04-01,2024-04-01,Monday,Sunday,TRAIN,2018-03-31,2018-03-25,2018-03-18,2018-04-07,2018-04-14,2018-04-21,2018-04-28,True,True,True,True,USABLE_READY,All 4 data components verified and available in GCS lake
CASE_20180404_0343,343,2018-04-04,2024-04-04,Thursday,Wednesday,TRAIN,2018-04-03,2018-03-28,2018-03-21,2018-04-10,2018-04-17,2018-04-24,2018-05-01,True,True,True,True,USABLE_READY,All 4 data components verified and available in GCS lake
CASE_20180408_0344,344,2018-04-08,2024-04-08,Monday,Sunday,TRAIN,2018-04-07,2018-04-01,2018-03-25,2018-04-14,2018-04-21,2018-04-28,2018-05-05,True,True,True,True,USABLE_READY,All 4 data components verified and available in GCS lake
CASE_20180411_0345,345,2018-04-11,2024-04-11,Thursday,Wednesday,TRAIN,2018-04-10,2018-04-04,2018-03-28,2018-04-17,2018-04-24,2018-05-01,2018-05-08,True,True,True,True,USABLE_READY,All 4 data components verified and available in GCS lake
CASE_20180415_0346,346,2018-04-15,2024-04-15,Monday,Sunday,TRAIN,2018-04-14,2018-04-08,2018-04-01,2018-04-21,2018-04-28,2018-05-05,2018-05-12,True,True,True,True,USABLE_READY,All 4 data components verified and available in GCS lake
CASE_20180418_0347,347,2018-04-18,2024-04-18,Thursday,Wednesday,TRAIN,2018-04-17,2018-04-11,2018-04-04,2018-04-24,2018-05-01,2018-05-08,2018-05-15,True,True,True,True,USABLE_READY,All 4 data components verified and available in GCS lake
CASE_20180422_0348,348,2018-04-22,2024-04-22,Monday,Sunday,TRAIN,2018-04-21,2018-04-15,2018-04-08,2018-04-28,2018-05-05,2018-05-12,2018-05-19,True,True,True,True,USABLE_READY,All 4 data components verified and available in GCS lake
CASE_20180425_0349,349,2018-04-25,2024-04-25,Thursday,Wednesday,TRAIN,2018-04-24,2018-04-18,2018-04-11,2018-05-01,2018-05-08,2018-05-15,2018-05-22,True,True,True,True,USABLE_READY,All 4 data components verified and available in GCS lake
CASE_20180429_0350,350,2018-04-29,2024-04-29,Monday,Sunday,TRAIN,2018-04-28,2018-04-22,2018-04-15,2018-05-05,2018-05-12,2018-05-19,2018-05-26,True,True,True,True,USABLE_READY,All 4 data components verified and available in GCS lake
CASE_20180502_0351,351,2018-05-02,2024-05-02,Thursday,Wednesday,TRAIN,2018-05-01,2018-04-25,2018-04-18,2018-05-08,2018-05-15,2018-05-22,2018-05-29,True,True,True,True,USABLE_READY,All 4 data components verified and available in GCS lake
CASE_20180506_0352,352,2018-05-06,2024-05-06,Monday,Sunday,TRAIN,2018-05-05,2018-04-29,2018-04-22,2018-05-12,2018-05-19,2018-05-26,2018-06-02,True,True,True,True,USABLE_READY,All 4 data components verified and available in GCS lake
CASE_20180509_0353,353,2018-05-09,2024-05-09,Thursday,Wednesday,TRAIN,2018-05-08,2018-05-02,2018-04-25,2018-05-15,2018-05-22,2018-05-29,2018-06-05,True,True,True,True,USABLE_READY,All 4 data components verified and available in GCS lake
CASE_20180513_0354,354,2018-05-13,2024-05-13,Monday,Sunday,TRAIN,2018-05-12,2018-05-06,2018-04-29,2018-05-19,2018-05-26,2018-06-02,2018-06-09,True,True,True,True,USABLE_READY,All 4 data components verified and available in GCS lake
CASE_20180516_0355,355,2018-05-16,2024-05-16,Thursday,Wednesday,TRAIN,2018-05-15,2018-05-09,2018-05-02,2018-05-22,2018-05-29,2018-06-05,2018-06-12,True,True,True,True,USABLE_READY,All 4 data components verified and available in GCS lake
CASE_20180520_0356,356,2018-05-20,2024-05-20,Monday,Sunday,TRAIN,2018-05-19,2018-05-13,2018-05-06,2018-05-26,2018-06-02,2018-06-09,2018-06-16,True,True,True,True,USABLE_READY,All 4 data components verified and available in GCS lake
CASE_20180523_0357,357,2018-05-23,2024-05-23,Thursday,Wednesday,TRAIN,2018-05-22,2018-05-16,2018-05-09,2018-05-29,2018-06-05,2018-06-12,2018-06-19,True,True,True,True,USABLE_READY,All 4 data components verified and available in GCS lake
CASE_20180527_0358,358,2018-05-27,2024-05-27,Monday,Sunday,TRAIN,2018-05-26,2018-05-20,2018-05-13,2018-06-02,2018-06-09,2018-06-16,2018-06-23,True,True,True,True,USABLE_READY,All 4 data components verified and available in GCS lake
CASE_20180530_0359,359,2018-05-30,2024-05-30,Thursday,Wednesday,TRAIN,2018-05-29,2018-05-23,2018-05-16,2018-06-05,2018-06-12,2018-06-19,2018-06-26,True,True,True,True,USABLE_READY,All 4 data components verified and available in GCS lake
CASE_20180603_0360,360,2018-06-03,2024-06-03,Monday,Sunday,TRAIN,2018-06-02,2018-05-27,2018-05-20,2018-06-09,2018-06-16,2018-06-23,2018-06-30,True,True,True,True,USABLE_READY,All 4 data components verified and available in GCS lake
CASE_20180606_0361,361,2018-06-06,2024-06-06,Thursday,Wednesday,TRAIN,2018-06-05,2018-05-30,2018-05-23,2018-06-12,2018-06-19,2018-06-26,2018-07-03,True,True,True,True,USABLE_READY,All 4 data components verified and available in GCS lake
CASE_20180610_0362,362,2018-06-10,2024-06-10,Monday,Sunday,TRAIN,2018-06-09,2018-06-03,2018-05-27,2018-06-16,2018-06-23,2018-06-30,2018-07-07,True,True,True,True,USABLE_READY,All 4 data components verified and available in GCS lake
CASE_20180613_0363,363,2018-06-13,2024-06-13,Thursday,Wednesday,TRAIN,2018-06-12,2018-06-06,2018-05-30,2018-06-19,2018-06-26,2018-07-03,2018-07-10,True,True,True,True,USABLE_READY,All 4 data components verified and available in GCS lake
CASE_20180617_0364,364,2018-06-17,2024-06-17,Monday,Sunday,TRAIN,2018-06-16,2018-06-10,2018-06-03,2018-06-23,2018-06-30,2018-07-07,2018-07-14,True,True,True,True,USABLE_READY,All 4 data components verified and available in GCS lake
CASE_20180620_0365,365,2018-06-20,2024-06-20,Thursday,Wednesday,TRAIN,2018-06-19,2018-06-13,2018-06-06,2018-06-26,2018-07-03,2018-07-10,2018-07-17,True,True,True,True,USABLE_READY,All 4 data components verified and available in GCS lake
CASE_20180624_0366,366,2018-06-24,2024-06-24,Monday,Sunday,TRAIN,2018-06-23,2018-06-17,2018-06-10,2018-06-30,2018-07-07,2018-07-14,2018-07-21,True,True,True,True,USABLE_READY,All 4 data components verified and available in GCS lake
CASE_20180627_0367,367,2018-06-27,2024-06-27,Thursday,Wednesday,TRAIN,2018-06-26,2018-06-20,2018-06-13,2018-07-03,2018-07-10,2018-07-17,2018-07-24,True,True,True,True,USABLE_READY,All 4 data components verified and available in GCS lake
CASE_20180701_0368,368,2018-07-01,2024-07-01,Monday,Sunday,TRAIN,2018-06-30,2018-06-24,2018-06-17,2018-07-07,2018-07-14,2018-07-21,2018-07-28,True,True,True,True,USABLE_READY,All 4 data components verified and available in GCS lake
CASE_20180704_0369,369,2018-07-04,2024-07-04,Thursday,Wednesday,TRAIN,2018-07-03,2018-06-27,2018-06-20,2018-07-10,2018-07-17,2018-07-24,2018-07-31,True,True,True,True,USABLE_READY,All 4 data components verified and available in GCS lake
CASE_20180708_0370,370,2018-07-08,2024-07-08,Monday,Sunday,TRAIN,2018-07-07,2018-07-01,2018-06-24,2018-07-14,2018-07-21,2018-07-28,2018-08-04,True,True,True,True,USABLE_READY,All 4 data components verified and available in GCS lake
CASE_20180711_0371,371,2018-07-11,2024-07-11,Thursday,Wednesday,TRAIN,2018-07-10,2018-07-04,2018-06-27,2018-07-17,2018-07-24,2018-07-31,2018-08-07,True,True,True,True,USABLE_READY,All 4 data components verified and available in GCS lake
CASE_20180715_0372,372,2018-07-15,2024-07-15,Monday,Sunday,TRAIN,2018-07-14,2018-07-08,2018-07-01,2018-07-21,2018-07-28,2018-08-04,2018-08-11,True,True,True,True,USABLE_READY,All 4 data components verified and available in GCS lake
CASE_20180718_0373,373,2018-07-18,2024-07-18,Thursday,Wednesday,TRAIN,2018-07-17,2018-07-11,2018-07-04,2018-07-24,2018-07-31,2018-08-07,2018-08-14,True,True,True,True,USABLE_READY,All 4 data components verified and available in GCS lake
CASE_20180722_0374,374,2018-07-22,2024-07-22,Monday,Sunday,TRAIN,2018-07-21,2018-07-15,2018-07-08,2018-07-28,2018-08-04,2018-08-11,2018-08-18,True,True,True,True,USABLE_READY,All 4 data components verified and available in GCS lake
CASE_20180725_0375,375,2018-07-25,2024-07-25,Thursday,Wednesday,TRAIN,2018-07-24,2018-07-18,2018-07-11,2018-07-31,2018-08-07,2018-08-14,2018-08-21,True,True,True,True,USABLE_READY,All 4 data components verified and available in GCS lake
CASE_20180729_0376,376,2018-07-29,2024-07-29,Monday,Sunday,TRAIN,2018-07-28,2018-07-22,2018-07-15,2018-08-04,2018-08-11,2018-08-18,2018-08-25,True,True,True,True,USABLE_READY,All 4 data components verified and available in GCS lake
CASE_20180801_0377,377,2018-08-01,2024-08-01,Thursday,Wednesday,TRAIN,2018-07-31,2018-07-25,2018-07-18,2018-08-07,2018-08-14,2018-08-21,2018-08-28,True,True,True,True,USABLE_READY,All 4 data components verified and available in GCS lake
CASE_20180805_0378,378,2018-08-05,2024-08-05,Monday,Sunday,TRAIN,2018-08-04,2018-07-29,2018-07-22,2018-08-11,2018-08-18,2018-08-25,2018-09-01,True,True,True,True,USABLE_READY,All 4 data components verified and available in GCS lake
CASE_20180808_0379,379,2018-08-08,2024-08-08,Thursday,Wednesday,TRAIN,2018-08-07,2018-08-01,2018-07-25,2018-08-14,2018-08-21,2018-08-28,2018-09-04,True,True,True,True,USABLE_READY,All 4 data components verified and available in GCS lake
CASE_20180812_0380,380,2018-08-12,2024-08-12,Monday,Sunday,TRAIN,2018-08-11,2018-08-05,2018-07-29,2018-08-18,2018-08-25,2018-09-01,2018-09-08,True,True,True,True,USABLE_READY,All 4 data components verified and available in GCS lake
CASE_20180815_0381,381,2018-08-15,2024-08-15,Thursday,Wednesday,TRAIN,2018-08-14,2018-08-08,2018-08-01,2018-08-21,2018-08-28,2018-09-04,2018-09-11,True,True,True,True,USABLE_READY,All 4 data components verified and available in GCS lake
CASE_20180819_0382,382,2018-08-19,2024-08-19,Monday,Sunday,TRAIN,2018-08-18,2018-08-12,2018-08-05,2018-08-25,2018-09-01,2018-09-08,2018-09-15,True,True,True,True,USABLE_READY,All 4 data components verified and available in GCS lake
CASE_20180822_0383,383,2018-08-22,2024-08-22,Thursday,Wednesday,TRAIN,2018-08-21,2018-08-15,2018-08-08,2018-08-28,2018-09-04,2018-09-11,2018-09-18,True,True,True,True,USABLE_READY,All 4 data components verified and available in GCS lake
CASE_20180826_0384,384,2018-08-26,2024-08-26,Monday,Sunday,TRAIN,2018-08-25,2018-08-19,2018-08-12,2018-09-01,2018-09-08,2018-09-15,2018-09-22,True,True,True,True,USABLE_READY,All 4 data components verified and available in GCS lake
CASE_20180829_0385,385,2018-08-29,2024-08-29,Thursday,Wednesday,TRAIN,2018-08-28,2018-08-22,2018-08-15,2018-09-04,2018-09-11,2018-09-18,2018-09-25,True,True,True,True,USABLE_READY,All 4 data components verified and available in GCS lake
CASE_20180902_0386,386,2018-09-02,2024-09-02,Monday,Sunday,TRAIN,2018-09-01,2018-08-26,2018-08-19,2018-09-08,2018-09-15,2018-09-22,2018-09-29,True,True,True,True,USABLE_READY,All 4 data components verified and available in GCS lake
CASE_20180905_0387,387,2018-09-05,2024-09-05,Thursday,Wednesday,TRAIN,2018-09-04,2018-08-29,2018-08-22,2018-09-11,2018-09-18,2018-09-25,2018-10-02,True,True,True,True,USABLE_READY,All 4 data components verified and available in GCS lake
CASE_20180909_0388,388,2018-09-09,2024-09-09,Monday,Sunday,TRAIN,2018-09-08,2018-09-02,2018-08-26,2018-09-15,2018-09-22,2018-09-29,2018-10-06,True,True,True,True,USABLE_READY,All 4 data components verified and available in GCS lake
CASE_20180912_0389,389,2018-09-12,2024-09-12,Thursday,Wednesday,TRAIN,2018-09-11,2018-09-05,2018-08-29,2018-09-18,2018-09-25,2018-10-02,2018-10-09,True,True,True,True,USABLE_READY,All 4 data components verified and available in GCS lake
CASE_20180916_0390,390,2018-09-16,2024-09-16,Monday,Sunday,TRAIN,2018-09-15,2018-09-09,2018-09-02,2018-09-22,2018-09-29,2018-10-06,2018-10-13,True,True,True,True,USABLE_READY,All 4 data components verified and available in GCS lake
CASE_20180919_0391,391,2018-09-19,2024-09-19,Thursday,Wednesday,TRAIN,2018-09-18,2018-09-12,2018-09-05,2018-09-25,2018-10-02,2018-10-09,2018-10-16,True,True,True,True,USABLE_READY,All 4 data components verified and available in GCS lake
CASE_20180923_0392,392,2018-09-23,2024-09-23,Monday,Sunday,TRAIN,2018-09-22,2018-09-16,2018-09-09,2018-09-29,2018-10-06,2018-10-13,2018-10-20,True,True,True,True,USABLE_READY,All 4 data components verified and available in GCS lake
CASE_20180926_0393,393,2018-09-26,2024-09-26,Thursday,Wednesday,TRAIN,2018-09-25,2018-09-19,2018-09-12,2018-10-02,2018-10-09,2018-10-16,2018-10-23,True,True,True,True,USABLE_READY,All 4 data components verified and available in GCS lake
CASE_20180930_0394,394,2018-09-30,2024-09-30,Monday,Sunday,TRAIN,2018-09-29,2018-09-23,2018-09-16,2018-10-06,2018-10-13,2018-10-20,2018-10-27,True,True,True,True,USABLE_READY,All 4 data components verified and available in GCS lake
CASE_20181003_0395,395,2018-10-03,2024-10-03,Thursday,Wednesday,TRAIN,2018-10-02,2018-09-26,2018-09-19,2018-10-09,2018-10-16,2018-10-23,2018-10-30,True,True,True,True,USABLE_READY,All 4 data components verified and available in GCS lake
CASE_20181007_0396,396,2018-10-07,2024-10-07,Monday,Sunday,TRAIN,2018-10-06,2018-09-30,2018-09-23,2018-10-13,2018-10-20,2018-10-27,2018-11-03,True,True,True,True,USABLE_READY,All 4 data components verified and available in GCS lake
CASE_20181010_0397,397,2018-10-10,2024-10-10,Thursday,Wednesday,TRAIN,2018-10-09,2018-10-03,2018-09-26,2018-10-16,2018-10-23,2018-10-30,2018-11-06,True,True,True,True,USABLE_READY,All 4 data components verified and available in GCS lake
CASE_20181014_0398,398,2018-10-14,2024-10-14,Monday,Sunday,TRAIN,2018-10-13,2018-10-07,2018-09-30,2018-10-20,2018-10-27,2018-11-03,2018-11-10,True,True,True,True,USABLE_READY,All 4 data components verified and available in GCS lake
CASE_20181017_0399,399,2018-10-17,2024-10-17,Thursday,Wednesday,TRAIN,2018-10-16,2018-10-10,2018-10-03,2018-10-23,2018-10-30,2018-11-06,2018-11-13,True,True,True,True,USABLE_READY,All 4 data components verified and available in GCS lake
CASE_20181021_0400,400,2018-10-21,2024-10-21,Monday,Sunday,TRAIN,2018-10-20,2018-10-14,2018-10-07,2018-10-27,2018-11-03,2018-11-10,2018-11-17,True,True,True,True,USABLE_READY,All 4 data components verified and available in GCS lake
CASE_20181024_0401,401,2018-10-24,2024-10-24,Thursday,Wednesday,TRAIN,2018-10-23,2018-10-17,2018-10-10,2018-10-30,2018-11-06,2018-11-13,2018-11-20,True,True,True,True,USABLE_READY,All 4 data components verified and available in GCS lake
CASE_20181028_0402,402,2018-10-28,2024-10-28,Monday,Sunday,TRAIN,2018-10-27,2018-10-21,2018-10-14,2018-11-03,2018-11-10,2018-11-17,2018-11-24,True,True,True,True,USABLE_READY,All 4 data components verified and available in GCS lake
CASE_20181031_0403,403,2018-10-31,2024-10-31,Thursday,Wednesday,TRAIN,2018-10-30,2018-10-24,2018-10-17,2018-11-06,2018-11-13,2018-11-20,2018-11-27,True,True,True,True,USABLE_READY,All 4 data components verified and available in GCS lake
CASE_20181104_0404,404,2018-11-04,2024-11-04,Monday,Sunday,TRAIN,2018-11-03,2018-10-28,2018-10-21,2018-11-10,2018-11-17,2018-11-24,2018-12-01,True,True,True,True,USABLE_READY,All 4 data components verified and available in GCS lake
CASE_20181107_0405,405,2018-11-07,2024-11-07,Thursday,Wednesday,TRAIN,2018-11-06,2018-10-31,2018-10-24,2018-11-13,2018-11-20,2018-11-27,2018-12-04,True,True,True,True,USABLE_READY,All 4 data components verified and available in GCS lake
CASE_20181111_0406,406,2018-11-11,2024-11-11,Monday,Sunday,TRAIN,2018-11-10,2018-11-04,2018-10-28,2018-11-17,2018-11-24,2018-12-01,2018-12-08,True,True,True,True,USABLE_READY,All 4 data components verified and available in GCS lake
CASE_20181114_0407,407,2018-11-14,2024-11-14,Thursday,Wednesday,TRAIN,2018-11-13,2018-11-07,2018-10-31,2018-11-20,2018-11-27,2018-12-04,2018-12-11,True,True,True,False,QUEUED_S2S_DOWNLOAD,"Antecedent RZSM, future target RZSM, and ERA5 atm verified; S2S download in progress"
CASE_20181118_0408,408,2018-11-18,2024-11-18,Monday,Sunday,TRAIN,2018-11-17,2018-11-11,2018-11-04,2018-11-24,2018-12-01,2018-12-08,2018-12-15,True,True,True,False,QUEUED_S2S_DOWNLOAD,"Antecedent RZSM, future target RZSM, and ERA5 atm verified; S2S download in progress"
CASE_20181121_0409,409,2018-11-21,2024-11-21,Thursday,Wednesday,TRAIN,2018-11-20,2018-11-14,2018-11-07,2018-11-27,2018-12-04,2018-12-11,2018-12-18,True,True,True,True,USABLE_READY,All 4 data components verified and available in GCS lake
CASE_20181125_0410,410,2018-11-25,2024-11-25,Monday,Sunday,TRAIN,2018-11-24,2018-11-18,2018-11-11,2018-12-01,2018-12-08,2018-12-15,2018-12-22,True,True,True,True,USABLE_READY,All 4 data components verified and available in GCS lake
CASE_20181128_0411,411,2018-11-28,2024-11-28,Thursday,Wednesday,TRAIN,2018-11-27,2018-11-21,2018-11-14,2018-12-04,2018-12-11,2018-12-18,2018-12-25,True,True,True,False,QUEUED_S2S_DOWNLOAD,"Antecedent RZSM, future target RZSM, and ERA5 atm verified; S2S download in progress"
CASE_20181202_0412,412,2018-12-02,2024-12-02,Monday,Sunday,TRAIN,2018-12-01,2018-11-25,2018-11-18,2018-12-08,2018-12-15,2018-12-22,2018-12-29,True,True,True,False,QUEUED_S2S_DOWNLOAD,"Antecedent RZSM, future target RZSM, and ERA5 atm verified; S2S download in progress"
CASE_20181205_0413,413,2018-12-05,2024-12-05,Thursday,Wednesday,TRAIN,2018-12-04,2018-11-28,2018-11-21,2018-12-11,2018-12-18,2018-12-25,2019-01-01,True,True,True,True,USABLE_READY,All 4 data components verified and available in GCS lake
CASE_20181209_0414,414,2018-12-09,2024-12-09,Monday,Sunday,TRAIN,2018-12-08,2018-12-02,2018-11-25,2018-12-15,2018-12-22,2018-12-29,2019-01-05,True,True,True,True,USABLE_READY,All 4 data components verified and available in GCS lake
CASE_20181212_0415,415,2018-12-12,2024-12-12,Thursday,Wednesday,TRAIN,2018-12-11,2018-12-05,2018-11-28,2018-12-18,2018-12-25,2019-01-01,2019-01-08,True,True,True,False,QUEUED_S2S_DOWNLOAD,"Antecedent RZSM, future target RZSM, and ERA5 atm verified; S2S download in progress"
CASE_20181216_0416,416,2018-12-16,2024-12-16,Monday,Sunday,TRAIN,2018-12-15,2018-12-09,2018-12-02,2018-12-22,2018-12-29,2019-01-05,2019-01-12,True,True,True,False,QUEUED_S2S_DOWNLOAD,"Antecedent RZSM, future target RZSM, and ERA5 atm verified; S2S download in progress"
CASE_20181219_0417,417,2018-12-19,2024-12-19,Thursday,Wednesday,TRAIN,2018-12-18,2018-12-12,2018-12-05,2018-12-25,2019-01-01,2019-01-08,2019-01-15,True,True,True,True,USABLE_READY,All 4 data components verified and available in GCS lake
CASE_20181223_0418,418,2018-12-23,2024-12-23,Monday,Sunday,TRAIN,2018-12-22,2018-12-16,2018-12-09,2018-12-29,2019-01-05,2019-01-12,2019-01-19,True,True,True,True,USABLE_READY,All 4 data components verified and available in GCS lake
CASE_20181226_0419,419,2018-12-26,2024-12-26,Thursday,Wednesday,TRAIN,2018-12-25,2018-12-19,2018-12-12,2019-01-01,2019-01-08,2019-01-15,2019-01-22,True,True,True,False,QUEUED_S2S_DOWNLOAD,"Antecedent RZSM, future target RZSM, and ERA5 atm verified; S2S download in progress"
CASE_20181230_0420,420,2018-12-30,2024-12-30,Monday,Sunday,TRAIN,2018-12-29,2018-12-23,2018-12-16,2019-01-05,2019-01-12,2019-01-19,2019-01-26,True,True,True,False,QUEUED_S2S_DOWNLOAD,"Antecedent RZSM, future target RZSM, and ERA5 atm verified; S2S download in progress"
CASE_20190101_0421,421,2019-01-01,2024-01-01,Monday,Tuesday,TRAIN,2018-12-31,2018-12-25,2018-12-18,2019-01-07,2019-01-14,2019-01-21,2019-01-28,True,True,True,True,USABLE_READY,All 4 data components verified and available in GCS lake
CASE_20190104_0422,422,2019-01-04,2024-01-04,Thursday,Friday,TRAIN,2019-01-03,2018-12-28,2018-12-21,2019-01-10,2019-01-17,2019-01-24,2019-01-31,True,True,True,True,USABLE_READY,All 4 data components verified and available in GCS lake
CASE_20190108_0423,423,2019-01-08,2024-01-08,Monday,Tuesday,TRAIN,2019-01-07,2019-01-01,2018-12-25,2019-01-14,2019-01-21,2019-01-28,2019-02-04,True,True,True,True,USABLE_READY,All 4 data components verified and available in GCS lake
CASE_20190111_0424,424,2019-01-11,2024-01-11,Thursday,Friday,TRAIN,2019-01-10,2019-01-04,2018-12-28,2019-01-17,2019-01-24,2019-01-31,2019-02-07,True,True,True,True,USABLE_READY,All 4 data components verified and available in GCS lake
CASE_20190115_0425,425,2019-01-15,2024-01-15,Monday,Tuesday,TRAIN,2019-01-14,2019-01-08,2019-01-01,2019-01-21,2019-01-28,2019-02-04,2019-02-11,True,True,True,True,USABLE_READY,All 4 data components verified and available in GCS lake
CASE_20190118_0426,426,2019-01-18,2024-01-18,Thursday,Friday,TRAIN,2019-01-17,2019-01-11,2019-01-04,2019-01-24,2019-01-31,2019-02-07,2019-02-14,True,True,True,True,USABLE_READY,All 4 data components verified and available in GCS lake
CASE_20190122_0427,427,2019-01-22,2024-01-22,Monday,Tuesday,TRAIN,2019-01-21,2019-01-15,2019-01-08,2019-01-28,2019-02-04,2019-02-11,2019-02-18,True,True,True,True,USABLE_READY,All 4 data components verified and available in GCS lake
CASE_20190125_0428,428,2019-01-25,2024-01-25,Thursday,Friday,TRAIN,2019-01-24,2019-01-18,2019-01-11,2019-01-31,2019-02-07,2019-02-14,2019-02-21,True,True,True,True,USABLE_READY,All 4 data components verified and available in GCS lake
CASE_20190129_0429,429,2019-01-29,2024-01-29,Monday,Tuesday,TRAIN,2019-01-28,2019-01-22,2019-01-15,2019-02-04,2019-02-11,2019-02-18,2019-02-25,True,True,True,True,USABLE_READY,All 4 data components verified and available in GCS lake
CASE_20190201_0430,430,2019-02-01,2024-02-01,Thursday,Friday,TRAIN,2019-01-31,2019-01-25,2019-01-18,2019-02-07,2019-02-14,2019-02-21,2019-02-28,True,True,True,True,USABLE_READY,All 4 data components verified and available in GCS lake
CASE_20190205_0431,431,2019-02-05,2024-02-05,Monday,Tuesday,TRAIN,2019-02-04,2019-01-29,2019-01-22,2019-02-11,2019-02-18,2019-02-25,2019-03-04,True,True,True,True,USABLE_READY,All 4 data components verified and available in GCS lake
CASE_20190208_0432,432,2019-02-08,2024-02-08,Thursday,Friday,TRAIN,2019-02-07,2019-02-01,2019-01-25,2019-02-14,2019-02-21,2019-02-28,2019-03-07,True,True,True,True,USABLE_READY,All 4 data components verified and available in GCS lake
CASE_20190212_0433,433,2019-02-12,2024-02-12,Monday,Tuesday,TRAIN,2019-02-11,2019-02-05,2019-01-29,2019-02-18,2019-02-25,2019-03-04,2019-03-11,True,True,True,True,USABLE_READY,All 4 data components verified and available in GCS lake
CASE_20190215_0434,434,2019-02-15,2024-02-15,Thursday,Friday,TRAIN,2019-02-14,2019-02-08,2019-02-01,2019-02-21,2019-02-28,2019-03-07,2019-03-14,True,True,True,True,USABLE_READY,All 4 data components verified and available in GCS lake
CASE_20190219_0435,435,2019-02-19,2024-02-19,Monday,Tuesday,TRAIN,2019-02-18,2019-02-12,2019-02-05,2019-02-25,2019-03-04,2019-03-11,2019-03-18,True,True,True,True,USABLE_READY,All 4 data components verified and available in GCS lake
CASE_20190222_0436,436,2019-02-22,2024-02-22,Thursday,Friday,TRAIN,2019-02-21,2019-02-15,2019-02-08,2019-02-28,2019-03-07,2019-03-14,2019-03-21,True,True,True,True,USABLE_READY,All 4 data components verified and available in GCS lake
CASE_20190226_0437,437,2019-02-26,2024-02-26,Monday,Tuesday,TRAIN,2019-02-25,2019-02-19,2019-02-12,2019-03-04,2019-03-11,2019-03-18,2019-03-25,True,True,True,True,USABLE_READY,All 4 data components verified and available in GCS lake
CASE_20190228_0438,438,2019-02-28,2024-02-29,Thursday,Thursday,TRAIN,2019-02-27,2019-02-21,2019-02-14,2019-03-06,2019-03-13,2019-03-20,2019-03-27,True,True,True,True,USABLE_READY,All 4 data components verified and available in GCS lake
CASE_20190304_0439,439,2019-03-04,2024-03-04,Monday,Monday,TRAIN,2019-03-03,2019-02-25,2019-02-18,2019-03-10,2019-03-17,2019-03-24,2019-03-31,True,True,True,True,USABLE_READY,All 4 data components verified and available in GCS lake
CASE_20190307_0440,440,2019-03-07,2024-03-07,Thursday,Thursday,TRAIN,2019-03-06,2019-02-28,2019-02-21,2019-03-13,2019-03-20,2019-03-27,2019-04-03,True,True,True,True,USABLE_READY,All 4 data components verified and available in GCS lake
CASE_20190311_0441,441,2019-03-11,2024-03-11,Monday,Monday,TRAIN,2019-03-10,2019-03-04,2019-02-25,2019-03-17,2019-03-24,2019-03-31,2019-04-07,True,True,True,True,USABLE_READY,All 4 data components verified and available in GCS lake
CASE_20190314_0442,442,2019-03-14,2024-03-14,Thursday,Thursday,TRAIN,2019-03-13,2019-03-07,2019-02-28,2019-03-20,2019-03-27,2019-04-03,2019-04-10,True,True,True,True,USABLE_READY,All 4 data components verified and available in GCS lake
CASE_20190318_0443,443,2019-03-18,2024-03-18,Monday,Monday,TRAIN,2019-03-17,2019-03-11,2019-03-04,2019-03-24,2019-03-31,2019-04-07,2019-04-14,True,True,True,True,USABLE_READY,All 4 data components verified and available in GCS lake
CASE_20190321_0444,444,2019-03-21,2024-03-21,Thursday,Thursday,TRAIN,2019-03-20,2019-03-14,2019-03-07,2019-03-27,2019-04-03,2019-04-10,2019-04-17,True,True,True,True,USABLE_READY,All 4 data components verified and available in GCS lake
CASE_20190325_0445,445,2019-03-25,2024-03-25,Monday,Monday,TRAIN,2019-03-24,2019-03-18,2019-03-11,2019-03-31,2019-04-07,2019-04-14,2019-04-21,True,True,True,True,USABLE_READY,All 4 data components verified and available in GCS lake
CASE_20190328_0446,446,2019-03-28,2024-03-28,Thursday,Thursday,TRAIN,2019-03-27,2019-03-21,2019-03-14,2019-04-03,2019-04-10,2019-04-17,2019-04-24,True,True,True,True,USABLE_READY,All 4 data components verified and available in GCS lake
CASE_20190401_0447,447,2019-04-01,2024-04-01,Monday,Monday,TRAIN,2019-03-31,2019-03-25,2019-03-18,2019-04-07,2019-04-14,2019-04-21,2019-04-28,True,True,True,True,USABLE_READY,All 4 data components verified and available in GCS lake
CASE_20190404_0448,448,2019-04-04,2024-04-04,Thursday,Thursday,TRAIN,2019-04-03,2019-03-28,2019-03-21,2019-04-10,2019-04-17,2019-04-24,2019-05-01,True,True,True,True,USABLE_READY,All 4 data components verified and available in GCS lake
CASE_20190408_0449,449,2019-04-08,2024-04-08,Monday,Monday,TRAIN,2019-04-07,2019-04-01,2019-03-25,2019-04-14,2019-04-21,2019-04-28,2019-05-05,True,True,True,True,USABLE_READY,All 4 data components verified and available in GCS lake
CASE_20190411_0450,450,2019-04-11,2024-04-11,Thursday,Thursday,TRAIN,2019-04-10,2019-04-04,2019-03-28,2019-04-17,2019-04-24,2019-05-01,2019-05-08,True,True,True,True,USABLE_READY,All 4 data components verified and available in GCS lake
CASE_20190415_0451,451,2019-04-15,2024-04-15,Monday,Monday,TRAIN,2019-04-14,2019-04-08,2019-04-01,2019-04-21,2019-04-28,2019-05-05,2019-05-12,True,True,True,True,USABLE_READY,All 4 data components verified and available in GCS lake
CASE_20190418_0452,452,2019-04-18,2024-04-18,Thursday,Thursday,TRAIN,2019-04-17,2019-04-11,2019-04-04,2019-04-24,2019-05-01,2019-05-08,2019-05-15,True,True,True,True,USABLE_READY,All 4 data components verified and available in GCS lake
CASE_20190422_0453,453,2019-04-22,2024-04-22,Monday,Monday,TRAIN,2019-04-21,2019-04-15,2019-04-08,2019-04-28,2019-05-05,2019-05-12,2019-05-19,True,True,True,True,USABLE_READY,All 4 data components verified and available in GCS lake
CASE_20190425_0454,454,2019-04-25,2024-04-25,Thursday,Thursday,TRAIN,2019-04-24,2019-04-18,2019-04-11,2019-05-01,2019-05-08,2019-05-15,2019-05-22,True,True,True,True,USABLE_READY,All 4 data components verified and available in GCS lake
CASE_20190429_0455,455,2019-04-29,2024-04-29,Monday,Monday,TRAIN,2019-04-28,2019-04-22,2019-04-15,2019-05-05,2019-05-12,2019-05-19,2019-05-26,True,True,True,True,USABLE_READY,All 4 data components verified and available in GCS lake
CASE_20190502_0456,456,2019-05-02,2024-05-02,Thursday,Thursday,TRAIN,2019-05-01,2019-04-25,2019-04-18,2019-05-08,2019-05-15,2019-05-22,2019-05-29,True,True,True,True,USABLE_READY,All 4 data components verified and available in GCS lake
CASE_20190506_0457,457,2019-05-06,2024-05-06,Monday,Monday,TRAIN,2019-05-05,2019-04-29,2019-04-22,2019-05-12,2019-05-19,2019-05-26,2019-06-02,True,True,True,True,USABLE_READY,All 4 data components verified and available in GCS lake
CASE_20190509_0458,458,2019-05-09,2024-05-09,Thursday,Thursday,TRAIN,2019-05-08,2019-05-02,2019-04-25,2019-05-15,2019-05-22,2019-05-29,2019-06-05,True,True,True,True,USABLE_READY,All 4 data components verified and available in GCS lake
CASE_20190513_0459,459,2019-05-13,2024-05-13,Monday,Monday,TRAIN,2019-05-12,2019-05-06,2019-04-29,2019-05-19,2019-05-26,2019-06-02,2019-06-09,True,True,True,True,USABLE_READY,All 4 data components verified and available in GCS lake
CASE_20190516_0460,460,2019-05-16,2024-05-16,Thursday,Thursday,TRAIN,2019-05-15,2019-05-09,2019-05-02,2019-05-22,2019-05-29,2019-06-05,2019-06-12,True,True,True,True,USABLE_READY,All 4 data components verified and available in GCS lake
CASE_20190520_0461,461,2019-05-20,2024-05-20,Monday,Monday,TRAIN,2019-05-19,2019-05-13,2019-05-06,2019-05-26,2019-06-02,2019-06-09,2019-06-16,True,True,True,True,USABLE_READY,All 4 data components verified and available in GCS lake
CASE_20190523_0462,462,2019-05-23,2024-05-23,Thursday,Thursday,TRAIN,2019-05-22,2019-05-16,2019-05-09,2019-05-29,2019-06-05,2019-06-12,2019-06-19,True,True,True,True,USABLE_READY,All 4 data components verified and available in GCS lake
CASE_20190527_0463,463,2019-05-27,2024-05-27,Monday,Monday,TRAIN,2019-05-26,2019-05-20,2019-05-13,2019-06-02,2019-06-09,2019-06-16,2019-06-23,True,True,True,True,USABLE_READY,All 4 data components verified and available in GCS lake
CASE_20190530_0464,464,2019-05-30,2024-05-30,Thursday,Thursday,TRAIN,2019-05-29,2019-05-23,2019-05-16,2019-06-05,2019-06-12,2019-06-19,2019-06-26,True,True,True,True,USABLE_READY,All 4 data components verified and available in GCS lake
CASE_20190603_0465,465,2019-06-03,2024-06-03,Monday,Monday,TRAIN,2019-06-02,2019-05-27,2019-05-20,2019-06-09,2019-06-16,2019-06-23,2019-06-30,True,True,True,True,USABLE_READY,All 4 data components verified and available in GCS lake
CASE_20190606_0466,466,2019-06-06,2024-06-06,Thursday,Thursday,TRAIN,2019-06-05,2019-05-30,2019-05-23,2019-06-12,2019-06-19,2019-06-26,2019-07-03,True,True,True,True,USABLE_READY,All 4 data components verified and available in GCS lake
CASE_20190610_0467,467,2019-06-10,2024-06-10,Monday,Monday,TRAIN,2019-06-09,2019-06-03,2019-05-27,2019-06-16,2019-06-23,2019-06-30,2019-07-07,True,True,True,True,USABLE_READY,All 4 data components verified and available in GCS lake
CASE_20190613_0468,468,2019-06-13,2024-06-13,Thursday,Thursday,TRAIN,2019-06-12,2019-06-06,2019-05-30,2019-06-19,2019-06-26,2019-07-03,2019-07-10,True,True,True,True,USABLE_READY,All 4 data components verified and available in GCS lake
CASE_20190617_0469,469,2019-06-17,2024-06-17,Monday,Monday,TRAIN,2019-06-16,2019-06-10,2019-06-03,2019-06-23,2019-06-30,2019-07-07,2019-07-14,True,True,True,True,USABLE_READY,All 4 data components verified and available in GCS lake
CASE_20190620_0470,470,2019-06-20,2024-06-20,Thursday,Thursday,TRAIN,2019-06-19,2019-06-13,2019-06-06,2019-06-26,2019-07-03,2019-07-10,2019-07-17,True,True,True,True,USABLE_READY,All 4 data components verified and available in GCS lake
CASE_20190624_0471,471,2019-06-24,2024-06-24,Monday,Monday,TRAIN,2019-06-23,2019-06-17,2019-06-10,2019-06-30,2019-07-07,2019-07-14,2019-07-21,True,True,True,True,USABLE_READY,All 4 data components verified and available in GCS lake
CASE_20190627_0472,472,2019-06-27,2024-06-27,Thursday,Thursday,TRAIN,2019-06-26,2019-06-20,2019-06-13,2019-07-03,2019-07-10,2019-07-17,2019-07-24,True,True,True,True,USABLE_READY,All 4 data components verified and available in GCS lake
CASE_20190701_0473,473,2019-07-01,2024-07-01,Monday,Monday,TRAIN,2019-06-30,2019-06-24,2019-06-17,2019-07-07,2019-07-14,2019-07-21,2019-07-28,True,True,True,True,USABLE_READY,All 4 data components verified and available in GCS lake
CASE_20190704_0474,474,2019-07-04,2024-07-04,Thursday,Thursday,TRAIN,2019-07-03,2019-06-27,2019-06-20,2019-07-10,2019-07-17,2019-07-24,2019-07-31,True,True,True,True,USABLE_READY,All 4 data components verified and available in GCS lake
CASE_20190708_0475,475,2019-07-08,2024-07-08,Monday,Monday,TRAIN,2019-07-07,2019-07-01,2019-06-24,2019-07-14,2019-07-21,2019-07-28,2019-08-04,True,True,True,True,USABLE_READY,All 4 data components verified and available in GCS lake
CASE_20190711_0476,476,2019-07-11,2024-07-11,Thursday,Thursday,TRAIN,2019-07-10,2019-07-04,2019-06-27,2019-07-17,2019-07-24,2019-07-31,2019-08-07,True,True,True,True,USABLE_READY,All 4 data components verified and available in GCS lake
CASE_20190715_0477,477,2019-07-15,2024-07-15,Monday,Monday,TRAIN,2019-07-14,2019-07-08,2019-07-01,2019-07-21,2019-07-28,2019-08-04,2019-08-11,True,True,True,True,USABLE_READY,All 4 data components verified and available in GCS lake
CASE_20190718_0478,478,2019-07-18,2024-07-18,Thursday,Thursday,TRAIN,2019-07-17,2019-07-11,2019-07-04,2019-07-24,2019-07-31,2019-08-07,2019-08-14,True,True,True,True,USABLE_READY,All 4 data components verified and available in GCS lake
CASE_20190722_0479,479,2019-07-22,2024-07-22,Monday,Monday,TRAIN,2019-07-21,2019-07-15,2019-07-08,2019-07-28,2019-08-04,2019-08-11,2019-08-18,True,True,True,True,USABLE_READY,All 4 data components verified and available in GCS lake
CASE_20190725_0480,480,2019-07-25,2024-07-25,Thursday,Thursday,TRAIN,2019-07-24,2019-07-18,2019-07-11,2019-07-31,2019-08-07,2019-08-14,2019-08-21,True,True,True,True,USABLE_READY,All 4 data components verified and available in GCS lake
CASE_20190729_0481,481,2019-07-29,2024-07-29,Monday,Monday,TRAIN,2019-07-28,2019-07-22,2019-07-15,2019-08-04,2019-08-11,2019-08-18,2019-08-25,True,True,True,True,USABLE_READY,All 4 data components verified and available in GCS lake
CASE_20190801_0482,482,2019-08-01,2024-08-01,Thursday,Thursday,TRAIN,2019-07-31,2019-07-25,2019-07-18,2019-08-07,2019-08-14,2019-08-21,2019-08-28,True,True,True,True,USABLE_READY,All 4 data components verified and available in GCS lake
CASE_20190805_0483,483,2019-08-05,2024-08-05,Monday,Monday,TRAIN,2019-08-04,2019-07-29,2019-07-22,2019-08-11,2019-08-18,2019-08-25,2019-09-01,True,True,True,True,USABLE_READY,All 4 data components verified and available in GCS lake
CASE_20190808_0484,484,2019-08-08,2024-08-08,Thursday,Thursday,TRAIN,2019-08-07,2019-08-01,2019-07-25,2019-08-14,2019-08-21,2019-08-28,2019-09-04,True,True,True,True,USABLE_READY,All 4 data components verified and available in GCS lake
CASE_20190812_0485,485,2019-08-12,2024-08-12,Monday,Monday,TRAIN,2019-08-11,2019-08-05,2019-07-29,2019-08-18,2019-08-25,2019-09-01,2019-09-08,True,True,True,True,USABLE_READY,All 4 data components verified and available in GCS lake
CASE_20190815_0486,486,2019-08-15,2024-08-15,Thursday,Thursday,TRAIN,2019-08-14,2019-08-08,2019-08-01,2019-08-21,2019-08-28,2019-09-04,2019-09-11,True,True,True,True,USABLE_READY,All 4 data components verified and available in GCS lake
CASE_20190819_0487,487,2019-08-19,2024-08-19,Monday,Monday,TRAIN,2019-08-18,2019-08-12,2019-08-05,2019-08-25,2019-09-01,2019-09-08,2019-09-15,True,True,True,True,USABLE_READY,All 4 data components verified and available in GCS lake
CASE_20190822_0488,488,2019-08-22,2024-08-22,Thursday,Thursday,TRAIN,2019-08-21,2019-08-15,2019-08-08,2019-08-28,2019-09-04,2019-09-11,2019-09-18,True,True,True,True,USABLE_READY,All 4 data components verified and available in GCS lake
CASE_20190826_0489,489,2019-08-26,2024-08-26,Monday,Monday,TRAIN,2019-08-25,2019-08-19,2019-08-12,2019-09-01,2019-09-08,2019-09-15,2019-09-22,True,True,True,True,USABLE_READY,All 4 data components verified and available in GCS lake
CASE_20190829_0490,490,2019-08-29,2024-08-29,Thursday,Thursday,TRAIN,2019-08-28,2019-08-22,2019-08-15,2019-09-04,2019-09-11,2019-09-18,2019-09-25,True,True,True,True,USABLE_READY,All 4 data components verified and available in GCS lake
CASE_20190902_0491,491,2019-09-02,2024-09-02,Monday,Monday,TRAIN,2019-09-01,2019-08-26,2019-08-19,2019-09-08,2019-09-15,2019-09-22,2019-09-29,True,True,True,True,USABLE_READY,All 4 data components verified and available in GCS lake
CASE_20190905_0492,492,2019-09-05,2024-09-05,Thursday,Thursday,TRAIN,2019-09-04,2019-08-29,2019-08-22,2019-09-11,2019-09-18,2019-09-25,2019-10-02,True,True,True,True,USABLE_READY,All 4 data components verified and available in GCS lake
CASE_20190909_0493,493,2019-09-09,2024-09-09,Monday,Monday,TRAIN,2019-09-08,2019-09-02,2019-08-26,2019-09-15,2019-09-22,2019-09-29,2019-10-06,True,True,True,True,USABLE_READY,All 4 data components verified and available in GCS lake
CASE_20190912_0494,494,2019-09-12,2024-09-12,Thursday,Thursday,TRAIN,2019-09-11,2019-09-05,2019-08-29,2019-09-18,2019-09-25,2019-10-02,2019-10-09,True,True,True,True,USABLE_READY,All 4 data components verified and available in GCS lake
CASE_20190916_0495,495,2019-09-16,2024-09-16,Monday,Monday,TRAIN,2019-09-15,2019-09-09,2019-09-02,2019-09-22,2019-09-29,2019-10-06,2019-10-13,True,True,True,True,USABLE_READY,All 4 data components verified and available in GCS lake
CASE_20190919_0496,496,2019-09-19,2024-09-19,Thursday,Thursday,TRAIN,2019-09-18,2019-09-12,2019-09-05,2019-09-25,2019-10-02,2019-10-09,2019-10-16,True,True,True,True,USABLE_READY,All 4 data components verified and available in GCS lake
CASE_20190923_0497,497,2019-09-23,2024-09-23,Monday,Monday,TRAIN,2019-09-22,2019-09-16,2019-09-09,2019-09-29,2019-10-06,2019-10-13,2019-10-20,True,True,True,True,USABLE_READY,All 4 data components verified and available in GCS lake
CASE_20190926_0498,498,2019-09-26,2024-09-26,Thursday,Thursday,TRAIN,2019-09-25,2019-09-19,2019-09-12,2019-10-02,2019-10-09,2019-10-16,2019-10-23,True,True,True,True,USABLE_READY,All 4 data components verified and available in GCS lake
CASE_20190930_0499,499,2019-09-30,2024-09-30,Monday,Monday,TRAIN,2019-09-29,2019-09-23,2019-09-16,2019-10-06,2019-10-13,2019-10-20,2019-10-27,True,True,True,True,USABLE_READY,All 4 data components verified and available in GCS lake
CASE_20191003_0500,500,2019-10-03,2024-10-03,Thursday,Thursday,TRAIN,2019-10-02,2019-09-26,2019-09-19,2019-10-09,2019-10-16,2019-10-23,2019-10-30,True,True,True,True,USABLE_READY,All 4 data components verified and available in GCS lake
CASE_20191007_0501,501,2019-10-07,2024-10-07,Monday,Monday,TRAIN,2019-10-06,2019-09-30,2019-09-23,2019-10-13,2019-10-20,2019-10-27,2019-11-03,True,True,True,True,USABLE_READY,All 4 data components verified and available in GCS lake
CASE_20191010_0502,502,2019-10-10,2024-10-10,Thursday,Thursday,TRAIN,2019-10-09,2019-10-03,2019-09-26,2019-10-16,2019-10-23,2019-10-30,2019-11-06,True,True,True,True,USABLE_READY,All 4 data components verified and available in GCS lake
CASE_20191014_0503,503,2019-10-14,2024-10-14,Monday,Monday,TRAIN,2019-10-13,2019-10-07,2019-09-30,2019-10-20,2019-10-27,2019-11-03,2019-11-10,True,True,True,True,USABLE_READY,All 4 data components verified and available in GCS lake
CASE_20191017_0504,504,2019-10-17,2024-10-17,Thursday,Thursday,TRAIN,2019-10-16,2019-10-10,2019-10-03,2019-10-23,2019-10-30,2019-11-06,2019-11-13,True,True,True,True,USABLE_READY,All 4 data components verified and available in GCS lake
CASE_20191021_0505,505,2019-10-21,2024-10-21,Monday,Monday,TRAIN,2019-10-20,2019-10-14,2019-10-07,2019-10-27,2019-11-03,2019-11-10,2019-11-17,True,True,True,True,USABLE_READY,All 4 data components verified and available in GCS lake
CASE_20191024_0506,506,2019-10-24,2024-10-24,Thursday,Thursday,TRAIN,2019-10-23,2019-10-17,2019-10-10,2019-10-30,2019-11-06,2019-11-13,2019-11-20,True,True,True,True,USABLE_READY,All 4 data components verified and available in GCS lake
CASE_20191028_0507,507,2019-10-28,2024-10-28,Monday,Monday,TRAIN,2019-10-27,2019-10-21,2019-10-14,2019-11-03,2019-11-10,2019-11-17,2019-11-24,True,True,True,True,USABLE_READY,All 4 data components verified and available in GCS lake
CASE_20191031_0508,508,2019-10-31,2024-10-31,Thursday,Thursday,TRAIN,2019-10-30,2019-10-24,2019-10-17,2019-11-06,2019-11-13,2019-11-20,2019-11-27,True,True,True,True,USABLE_READY,All 4 data components verified and available in GCS lake
CASE_20191104_0509,509,2019-11-04,2024-11-04,Monday,Monday,TRAIN,2019-11-03,2019-10-28,2019-10-21,2019-11-10,2019-11-17,2019-11-24,2019-12-01,True,True,True,True,USABLE_READY,All 4 data components verified and available in GCS lake
CASE_20191107_0510,510,2019-11-07,2024-11-07,Thursday,Thursday,TRAIN,2019-11-06,2019-10-31,2019-10-24,2019-11-13,2019-11-20,2019-11-27,2019-12-04,True,True,True,True,USABLE_READY,All 4 data components verified and available in GCS lake
CASE_20191111_0511,511,2019-11-11,2024-11-11,Monday,Monday,TRAIN,2019-11-10,2019-11-04,2019-10-28,2019-11-17,2019-11-24,2019-12-01,2019-12-08,True,True,True,True,USABLE_READY,All 4 data components verified and available in GCS lake
CASE_20191114_0512,512,2019-11-14,2024-11-14,Thursday,Thursday,TRAIN,2019-11-13,2019-11-07,2019-10-31,2019-11-20,2019-11-27,2019-12-04,2019-12-11,True,True,True,False,QUEUED_S2S_DOWNLOAD,"Antecedent RZSM, future target RZSM, and ERA5 atm verified; S2S download in progress"
CASE_20191118_0513,513,2019-11-18,2024-11-18,Monday,Monday,TRAIN,2019-11-17,2019-11-11,2019-11-04,2019-11-24,2019-12-01,2019-12-08,2019-12-15,True,True,True,False,QUEUED_S2S_DOWNLOAD,"Antecedent RZSM, future target RZSM, and ERA5 atm verified; S2S download in progress"
CASE_20191121_0514,514,2019-11-21,2024-11-21,Thursday,Thursday,TRAIN,2019-11-20,2019-11-14,2019-11-07,2019-11-27,2019-12-04,2019-12-11,2019-12-18,True,True,True,True,USABLE_READY,All 4 data components verified and available in GCS lake
CASE_20191125_0515,515,2019-11-25,2024-11-25,Monday,Monday,TRAIN,2019-11-24,2019-11-18,2019-11-11,2019-12-01,2019-12-08,2019-12-15,2019-12-22,True,True,True,True,USABLE_READY,All 4 data components verified and available in GCS lake
CASE_20191128_0516,516,2019-11-28,2024-11-28,Thursday,Thursday,TRAIN,2019-11-27,2019-11-21,2019-11-14,2019-12-04,2019-12-11,2019-12-18,2019-12-25,True,True,True,False,QUEUED_S2S_DOWNLOAD,"Antecedent RZSM, future target RZSM, and ERA5 atm verified; S2S download in progress"
CASE_20191202_0517,517,2019-12-02,2024-12-02,Monday,Monday,TRAIN,2019-12-01,2019-11-25,2019-11-18,2019-12-08,2019-12-15,2019-12-22,2019-12-29,True,True,True,False,QUEUED_S2S_DOWNLOAD,"Antecedent RZSM, future target RZSM, and ERA5 atm verified; S2S download in progress"
CASE_20191205_0518,518,2019-12-05,2024-12-05,Thursday,Thursday,TRAIN,2019-12-04,2019-11-28,2019-11-21,2019-12-11,2019-12-18,2019-12-25,2020-01-01,True,True,True,True,USABLE_READY,All 4 data components verified and available in GCS lake
CASE_20191209_0519,519,2019-12-09,2024-12-09,Monday,Monday,TRAIN,2019-12-08,2019-12-02,2019-11-25,2019-12-15,2019-12-22,2019-12-29,2020-01-05,True,True,True,True,USABLE_READY,All 4 data components verified and available in GCS lake
CASE_20191212_0520,520,2019-12-12,2024-12-12,Thursday,Thursday,TRAIN,2019-12-11,2019-12-05,2019-11-28,2019-12-18,2019-12-25,2020-01-01,2020-01-08,True,True,True,False,QUEUED_S2S_DOWNLOAD,"Antecedent RZSM, future target RZSM, and ERA5 atm verified; S2S download in progress"
CASE_20191216_0521,521,2019-12-16,2024-12-16,Monday,Monday,TRAIN,2019-12-15,2019-12-09,2019-12-02,2019-12-22,2019-12-29,2020-01-05,2020-01-12,True,True,True,False,QUEUED_S2S_DOWNLOAD,"Antecedent RZSM, future target RZSM, and ERA5 atm verified; S2S download in progress"
CASE_20191219_0522,522,2019-12-19,2024-12-19,Thursday,Thursday,TRAIN,2019-12-18,2019-12-12,2019-12-05,2019-12-25,2020-01-01,2020-01-08,2020-01-15,True,True,True,True,USABLE_READY,All 4 data components verified and available in GCS lake
CASE_20191223_0523,523,2019-12-23,2024-12-23,Monday,Monday,TRAIN,2019-12-22,2019-12-16,2019-12-09,2019-12-29,2020-01-05,2020-01-12,2020-01-19,True,True,True,True,USABLE_READY,All 4 data components verified and available in GCS lake
CASE_20191226_0524,524,2019-12-26,2024-12-26,Thursday,Thursday,TRAIN,2019-12-25,2019-12-19,2019-12-12,2020-01-01,2020-01-08,2020-01-15,2020-01-22,True,True,True,False,QUEUED_S2S_DOWNLOAD,"Antecedent RZSM, future target RZSM, and ERA5 atm verified; S2S download in progress"
CASE_20191230_0525,525,2019-12-30,2024-12-30,Monday,Monday,TRAIN,2019-12-29,2019-12-23,2019-12-16,2020-01-05,2020-01-12,2020-01-19,2020-01-26,True,True,True,False,QUEUED_S2S_DOWNLOAD,"Antecedent RZSM, future target RZSM, and ERA5 atm verified; S2S download in progress"
CASE_20200101_0526,526,2020-01-01,2024-01-01,Monday,Wednesday,TRAIN,2019-12-31,2019-12-25,2019-12-18,2020-01-07,2020-01-14,2020-01-21,2020-01-28,True,True,True,True,USABLE_READY,All 4 data components verified and available in GCS lake
CASE_20200104_0527,527,2020-01-04,2024-01-04,Thursday,Saturday,TRAIN,2020-01-03,2019-12-28,2019-12-21,2020-01-10,2020-01-17,2020-01-24,2020-01-31,True,True,True,True,USABLE_READY,All 4 data components verified and available in GCS lake
CASE_20200108_0528,528,2020-01-08,2024-01-08,Monday,Wednesday,TRAIN,2020-01-07,2020-01-01,2019-12-25,2020-01-14,2020-01-21,2020-01-28,2020-02-04,True,True,True,True,USABLE_READY,All 4 data components verified and available in GCS lake
CASE_20200111_0529,529,2020-01-11,2024-01-11,Thursday,Saturday,TRAIN,2020-01-10,2020-01-04,2019-12-28,2020-01-17,2020-01-24,2020-01-31,2020-02-07,True,True,True,True,USABLE_READY,All 4 data components verified and available in GCS lake
CASE_20200115_0530,530,2020-01-15,2024-01-15,Monday,Wednesday,TRAIN,2020-01-14,2020-01-08,2020-01-01,2020-01-21,2020-01-28,2020-02-04,2020-02-11,True,True,True,True,USABLE_READY,All 4 data components verified and available in GCS lake
CASE_20200118_0531,531,2020-01-18,2024-01-18,Thursday,Saturday,TRAIN,2020-01-17,2020-01-11,2020-01-04,2020-01-24,2020-01-31,2020-02-07,2020-02-14,True,True,True,True,USABLE_READY,All 4 data components verified and available in GCS lake
CASE_20200122_0532,532,2020-01-22,2024-01-22,Monday,Wednesday,TRAIN,2020-01-21,2020-01-15,2020-01-08,2020-01-28,2020-02-04,2020-02-11,2020-02-18,True,True,True,True,USABLE_READY,All 4 data components verified and available in GCS lake
CASE_20200125_0533,533,2020-01-25,2024-01-25,Thursday,Saturday,TRAIN,2020-01-24,2020-01-18,2020-01-11,2020-01-31,2020-02-07,2020-02-14,2020-02-21,True,True,True,True,USABLE_READY,All 4 data components verified and available in GCS lake
CASE_20200129_0534,534,2020-01-29,2024-01-29,Monday,Wednesday,TRAIN,2020-01-28,2020-01-22,2020-01-15,2020-02-04,2020-02-11,2020-02-18,2020-02-25,True,True,True,True,USABLE_READY,All 4 data components verified and available in GCS lake
CASE_20200201_0535,535,2020-02-01,2024-02-01,Thursday,Saturday,TRAIN,2020-01-31,2020-01-25,2020-01-18,2020-02-07,2020-02-14,2020-02-21,2020-02-28,True,True,True,True,USABLE_READY,All 4 data components verified and available in GCS lake
CASE_20200205_0536,536,2020-02-05,2024-02-05,Monday,Wednesday,TRAIN,2020-02-04,2020-01-29,2020-01-22,2020-02-11,2020-02-18,2020-02-25,2020-03-03,True,True,True,True,USABLE_READY,All 4 data components verified and available in GCS lake
CASE_20200208_0537,537,2020-02-08,2024-02-08,Thursday,Saturday,TRAIN,2020-02-07,2020-02-01,2020-01-25,2020-02-14,2020-02-21,2020-02-28,2020-03-06,True,True,True,True,USABLE_READY,All 4 data components verified and available in GCS lake
CASE_20200212_0538,538,2020-02-12,2024-02-12,Monday,Wednesday,TRAIN,2020-02-11,2020-02-05,2020-01-29,2020-02-18,2020-02-25,2020-03-03,2020-03-10,True,True,True,True,USABLE_READY,All 4 data components verified and available in GCS lake
CASE_20200215_0539,539,2020-02-15,2024-02-15,Thursday,Saturday,TRAIN,2020-02-14,2020-02-08,2020-02-01,2020-02-21,2020-02-28,2020-03-06,2020-03-13,True,True,True,True,USABLE_READY,All 4 data components verified and available in GCS lake
CASE_20200219_0540,540,2020-02-19,2024-02-19,Monday,Wednesday,TRAIN,2020-02-18,2020-02-12,2020-02-05,2020-02-25,2020-03-03,2020-03-10,2020-03-17,True,True,True,True,USABLE_READY,All 4 data components verified and available in GCS lake
CASE_20200222_0541,541,2020-02-22,2024-02-22,Thursday,Saturday,TRAIN,2020-02-21,2020-02-15,2020-02-08,2020-02-28,2020-03-06,2020-03-13,2020-03-20,True,True,True,True,USABLE_READY,All 4 data components verified and available in GCS lake
CASE_20200226_0542,542,2020-02-26,2024-02-26,Monday,Wednesday,TRAIN,2020-02-25,2020-02-19,2020-02-12,2020-03-03,2020-03-10,2020-03-17,2020-03-24,True,True,True,True,USABLE_READY,All 4 data components verified and available in GCS lake
CASE_20200229_0543,543,2020-02-29,2024-02-29,Thursday,Saturday,TRAIN,2020-02-28,2020-02-22,2020-02-15,2020-03-06,2020-03-13,2020-03-20,2020-03-27,True,True,True,False,QUEUED_S2S_DOWNLOAD,"Antecedent RZSM, future target RZSM, and ERA5 atm verified; S2S download in progress"
CASE_20200304_0544,544,2020-03-04,2024-03-04,Monday,Wednesday,TRAIN,2020-03-03,2020-02-26,2020-02-19,2020-03-10,2020-03-17,2020-03-24,2020-03-31,True,True,True,True,USABLE_READY,All 4 data components verified and available in GCS lake
CASE_20200307_0545,545,2020-03-07,2024-03-07,Thursday,Saturday,TRAIN,2020-03-06,2020-02-29,2020-02-22,2020-03-13,2020-03-20,2020-03-27,2020-04-03,True,True,True,True,USABLE_READY,All 4 data components verified and available in GCS lake
CASE_20200311_0546,546,2020-03-11,2024-03-11,Monday,Wednesday,TRAIN,2020-03-10,2020-03-04,2020-02-26,2020-03-17,2020-03-24,2020-03-31,2020-04-07,True,True,True,True,USABLE_READY,All 4 data components verified and available in GCS lake
CASE_20200314_0547,547,2020-03-14,2024-03-14,Thursday,Saturday,TRAIN,2020-03-13,2020-03-07,2020-02-29,2020-03-20,2020-03-27,2020-04-03,2020-04-10,True,True,True,True,USABLE_READY,All 4 data components verified and available in GCS lake
CASE_20200318_0548,548,2020-03-18,2024-03-18,Monday,Wednesday,TRAIN,2020-03-17,2020-03-11,2020-03-04,2020-03-24,2020-03-31,2020-04-07,2020-04-14,True,True,True,True,USABLE_READY,All 4 data components verified and available in GCS lake
CASE_20200321_0549,549,2020-03-21,2024-03-21,Thursday,Saturday,TRAIN,2020-03-20,2020-03-14,2020-03-07,2020-03-27,2020-04-03,2020-04-10,2020-04-17,True,True,True,True,USABLE_READY,All 4 data components verified and available in GCS lake
CASE_20200325_0550,550,2020-03-25,2024-03-25,Monday,Wednesday,TRAIN,2020-03-24,2020-03-18,2020-03-11,2020-03-31,2020-04-07,2020-04-14,2020-04-21,True,True,True,True,USABLE_READY,All 4 data components verified and available in GCS lake
CASE_20200328_0551,551,2020-03-28,2024-03-28,Thursday,Saturday,TRAIN,2020-03-27,2020-03-21,2020-03-14,2020-04-03,2020-04-10,2020-04-17,2020-04-24,True,True,True,True,USABLE_READY,All 4 data components verified and available in GCS lake
CASE_20200401_0552,552,2020-04-01,2024-04-01,Monday,Wednesday,TRAIN,2020-03-31,2020-03-25,2020-03-18,2020-04-07,2020-04-14,2020-04-21,2020-04-28,True,True,True,True,USABLE_READY,All 4 data components verified and available in GCS lake
CASE_20200404_0553,553,2020-04-04,2024-04-04,Thursday,Saturday,TRAIN,2020-04-03,2020-03-28,2020-03-21,2020-04-10,2020-04-17,2020-04-24,2020-05-01,True,True,True,True,USABLE_READY,All 4 data components verified and available in GCS lake
CASE_20200408_0554,554,2020-04-08,2024-04-08,Monday,Wednesday,TRAIN,2020-04-07,2020-04-01,2020-03-25,2020-04-14,2020-04-21,2020-04-28,2020-05-05,True,True,True,True,USABLE_READY,All 4 data components verified and available in GCS lake
CASE_20200411_0555,555,2020-04-11,2024-04-11,Thursday,Saturday,TRAIN,2020-04-10,2020-04-04,2020-03-28,2020-04-17,2020-04-24,2020-05-01,2020-05-08,True,True,True,True,USABLE_READY,All 4 data components verified and available in GCS lake
CASE_20200415_0556,556,2020-04-15,2024-04-15,Monday,Wednesday,TRAIN,2020-04-14,2020-04-08,2020-04-01,2020-04-21,2020-04-28,2020-05-05,2020-05-12,True,True,True,True,USABLE_READY,All 4 data components verified and available in GCS lake
CASE_20200418_0557,557,2020-04-18,2024-04-18,Thursday,Saturday,TRAIN,2020-04-17,2020-04-11,2020-04-04,2020-04-24,2020-05-01,2020-05-08,2020-05-15,True,True,True,True,USABLE_READY,All 4 data components verified and available in GCS lake
CASE_20200422_0558,558,2020-04-22,2024-04-22,Monday,Wednesday,TRAIN,2020-04-21,2020-04-15,2020-04-08,2020-04-28,2020-05-05,2020-05-12,2020-05-19,True,True,True,True,USABLE_READY,All 4 data components verified and available in GCS lake
CASE_20200425_0559,559,2020-04-25,2024-04-25,Thursday,Saturday,TRAIN,2020-04-24,2020-04-18,2020-04-11,2020-05-01,2020-05-08,2020-05-15,2020-05-22,True,True,True,True,USABLE_READY,All 4 data components verified and available in GCS lake
CASE_20200429_0560,560,2020-04-29,2024-04-29,Monday,Wednesday,TRAIN,2020-04-28,2020-04-22,2020-04-15,2020-05-05,2020-05-12,2020-05-19,2020-05-26,True,True,True,True,USABLE_READY,All 4 data components verified and available in GCS lake
CASE_20200502_0561,561,2020-05-02,2024-05-02,Thursday,Saturday,TRAIN,2020-05-01,2020-04-25,2020-04-18,2020-05-08,2020-05-15,2020-05-22,2020-05-29,True,True,True,True,USABLE_READY,All 4 data components verified and available in GCS lake
CASE_20200506_0562,562,2020-05-06,2024-05-06,Monday,Wednesday,TRAIN,2020-05-05,2020-04-29,2020-04-22,2020-05-12,2020-05-19,2020-05-26,2020-06-02,True,True,True,True,USABLE_READY,All 4 data components verified and available in GCS lake
CASE_20200509_0563,563,2020-05-09,2024-05-09,Thursday,Saturday,TRAIN,2020-05-08,2020-05-02,2020-04-25,2020-05-15,2020-05-22,2020-05-29,2020-06-05,True,True,True,True,USABLE_READY,All 4 data components verified and available in GCS lake
CASE_20200513_0564,564,2020-05-13,2024-05-13,Monday,Wednesday,TRAIN,2020-05-12,2020-05-06,2020-04-29,2020-05-19,2020-05-26,2020-06-02,2020-06-09,True,True,True,True,USABLE_READY,All 4 data components verified and available in GCS lake
CASE_20200516_0565,565,2020-05-16,2024-05-16,Thursday,Saturday,TRAIN,2020-05-15,2020-05-09,2020-05-02,2020-05-22,2020-05-29,2020-06-05,2020-06-12,True,True,True,True,USABLE_READY,All 4 data components verified and available in GCS lake
CASE_20200520_0566,566,2020-05-20,2024-05-20,Monday,Wednesday,TRAIN,2020-05-19,2020-05-13,2020-05-06,2020-05-26,2020-06-02,2020-06-09,2020-06-16,True,True,True,True,USABLE_READY,All 4 data components verified and available in GCS lake
CASE_20200523_0567,567,2020-05-23,2024-05-23,Thursday,Saturday,TRAIN,2020-05-22,2020-05-16,2020-05-09,2020-05-29,2020-06-05,2020-06-12,2020-06-19,True,True,True,True,USABLE_READY,All 4 data components verified and available in GCS lake
CASE_20200527_0568,568,2020-05-27,2024-05-27,Monday,Wednesday,TRAIN,2020-05-26,2020-05-20,2020-05-13,2020-06-02,2020-06-09,2020-06-16,2020-06-23,True,True,True,True,USABLE_READY,All 4 data components verified and available in GCS lake
CASE_20200530_0569,569,2020-05-30,2024-05-30,Thursday,Saturday,TRAIN,2020-05-29,2020-05-23,2020-05-16,2020-06-05,2020-06-12,2020-06-19,2020-06-26,True,True,True,True,USABLE_READY,All 4 data components verified and available in GCS lake
CASE_20200603_0570,570,2020-06-03,2024-06-03,Monday,Wednesday,TRAIN,2020-06-02,2020-05-27,2020-05-20,2020-06-09,2020-06-16,2020-06-23,2020-06-30,True,True,True,False,QUEUED_S2S_DOWNLOAD,"Antecedent RZSM, future target RZSM, and ERA5 atm verified; S2S download in progress"
CASE_20200606_0571,571,2020-06-06,2024-06-06,Thursday,Saturday,TRAIN,2020-06-05,2020-05-30,2020-05-23,2020-06-12,2020-06-19,2020-06-26,2020-07-03,True,True,True,False,QUEUED_S2S_DOWNLOAD,"Antecedent RZSM, future target RZSM, and ERA5 atm verified; S2S download in progress"
CASE_20200610_0572,572,2020-06-10,2024-06-10,Monday,Wednesday,TRAIN,2020-06-09,2020-06-03,2020-05-27,2020-06-16,2020-06-23,2020-06-30,2020-07-07,True,True,True,False,QUEUED_S2S_DOWNLOAD,"Antecedent RZSM, future target RZSM, and ERA5 atm verified; S2S download in progress"
CASE_20200613_0573,573,2020-06-13,2024-06-13,Thursday,Saturday,TRAIN,2020-06-12,2020-06-06,2020-05-30,2020-06-19,2020-06-26,2020-07-03,2020-07-10,True,True,True,False,QUEUED_S2S_DOWNLOAD,"Antecedent RZSM, future target RZSM, and ERA5 atm verified; S2S download in progress"
CASE_20200617_0574,574,2020-06-17,2024-06-17,Monday,Wednesday,TRAIN,2020-06-16,2020-06-10,2020-06-03,2020-06-23,2020-06-30,2020-07-07,2020-07-14,True,True,True,False,QUEUED_S2S_DOWNLOAD,"Antecedent RZSM, future target RZSM, and ERA5 atm verified; S2S download in progress"
CASE_20200620_0575,575,2020-06-20,2024-06-20,Thursday,Saturday,TRAIN,2020-06-19,2020-06-13,2020-06-06,2020-06-26,2020-07-03,2020-07-10,2020-07-17,True,True,True,False,QUEUED_S2S_DOWNLOAD,"Antecedent RZSM, future target RZSM, and ERA5 atm verified; S2S download in progress"
CASE_20200624_0576,576,2020-06-24,2024-06-24,Monday,Wednesday,TRAIN,2020-06-23,2020-06-17,2020-06-10,2020-06-30,2020-07-07,2020-07-14,2020-07-21,True,True,True,False,QUEUED_S2S_DOWNLOAD,"Antecedent RZSM, future target RZSM, and ERA5 atm verified; S2S download in progress"
CASE_20200627_0577,577,2020-06-27,2024-06-27,Thursday,Saturday,TRAIN,2020-06-26,2020-06-20,2020-06-13,2020-07-03,2020-07-10,2020-07-17,2020-07-24,True,True,True,False,QUEUED_S2S_DOWNLOAD,"Antecedent RZSM, future target RZSM, and ERA5 atm verified; S2S download in progress"
CASE_20200701_0578,578,2020-07-01,2024-07-01,Monday,Wednesday,TRAIN,2020-06-30,2020-06-24,2020-06-17,2020-07-07,2020-07-14,2020-07-21,2020-07-28,True,True,True,False,QUEUED_S2S_DOWNLOAD,"Antecedent RZSM, future target RZSM, and ERA5 atm verified; S2S download in progress"
CASE_20200704_0579,579,2020-07-04,2024-07-04,Thursday,Saturday,TRAIN,2020-07-03,2020-06-27,2020-06-20,2020-07-10,2020-07-17,2020-07-24,2020-07-31,True,True,True,False,QUEUED_S2S_DOWNLOAD,"Antecedent RZSM, future target RZSM, and ERA5 atm verified; S2S download in progress"
CASE_20200708_0580,580,2020-07-08,2024-07-08,Monday,Wednesday,TRAIN,2020-07-07,2020-07-01,2020-06-24,2020-07-14,2020-07-21,2020-07-28,2020-08-04,True,True,True,False,QUEUED_S2S_DOWNLOAD,"Antecedent RZSM, future target RZSM, and ERA5 atm verified; S2S download in progress"
CASE_20200711_0581,581,2020-07-11,2024-07-11,Thursday,Saturday,TRAIN,2020-07-10,2020-07-04,2020-06-27,2020-07-17,2020-07-24,2020-07-31,2020-08-07,True,True,True,False,QUEUED_S2S_DOWNLOAD,"Antecedent RZSM, future target RZSM, and ERA5 atm verified; S2S download in progress"
CASE_20200715_0582,582,2020-07-15,2024-07-15,Monday,Wednesday,TRAIN,2020-07-14,2020-07-08,2020-07-01,2020-07-21,2020-07-28,2020-08-04,2020-08-11,True,True,True,False,QUEUED_S2S_DOWNLOAD,"Antecedent RZSM, future target RZSM, and ERA5 atm verified; S2S download in progress"
CASE_20200718_0583,583,2020-07-18,2024-07-18,Thursday,Saturday,TRAIN,2020-07-17,2020-07-11,2020-07-04,2020-07-24,2020-07-31,2020-08-07,2020-08-14,True,True,True,False,QUEUED_S2S_DOWNLOAD,"Antecedent RZSM, future target RZSM, and ERA5 atm verified; S2S download in progress"
CASE_20200722_0584,584,2020-07-22,2024-07-22,Monday,Wednesday,TRAIN,2020-07-21,2020-07-15,2020-07-08,2020-07-28,2020-08-04,2020-08-11,2020-08-18,True,True,True,False,QUEUED_S2S_DOWNLOAD,"Antecedent RZSM, future target RZSM, and ERA5 atm verified; S2S download in progress"
CASE_20200725_0585,585,2020-07-25,2024-07-25,Thursday,Saturday,TRAIN,2020-07-24,2020-07-18,2020-07-11,2020-07-31,2020-08-07,2020-08-14,2020-08-21,True,True,True,False,QUEUED_S2S_DOWNLOAD,"Antecedent RZSM, future target RZSM, and ERA5 atm verified; S2S download in progress"
CASE_20200729_0586,586,2020-07-29,2024-07-29,Monday,Wednesday,TRAIN,2020-07-28,2020-07-22,2020-07-15,2020-08-04,2020-08-11,2020-08-18,2020-08-25,True,True,True,False,QUEUED_S2S_DOWNLOAD,"Antecedent RZSM, future target RZSM, and ERA5 atm verified; S2S download in progress"
CASE_20200801_0587,587,2020-08-01,2024-08-01,Thursday,Saturday,TRAIN,2020-07-31,2020-07-25,2020-07-18,2020-08-07,2020-08-14,2020-08-21,2020-08-28,True,True,True,False,QUEUED_S2S_DOWNLOAD,"Antecedent RZSM, future target RZSM, and ERA5 atm verified; S2S download in progress"
CASE_20200805_0588,588,2020-08-05,2024-08-05,Monday,Wednesday,TRAIN,2020-08-04,2020-07-29,2020-07-22,2020-08-11,2020-08-18,2020-08-25,2020-09-01,True,True,True,False,QUEUED_S2S_DOWNLOAD,"Antecedent RZSM, future target RZSM, and ERA5 atm verified; S2S download in progress"
CASE_20200808_0589,589,2020-08-08,2024-08-08,Thursday,Saturday,TRAIN,2020-08-07,2020-08-01,2020-07-25,2020-08-14,2020-08-21,2020-08-28,2020-09-04,True,True,True,False,QUEUED_S2S_DOWNLOAD,"Antecedent RZSM, future target RZSM, and ERA5 atm verified; S2S download in progress"
CASE_20200812_0590,590,2020-08-12,2024-08-12,Monday,Wednesday,TRAIN,2020-08-11,2020-08-05,2020-07-29,2020-08-18,2020-08-25,2020-09-01,2020-09-08,True,True,True,False,QUEUED_S2S_DOWNLOAD,"Antecedent RZSM, future target RZSM, and ERA5 atm verified; S2S download in progress"
CASE_20200815_0591,591,2020-08-15,2024-08-15,Thursday,Saturday,TRAIN,2020-08-14,2020-08-08,2020-08-01,2020-08-21,2020-08-28,2020-09-04,2020-09-11,True,True,True,False,QUEUED_S2S_DOWNLOAD,"Antecedent RZSM, future target RZSM, and ERA5 atm verified; S2S download in progress"
CASE_20200819_0592,592,2020-08-19,2024-08-19,Monday,Wednesday,TRAIN,2020-08-18,2020-08-12,2020-08-05,2020-08-25,2020-09-01,2020-09-08,2020-09-15,True,True,True,False,QUEUED_S2S_DOWNLOAD,"Antecedent RZSM, future target RZSM, and ERA5 atm verified; S2S download in progress"
CASE_20200822_0593,593,2020-08-22,2024-08-22,Thursday,Saturday,TRAIN,2020-08-21,2020-08-15,2020-08-08,2020-08-28,2020-09-04,2020-09-11,2020-09-18,True,True,True,False,QUEUED_S2S_DOWNLOAD,"Antecedent RZSM, future target RZSM, and ERA5 atm verified; S2S download in progress"
CASE_20200826_0594,594,2020-08-26,2024-08-26,Monday,Wednesday,TRAIN,2020-08-25,2020-08-19,2020-08-12,2020-09-01,2020-09-08,2020-09-15,2020-09-22,True,True,True,False,QUEUED_S2S_DOWNLOAD,"Antecedent RZSM, future target RZSM, and ERA5 atm verified; S2S download in progress"
CASE_20200829_0595,595,2020-08-29,2024-08-29,Thursday,Saturday,TRAIN,2020-08-28,2020-08-22,2020-08-15,2020-09-04,2020-09-11,2020-09-18,2020-09-25,True,True,True,False,QUEUED_S2S_DOWNLOAD,"Antecedent RZSM, future target RZSM, and ERA5 atm verified; S2S download in progress"
CASE_20200902_0596,596,2020-09-02,2024-09-02,Monday,Wednesday,TRAIN,2020-09-01,2020-08-26,2020-08-19,2020-09-08,2020-09-15,2020-09-22,2020-09-29,True,True,True,False,QUEUED_S2S_DOWNLOAD,"Antecedent RZSM, future target RZSM, and ERA5 atm verified; S2S download in progress"
CASE_20200905_0597,597,2020-09-05,2024-09-05,Thursday,Saturday,TRAIN,2020-09-04,2020-08-29,2020-08-22,2020-09-11,2020-09-18,2020-09-25,2020-10-02,True,True,True,False,QUEUED_S2S_DOWNLOAD,"Antecedent RZSM, future target RZSM, and ERA5 atm verified; S2S download in progress"
CASE_20200909_0598,598,2020-09-09,2024-09-09,Monday,Wednesday,TRAIN,2020-09-08,2020-09-02,2020-08-26,2020-09-15,2020-09-22,2020-09-29,2020-10-06,True,True,True,False,QUEUED_S2S_DOWNLOAD,"Antecedent RZSM, future target RZSM, and ERA5 atm verified; S2S download in progress"
CASE_20200912_0599,599,2020-09-12,2024-09-12,Thursday,Saturday,TRAIN,2020-09-11,2020-09-05,2020-08-29,2020-09-18,2020-09-25,2020-10-02,2020-10-09,True,True,True,False,QUEUED_S2S_DOWNLOAD,"Antecedent RZSM, future target RZSM, and ERA5 atm verified; S2S download in progress"
CASE_20200916_0600,600,2020-09-16,2024-09-16,Monday,Wednesday,TRAIN,2020-09-15,2020-09-09,2020-09-02,2020-09-22,2020-09-29,2020-10-06,2020-10-13,True,True,True,False,QUEUED_S2S_DOWNLOAD,"Antecedent RZSM, future target RZSM, and ERA5 atm verified; S2S download in progress"
CASE_20200919_0601,601,2020-09-19,2024-09-19,Thursday,Saturday,TRAIN,2020-09-18,2020-09-12,2020-09-05,2020-09-25,2020-10-02,2020-10-09,2020-10-16,True,True,True,False,QUEUED_S2S_DOWNLOAD,"Antecedent RZSM, future target RZSM, and ERA5 atm verified; S2S download in progress"
CASE_20200923_0602,602,2020-09-23,2024-09-23,Monday,Wednesday,TRAIN,2020-09-22,2020-09-16,2020-09-09,2020-09-29,2020-10-06,2020-10-13,2020-10-20,True,True,True,False,QUEUED_S2S_DOWNLOAD,"Antecedent RZSM, future target RZSM, and ERA5 atm verified; S2S download in progress"
CASE_20200926_0603,603,2020-09-26,2024-09-26,Thursday,Saturday,TRAIN,2020-09-25,2020-09-19,2020-09-12,2020-10-02,2020-10-09,2020-10-16,2020-10-23,True,True,True,False,QUEUED_S2S_DOWNLOAD,"Antecedent RZSM, future target RZSM, and ERA5 atm verified; S2S download in progress"
CASE_20200930_0604,604,2020-09-30,2024-09-30,Monday,Wednesday,TRAIN,2020-09-29,2020-09-23,2020-09-16,2020-10-06,2020-10-13,2020-10-20,2020-10-27,True,True,True,False,QUEUED_S2S_DOWNLOAD,"Antecedent RZSM, future target RZSM, and ERA5 atm verified; S2S download in progress"
CASE_20201003_0605,605,2020-10-03,2024-10-03,Thursday,Saturday,TRAIN,2020-10-02,2020-09-26,2020-09-19,2020-10-09,2020-10-16,2020-10-23,2020-10-30,True,True,True,False,QUEUED_S2S_DOWNLOAD,"Antecedent RZSM, future target RZSM, and ERA5 atm verified; S2S download in progress"
CASE_20201007_0606,606,2020-10-07,2024-10-07,Monday,Wednesday,TRAIN,2020-10-06,2020-09-30,2020-09-23,2020-10-13,2020-10-20,2020-10-27,2020-11-03,True,True,True,False,QUEUED_S2S_DOWNLOAD,"Antecedent RZSM, future target RZSM, and ERA5 atm verified; S2S download in progress"
CASE_20201010_0607,607,2020-10-10,2024-10-10,Thursday,Saturday,TRAIN,2020-10-09,2020-10-03,2020-09-26,2020-10-16,2020-10-23,2020-10-30,2020-11-06,True,True,True,False,QUEUED_S2S_DOWNLOAD,"Antecedent RZSM, future target RZSM, and ERA5 atm verified; S2S download in progress"
CASE_20201014_0608,608,2020-10-14,2024-10-14,Monday,Wednesday,TRAIN,2020-10-13,2020-10-07,2020-09-30,2020-10-20,2020-10-27,2020-11-03,2020-11-10,True,True,True,False,QUEUED_S2S_DOWNLOAD,"Antecedent RZSM, future target RZSM, and ERA5 atm verified; S2S download in progress"
CASE_20201017_0609,609,2020-10-17,2024-10-17,Thursday,Saturday,TRAIN,2020-10-16,2020-10-10,2020-10-03,2020-10-23,2020-10-30,2020-11-06,2020-11-13,True,True,True,False,QUEUED_S2S_DOWNLOAD,"Antecedent RZSM, future target RZSM, and ERA5 atm verified; S2S download in progress"
CASE_20201021_0610,610,2020-10-21,2024-10-21,Monday,Wednesday,TRAIN,2020-10-20,2020-10-14,2020-10-07,2020-10-27,2020-11-03,2020-11-10,2020-11-17,True,True,True,False,QUEUED_S2S_DOWNLOAD,"Antecedent RZSM, future target RZSM, and ERA5 atm verified; S2S download in progress"
CASE_20201024_0611,611,2020-10-24,2024-10-24,Thursday,Saturday,TRAIN,2020-10-23,2020-10-17,2020-10-10,2020-10-30,2020-11-06,2020-11-13,2020-11-20,True,True,True,False,QUEUED_S2S_DOWNLOAD,"Antecedent RZSM, future target RZSM, and ERA5 atm verified; S2S download in progress"
CASE_20201028_0612,612,2020-10-28,2024-10-28,Monday,Wednesday,TRAIN,2020-10-27,2020-10-21,2020-10-14,2020-11-03,2020-11-10,2020-11-17,2020-11-24,True,True,True,False,QUEUED_S2S_DOWNLOAD,"Antecedent RZSM, future target RZSM, and ERA5 atm verified; S2S download in progress"
CASE_20201031_0613,613,2020-10-31,2024-10-31,Thursday,Saturday,TRAIN,2020-10-30,2020-10-24,2020-10-17,2020-11-06,2020-11-13,2020-11-20,2020-11-27,True,True,True,False,QUEUED_S2S_DOWNLOAD,"Antecedent RZSM, future target RZSM, and ERA5 atm verified; S2S download in progress"
CASE_20201104_0614,614,2020-11-04,2024-11-04,Monday,Wednesday,TRAIN,2020-11-03,2020-10-28,2020-10-21,2020-11-10,2020-11-17,2020-11-24,2020-12-01,True,True,True,False,QUEUED_S2S_DOWNLOAD,"Antecedent RZSM, future target RZSM, and ERA5 atm verified; S2S download in progress"
CASE_20201107_0615,615,2020-11-07,2024-11-07,Thursday,Saturday,TRAIN,2020-11-06,2020-10-31,2020-10-24,2020-11-13,2020-11-20,2020-11-27,2020-12-04,True,True,True,False,QUEUED_S2S_DOWNLOAD,"Antecedent RZSM, future target RZSM, and ERA5 atm verified; S2S download in progress"
CASE_20201111_0616,616,2020-11-11,2024-11-11,Monday,Wednesday,TRAIN,2020-11-10,2020-11-04,2020-10-28,2020-11-17,2020-11-24,2020-12-01,2020-12-08,True,True,True,False,QUEUED_S2S_DOWNLOAD,"Antecedent RZSM, future target RZSM, and ERA5 atm verified; S2S download in progress"
CASE_20201114_0617,617,2020-11-14,2024-11-14,Thursday,Saturday,TRAIN,2020-11-13,2020-11-07,2020-10-31,2020-11-20,2020-11-27,2020-12-04,2020-12-11,True,True,True,False,QUEUED_S2S_DOWNLOAD,"Antecedent RZSM, future target RZSM, and ERA5 atm verified; S2S download in progress"
CASE_20201118_0618,618,2020-11-18,2024-11-18,Monday,Wednesday,TRAIN,2020-11-17,2020-11-11,2020-11-04,2020-11-24,2020-12-01,2020-12-08,2020-12-15,True,True,True,False,QUEUED_S2S_DOWNLOAD,"Antecedent RZSM, future target RZSM, and ERA5 atm verified; S2S download in progress"
CASE_20201121_0619,619,2020-11-21,2024-11-21,Thursday,Saturday,TRAIN,2020-11-20,2020-11-14,2020-11-07,2020-11-27,2020-12-04,2020-12-11,2020-12-18,True,True,True,False,QUEUED_S2S_DOWNLOAD,"Antecedent RZSM, future target RZSM, and ERA5 atm verified; S2S download in progress"
CASE_20201125_0620,620,2020-11-25,2024-11-25,Monday,Wednesday,TRAIN,2020-11-24,2020-11-18,2020-11-11,2020-12-01,2020-12-08,2020-12-15,2020-12-22,True,True,True,False,QUEUED_S2S_DOWNLOAD,"Antecedent RZSM, future target RZSM, and ERA5 atm verified; S2S download in progress"
CASE_20201128_0621,621,2020-11-28,2024-11-28,Thursday,Saturday,TRAIN,2020-11-27,2020-11-21,2020-11-14,2020-12-04,2020-12-11,2020-12-18,2020-12-25,True,True,True,False,QUEUED_S2S_DOWNLOAD,"Antecedent RZSM, future target RZSM, and ERA5 atm verified; S2S download in progress"
CASE_20201202_0622,622,2020-12-02,2024-12-02,Monday,Wednesday,TRAIN,2020-12-01,2020-11-25,2020-11-18,2020-12-08,2020-12-15,2020-12-22,2020-12-29,True,True,True,False,QUEUED_S2S_DOWNLOAD,"Antecedent RZSM, future target RZSM, and ERA5 atm verified; S2S download in progress"
CASE_20201205_0623,623,2020-12-05,2024-12-05,Thursday,Saturday,TRAIN,2020-12-04,2020-11-28,2020-11-21,2020-12-11,2020-12-18,2020-12-25,2021-01-01,True,True,True,False,QUEUED_S2S_DOWNLOAD,"Antecedent RZSM, future target RZSM, and ERA5 atm verified; S2S download in progress"
CASE_20201209_0624,624,2020-12-09,2024-12-09,Monday,Wednesday,TRAIN,2020-12-08,2020-12-02,2020-11-25,2020-12-15,2020-12-22,2020-12-29,2021-01-05,True,True,True,False,QUEUED_S2S_DOWNLOAD,"Antecedent RZSM, future target RZSM, and ERA5 atm verified; S2S download in progress"
CASE_20201212_0625,625,2020-12-12,2024-12-12,Thursday,Saturday,TRAIN,2020-12-11,2020-12-05,2020-11-28,2020-12-18,2020-12-25,2021-01-01,2021-01-08,True,True,True,False,QUEUED_S2S_DOWNLOAD,"Antecedent RZSM, future target RZSM, and ERA5 atm verified; S2S download in progress"
CASE_20201216_0626,626,2020-12-16,2024-12-16,Monday,Wednesday,TRAIN,2020-12-15,2020-12-09,2020-12-02,2020-12-22,2020-12-29,2021-01-05,2021-01-12,True,True,True,False,QUEUED_S2S_DOWNLOAD,"Antecedent RZSM, future target RZSM, and ERA5 atm verified; S2S download in progress"
CASE_20201219_0627,627,2020-12-19,2024-12-19,Thursday,Saturday,TRAIN,2020-12-18,2020-12-12,2020-12-05,2020-12-25,2021-01-01,2021-01-08,2021-01-15,True,True,True,False,QUEUED_S2S_DOWNLOAD,"Antecedent RZSM, future target RZSM, and ERA5 atm verified; S2S download in progress"
CASE_20201223_0628,628,2020-12-23,2024-12-23,Monday,Wednesday,TRAIN,2020-12-22,2020-12-16,2020-12-09,2020-12-29,2021-01-05,2021-01-12,2021-01-19,True,True,True,False,QUEUED_S2S_DOWNLOAD,"Antecedent RZSM, future target RZSM, and ERA5 atm verified; S2S download in progress"
CASE_20201226_0629,629,2020-12-26,2024-12-26,Thursday,Saturday,TRAIN,2020-12-25,2020-12-19,2020-12-12,2021-01-01,2021-01-08,2021-01-15,2021-01-22,True,True,True,False,QUEUED_S2S_DOWNLOAD,"Antecedent RZSM, future target RZSM, and ERA5 atm verified; S2S download in progress"
CASE_20201230_0630,630,2020-12-30,2024-12-30,Monday,Wednesday,TRAIN,2020-12-29,2020-12-23,2020-12-16,2021-01-05,2021-01-12,2021-01-19,2021-01-26,True,True,True,False,QUEUED_S2S_DOWNLOAD,"Antecedent RZSM, future target RZSM, and ERA5 atm verified; S2S download in progress"
CASE_20210101_0631,631,2021-01-01,2024-01-01,Monday,Friday,TRAIN,2020-12-31,2020-12-25,2020-12-18,2021-01-07,2021-01-14,2021-01-21,2021-01-28,True,True,True,False,QUEUED_S2S_DOWNLOAD,"Antecedent RZSM, future target RZSM, and ERA5 atm verified; S2S download in progress"
CASE_20210104_0632,632,2021-01-04,2024-01-04,Thursday,Monday,TRAIN,2021-01-03,2020-12-28,2020-12-21,2021-01-10,2021-01-17,2021-01-24,2021-01-31,True,True,True,False,QUEUED_S2S_DOWNLOAD,"Antecedent RZSM, future target RZSM, and ERA5 atm verified; S2S download in progress"
CASE_20210108_0633,633,2021-01-08,2024-01-08,Monday,Friday,TRAIN,2021-01-07,2021-01-01,2020-12-25,2021-01-14,2021-01-21,2021-01-28,2021-02-04,True,True,True,False,QUEUED_S2S_DOWNLOAD,"Antecedent RZSM, future target RZSM, and ERA5 atm verified; S2S download in progress"
CASE_20210111_0634,634,2021-01-11,2024-01-11,Thursday,Monday,TRAIN,2021-01-10,2021-01-04,2020-12-28,2021-01-17,2021-01-24,2021-01-31,2021-02-07,True,True,True,False,QUEUED_S2S_DOWNLOAD,"Antecedent RZSM, future target RZSM, and ERA5 atm verified; S2S download in progress"
CASE_20210115_0635,635,2021-01-15,2024-01-15,Monday,Friday,TRAIN,2021-01-14,2021-01-08,2021-01-01,2021-01-21,2021-01-28,2021-02-04,2021-02-11,True,True,True,False,QUEUED_S2S_DOWNLOAD,"Antecedent RZSM, future target RZSM, and ERA5 atm verified; S2S download in progress"
CASE_20210118_0636,636,2021-01-18,2024-01-18,Thursday,Monday,TRAIN,2021-01-17,2021-01-11,2021-01-04,2021-01-24,2021-01-31,2021-02-07,2021-02-14,True,True,True,False,QUEUED_S2S_DOWNLOAD,"Antecedent RZSM, future target RZSM, and ERA5 atm verified; S2S download in progress"
CASE_20210122_0637,637,2021-01-22,2024-01-22,Monday,Friday,TRAIN,2021-01-21,2021-01-15,2021-01-08,2021-01-28,2021-02-04,2021-02-11,2021-02-18,True,True,True,False,QUEUED_S2S_DOWNLOAD,"Antecedent RZSM, future target RZSM, and ERA5 atm verified; S2S download in progress"
CASE_20210125_0638,638,2021-01-25,2024-01-25,Thursday,Monday,TRAIN,2021-01-24,2021-01-18,2021-01-11,2021-01-31,2021-02-07,2021-02-14,2021-02-21,True,True,True,False,QUEUED_S2S_DOWNLOAD,"Antecedent RZSM, future target RZSM, and ERA5 atm verified; S2S download in progress"
CASE_20210129_0639,639,2021-01-29,2024-01-29,Monday,Friday,TRAIN,2021-01-28,2021-01-22,2021-01-15,2021-02-04,2021-02-11,2021-02-18,2021-02-25,True,True,True,False,QUEUED_S2S_DOWNLOAD,"Antecedent RZSM, future target RZSM, and ERA5 atm verified; S2S download in progress"
CASE_20210201_0640,640,2021-02-01,2024-02-01,Thursday,Monday,TRAIN,2021-01-31,2021-01-25,2021-01-18,2021-02-07,2021-02-14,2021-02-21,2021-02-28,True,True,True,False,QUEUED_S2S_DOWNLOAD,"Antecedent RZSM, future target RZSM, and ERA5 atm verified; S2S download in progress"
CASE_20210205_0641,641,2021-02-05,2024-02-05,Monday,Friday,TRAIN,2021-02-04,2021-01-29,2021-01-22,2021-02-11,2021-02-18,2021-02-25,2021-03-04,True,True,True,False,QUEUED_S2S_DOWNLOAD,"Antecedent RZSM, future target RZSM, and ERA5 atm verified; S2S download in progress"
CASE_20210208_0642,642,2021-02-08,2024-02-08,Thursday,Monday,TRAIN,2021-02-07,2021-02-01,2021-01-25,2021-02-14,2021-02-21,2021-02-28,2021-03-07,True,True,True,False,QUEUED_S2S_DOWNLOAD,"Antecedent RZSM, future target RZSM, and ERA5 atm verified; S2S download in progress"
CASE_20210212_0643,643,2021-02-12,2024-02-12,Monday,Friday,TRAIN,2021-02-11,2021-02-05,2021-01-29,2021-02-18,2021-02-25,2021-03-04,2021-03-11,True,True,True,False,QUEUED_S2S_DOWNLOAD,"Antecedent RZSM, future target RZSM, and ERA5 atm verified; S2S download in progress"
CASE_20210215_0644,644,2021-02-15,2024-02-15,Thursday,Monday,TRAIN,2021-02-14,2021-02-08,2021-02-01,2021-02-21,2021-02-28,2021-03-07,2021-03-14,True,True,True,False,QUEUED_S2S_DOWNLOAD,"Antecedent RZSM, future target RZSM, and ERA5 atm verified; S2S download in progress"
CASE_20210219_0645,645,2021-02-19,2024-02-19,Monday,Friday,TRAIN,2021-02-18,2021-02-12,2021-02-05,2021-02-25,2021-03-04,2021-03-11,2021-03-18,True,True,True,False,QUEUED_S2S_DOWNLOAD,"Antecedent RZSM, future target RZSM, and ERA5 atm verified; S2S download in progress"
CASE_20210222_0646,646,2021-02-22,2024-02-22,Thursday,Monday,TRAIN,2021-02-21,2021-02-15,2021-02-08,2021-02-28,2021-03-07,2021-03-14,2021-03-21,True,True,True,False,QUEUED_S2S_DOWNLOAD,"Antecedent RZSM, future target RZSM, and ERA5 atm verified; S2S download in progress"
CASE_20210226_0647,647,2021-02-26,2024-02-26,Monday,Friday,TRAIN,2021-02-25,2021-02-19,2021-02-12,2021-03-04,2021-03-11,2021-03-18,2021-03-25,True,True,True,False,QUEUED_S2S_DOWNLOAD,"Antecedent RZSM, future target RZSM, and ERA5 atm verified; S2S download in progress"
CASE_20210228_0648,648,2021-02-28,2024-02-29,Thursday,Sunday,TRAIN,2021-02-27,2021-02-21,2021-02-14,2021-03-06,2021-03-13,2021-03-20,2021-03-27,True,True,True,False,QUEUED_S2S_DOWNLOAD,"Antecedent RZSM, future target RZSM, and ERA5 atm verified; S2S download in progress"
CASE_20210304_0649,649,2021-03-04,2024-03-04,Monday,Thursday,TRAIN,2021-03-03,2021-02-25,2021-02-18,2021-03-10,2021-03-17,2021-03-24,2021-03-31,True,True,True,False,QUEUED_S2S_DOWNLOAD,"Antecedent RZSM, future target RZSM, and ERA5 atm verified; S2S download in progress"
CASE_20210307_0650,650,2021-03-07,2024-03-07,Thursday,Sunday,TRAIN,2021-03-06,2021-02-28,2021-02-21,2021-03-13,2021-03-20,2021-03-27,2021-04-03,True,True,True,False,QUEUED_S2S_DOWNLOAD,"Antecedent RZSM, future target RZSM, and ERA5 atm verified; S2S download in progress"
CASE_20210311_0651,651,2021-03-11,2024-03-11,Monday,Thursday,TRAIN,2021-03-10,2021-03-04,2021-02-25,2021-03-17,2021-03-24,2021-03-31,2021-04-07,True,True,True,False,QUEUED_S2S_DOWNLOAD,"Antecedent RZSM, future target RZSM, and ERA5 atm verified; S2S download in progress"
CASE_20210314_0652,652,2021-03-14,2024-03-14,Thursday,Sunday,TRAIN,2021-03-13,2021-03-07,2021-02-28,2021-03-20,2021-03-27,2021-04-03,2021-04-10,True,True,True,False,QUEUED_S2S_DOWNLOAD,"Antecedent RZSM, future target RZSM, and ERA5 atm verified; S2S download in progress"
CASE_20210318_0653,653,2021-03-18,2024-03-18,Monday,Thursday,TRAIN,2021-03-17,2021-03-11,2021-03-04,2021-03-24,2021-03-31,2021-04-07,2021-04-14,True,True,True,False,QUEUED_S2S_DOWNLOAD,"Antecedent RZSM, future target RZSM, and ERA5 atm verified; S2S download in progress"
CASE_20210321_0654,654,2021-03-21,2024-03-21,Thursday,Sunday,TRAIN,2021-03-20,2021-03-14,2021-03-07,2021-03-27,2021-04-03,2021-04-10,2021-04-17,True,True,True,False,QUEUED_S2S_DOWNLOAD,"Antecedent RZSM, future target RZSM, and ERA5 atm verified; S2S download in progress"
CASE_20210325_0655,655,2021-03-25,2024-03-25,Monday,Thursday,TRAIN,2021-03-24,2021-03-18,2021-03-11,2021-03-31,2021-04-07,2021-04-14,2021-04-21,True,True,True,False,QUEUED_S2S_DOWNLOAD,"Antecedent RZSM, future target RZSM, and ERA5 atm verified; S2S download in progress"
CASE_20210328_0656,656,2021-03-28,2024-03-28,Thursday,Sunday,TRAIN,2021-03-27,2021-03-21,2021-03-14,2021-04-03,2021-04-10,2021-04-17,2021-04-24,True,True,True,False,QUEUED_S2S_DOWNLOAD,"Antecedent RZSM, future target RZSM, and ERA5 atm verified; S2S download in progress"
CASE_20210401_0657,657,2021-04-01,2024-04-01,Monday,Thursday,TRAIN,2021-03-31,2021-03-25,2021-03-18,2021-04-07,2021-04-14,2021-04-21,2021-04-28,True,True,True,False,QUEUED_S2S_DOWNLOAD,"Antecedent RZSM, future target RZSM, and ERA5 atm verified; S2S download in progress"
CASE_20210404_0658,658,2021-04-04,2024-04-04,Thursday,Sunday,TRAIN,2021-04-03,2021-03-28,2021-03-21,2021-04-10,2021-04-17,2021-04-24,2021-05-01,True,True,True,False,QUEUED_S2S_DOWNLOAD,"Antecedent RZSM, future target RZSM, and ERA5 atm verified; S2S download in progress"
CASE_20210408_0659,659,2021-04-08,2024-04-08,Monday,Thursday,TRAIN,2021-04-07,2021-04-01,2021-03-25,2021-04-14,2021-04-21,2021-04-28,2021-05-05,True,True,True,False,QUEUED_S2S_DOWNLOAD,"Antecedent RZSM, future target RZSM, and ERA5 atm verified; S2S download in progress"
CASE_20210411_0660,660,2021-04-11,2024-04-11,Thursday,Sunday,TRAIN,2021-04-10,2021-04-04,2021-03-28,2021-04-17,2021-04-24,2021-05-01,2021-05-08,True,True,True,False,QUEUED_S2S_DOWNLOAD,"Antecedent RZSM, future target RZSM, and ERA5 atm verified; S2S download in progress"
CASE_20210415_0661,661,2021-04-15,2024-04-15,Monday,Thursday,TRAIN,2021-04-14,2021-04-08,2021-04-01,2021-04-21,2021-04-28,2021-05-05,2021-05-12,True,True,True,False,QUEUED_S2S_DOWNLOAD,"Antecedent RZSM, future target RZSM, and ERA5 atm verified; S2S download in progress"
CASE_20210418_0662,662,2021-04-18,2024-04-18,Thursday,Sunday,TRAIN,2021-04-17,2021-04-11,2021-04-04,2021-04-24,2021-05-01,2021-05-08,2021-05-15,True,True,True,False,QUEUED_S2S_DOWNLOAD,"Antecedent RZSM, future target RZSM, and ERA5 atm verified; S2S download in progress"
CASE_20210422_0663,663,2021-04-22,2024-04-22,Monday,Thursday,TRAIN,2021-04-21,2021-04-15,2021-04-08,2021-04-28,2021-05-05,2021-05-12,2021-05-19,True,True,True,False,QUEUED_S2S_DOWNLOAD,"Antecedent RZSM, future target RZSM, and ERA5 atm verified; S2S download in progress"
CASE_20210425_0664,664,2021-04-25,2024-04-25,Thursday,Sunday,TRAIN,2021-04-24,2021-04-18,2021-04-11,2021-05-01,2021-05-08,2021-05-15,2021-05-22,True,True,True,False,QUEUED_S2S_DOWNLOAD,"Antecedent RZSM, future target RZSM, and ERA5 atm verified; S2S download in progress"
CASE_20210429_0665,665,2021-04-29,2024-04-29,Monday,Thursday,TRAIN,2021-04-28,2021-04-22,2021-04-15,2021-05-05,2021-05-12,2021-05-19,2021-05-26,True,True,True,False,QUEUED_S2S_DOWNLOAD,"Antecedent RZSM, future target RZSM, and ERA5 atm verified; S2S download in progress"
CASE_20210502_0666,666,2021-05-02,2024-05-02,Thursday,Sunday,TRAIN,2021-05-01,2021-04-25,2021-04-18,2021-05-08,2021-05-15,2021-05-22,2021-05-29,True,True,True,False,QUEUED_S2S_DOWNLOAD,"Antecedent RZSM, future target RZSM, and ERA5 atm verified; S2S download in progress"
CASE_20210506_0667,667,2021-05-06,2024-05-06,Monday,Thursday,TRAIN,2021-05-05,2021-04-29,2021-04-22,2021-05-12,2021-05-19,2021-05-26,2021-06-02,True,True,True,False,QUEUED_S2S_DOWNLOAD,"Antecedent RZSM, future target RZSM, and ERA5 atm verified; S2S download in progress"
CASE_20210509_0668,668,2021-05-09,2024-05-09,Thursday,Sunday,TRAIN,2021-05-08,2021-05-02,2021-04-25,2021-05-15,2021-05-22,2021-05-29,2021-06-05,True,True,True,False,QUEUED_S2S_DOWNLOAD,"Antecedent RZSM, future target RZSM, and ERA5 atm verified; S2S download in progress"
CASE_20210513_0669,669,2021-05-13,2024-05-13,Monday,Thursday,TRAIN,2021-05-12,2021-05-06,2021-04-29,2021-05-19,2021-05-26,2021-06-02,2021-06-09,True,True,True,False,QUEUED_S2S_DOWNLOAD,"Antecedent RZSM, future target RZSM, and ERA5 atm verified; S2S download in progress"
CASE_20210516_0670,670,2021-05-16,2024-05-16,Thursday,Sunday,TRAIN,2021-05-15,2021-05-09,2021-05-02,2021-05-22,2021-05-29,2021-06-05,2021-06-12,True,True,True,False,QUEUED_S2S_DOWNLOAD,"Antecedent RZSM, future target RZSM, and ERA5 atm verified; S2S download in progress"
CASE_20210520_0671,671,2021-05-20,2024-05-20,Monday,Thursday,TRAIN,2021-05-19,2021-05-13,2021-05-06,2021-05-26,2021-06-02,2021-06-09,2021-06-16,True,True,True,False,QUEUED_S2S_DOWNLOAD,"Antecedent RZSM, future target RZSM, and ERA5 atm verified; S2S download in progress"
CASE_20210523_0672,672,2021-05-23,2024-05-23,Thursday,Sunday,TRAIN,2021-05-22,2021-05-16,2021-05-09,2021-05-29,2021-06-05,2021-06-12,2021-06-19,True,True,True,False,QUEUED_S2S_DOWNLOAD,"Antecedent RZSM, future target RZSM, and ERA5 atm verified; S2S download in progress"
CASE_20210527_0673,673,2021-05-27,2024-05-27,Monday,Thursday,TRAIN,2021-05-26,2021-05-20,2021-05-13,2021-06-02,2021-06-09,2021-06-16,2021-06-23,True,True,True,False,QUEUED_S2S_DOWNLOAD,"Antecedent RZSM, future target RZSM, and ERA5 atm verified; S2S download in progress"
CASE_20210530_0674,674,2021-05-30,2024-05-30,Thursday,Sunday,TRAIN,2021-05-29,2021-05-23,2021-05-16,2021-06-05,2021-06-12,2021-06-19,2021-06-26,True,True,True,False,QUEUED_S2S_DOWNLOAD,"Antecedent RZSM, future target RZSM, and ERA5 atm verified; S2S download in progress"
CASE_20210603_0675,675,2021-06-03,2024-06-03,Monday,Thursday,TRAIN,2021-06-02,2021-05-27,2021-05-20,2021-06-09,2021-06-16,2021-06-23,2021-06-30,True,True,True,False,QUEUED_S2S_DOWNLOAD,"Antecedent RZSM, future target RZSM, and ERA5 atm verified; S2S download in progress"
CASE_20210606_0676,676,2021-06-06,2024-06-06,Thursday,Sunday,TRAIN,2021-06-05,2021-05-30,2021-05-23,2021-06-12,2021-06-19,2021-06-26,2021-07-03,True,True,True,False,QUEUED_S2S_DOWNLOAD,"Antecedent RZSM, future target RZSM, and ERA5 atm verified; S2S download in progress"
CASE_20210610_0677,677,2021-06-10,2024-06-10,Monday,Thursday,TRAIN,2021-06-09,2021-06-03,2021-05-27,2021-06-16,2021-06-23,2021-06-30,2021-07-07,True,True,True,False,QUEUED_S2S_DOWNLOAD,"Antecedent RZSM, future target RZSM, and ERA5 atm verified; S2S download in progress"
CASE_20210613_0678,678,2021-06-13,2024-06-13,Thursday,Sunday,TRAIN,2021-06-12,2021-06-06,2021-05-30,2021-06-19,2021-06-26,2021-07-03,2021-07-10,True,True,True,False,QUEUED_S2S_DOWNLOAD,"Antecedent RZSM, future target RZSM, and ERA5 atm verified; S2S download in progress"
CASE_20210617_0679,679,2021-06-17,2024-06-17,Monday,Thursday,TRAIN,2021-06-16,2021-06-10,2021-06-03,2021-06-23,2021-06-30,2021-07-07,2021-07-14,True,True,True,False,QUEUED_S2S_DOWNLOAD,"Antecedent RZSM, future target RZSM, and ERA5 atm verified; S2S download in progress"
CASE_20210620_0680,680,2021-06-20,2024-06-20,Thursday,Sunday,TRAIN,2021-06-19,2021-06-13,2021-06-06,2021-06-26,2021-07-03,2021-07-10,2021-07-17,True,True,True,False,QUEUED_S2S_DOWNLOAD,"Antecedent RZSM, future target RZSM, and ERA5 atm verified; S2S download in progress"
CASE_20210624_0681,681,2021-06-24,2024-06-24,Monday,Thursday,TRAIN,2021-06-23,2021-06-17,2021-06-10,2021-06-30,2021-07-07,2021-07-14,2021-07-21,True,True,True,False,QUEUED_S2S_DOWNLOAD,"Antecedent RZSM, future target RZSM, and ERA5 atm verified; S2S download in progress"
CASE_20210627_0682,682,2021-06-27,2024-06-27,Thursday,Sunday,TRAIN,2021-06-26,2021-06-20,2021-06-13,2021-07-03,2021-07-10,2021-07-17,2021-07-24,True,True,True,False,QUEUED_S2S_DOWNLOAD,"Antecedent RZSM, future target RZSM, and ERA5 atm verified; S2S download in progress"
CASE_20210701_0683,683,2021-07-01,2024-07-01,Monday,Thursday,TRAIN,2021-06-30,2021-06-24,2021-06-17,2021-07-07,2021-07-14,2021-07-21,2021-07-28,True,True,True,False,QUEUED_S2S_DOWNLOAD,"Antecedent RZSM, future target RZSM, and ERA5 atm verified; S2S download in progress"
CASE_20210704_0684,684,2021-07-04,2024-07-04,Thursday,Sunday,TRAIN,2021-07-03,2021-06-27,2021-06-20,2021-07-10,2021-07-17,2021-07-24,2021-07-31,True,True,True,False,QUEUED_S2S_DOWNLOAD,"Antecedent RZSM, future target RZSM, and ERA5 atm verified; S2S download in progress"
CASE_20210708_0685,685,2021-07-08,2024-07-08,Monday,Thursday,TRAIN,2021-07-07,2021-07-01,2021-06-24,2021-07-14,2021-07-21,2021-07-28,2021-08-04,True,True,True,False,QUEUED_S2S_DOWNLOAD,"Antecedent RZSM, future target RZSM, and ERA5 atm verified; S2S download in progress"
CASE_20210711_0686,686,2021-07-11,2024-07-11,Thursday,Sunday,TRAIN,2021-07-10,2021-07-04,2021-06-27,2021-07-17,2021-07-24,2021-07-31,2021-08-07,True,True,True,False,QUEUED_S2S_DOWNLOAD,"Antecedent RZSM, future target RZSM, and ERA5 atm verified; S2S download in progress"
CASE_20210715_0687,687,2021-07-15,2024-07-15,Monday,Thursday,TRAIN,2021-07-14,2021-07-08,2021-07-01,2021-07-21,2021-07-28,2021-08-04,2021-08-11,True,True,True,False,QUEUED_S2S_DOWNLOAD,"Antecedent RZSM, future target RZSM, and ERA5 atm verified; S2S download in progress"
CASE_20210718_0688,688,2021-07-18,2024-07-18,Thursday,Sunday,TRAIN,2021-07-17,2021-07-11,2021-07-04,2021-07-24,2021-07-31,2021-08-07,2021-08-14,True,True,True,False,QUEUED_S2S_DOWNLOAD,"Antecedent RZSM, future target RZSM, and ERA5 atm verified; S2S download in progress"
CASE_20210722_0689,689,2021-07-22,2024-07-22,Monday,Thursday,TRAIN,2021-07-21,2021-07-15,2021-07-08,2021-07-28,2021-08-04,2021-08-11,2021-08-18,True,True,True,False,QUEUED_S2S_DOWNLOAD,"Antecedent RZSM, future target RZSM, and ERA5 atm verified; S2S download in progress"
CASE_20210725_0690,690,2021-07-25,2024-07-25,Thursday,Sunday,TRAIN,2021-07-24,2021-07-18,2021-07-11,2021-07-31,2021-08-07,2021-08-14,2021-08-21,True,True,True,False,QUEUED_S2S_DOWNLOAD,"Antecedent RZSM, future target RZSM, and ERA5 atm verified; S2S download in progress"
CASE_20210729_0691,691,2021-07-29,2024-07-29,Monday,Thursday,TRAIN,2021-07-28,2021-07-22,2021-07-15,2021-08-04,2021-08-11,2021-08-18,2021-08-25,True,True,True,False,QUEUED_S2S_DOWNLOAD,"Antecedent RZSM, future target RZSM, and ERA5 atm verified; S2S download in progress"
CASE_20210801_0692,692,2021-08-01,2024-08-01,Thursday,Sunday,TRAIN,2021-07-31,2021-07-25,2021-07-18,2021-08-07,2021-08-14,2021-08-21,2021-08-28,True,True,True,False,QUEUED_S2S_DOWNLOAD,"Antecedent RZSM, future target RZSM, and ERA5 atm verified; S2S download in progress"
CASE_20210805_0693,693,2021-08-05,2024-08-05,Monday,Thursday,TRAIN,2021-08-04,2021-07-29,2021-07-22,2021-08-11,2021-08-18,2021-08-25,2021-09-01,True,True,True,False,QUEUED_S2S_DOWNLOAD,"Antecedent RZSM, future target RZSM, and ERA5 atm verified; S2S download in progress"
CASE_20210808_0694,694,2021-08-08,2024-08-08,Thursday,Sunday,TRAIN,2021-08-07,2021-08-01,2021-07-25,2021-08-14,2021-08-21,2021-08-28,2021-09-04,True,True,True,False,QUEUED_S2S_DOWNLOAD,"Antecedent RZSM, future target RZSM, and ERA5 atm verified; S2S download in progress"
CASE_20210812_0695,695,2021-08-12,2024-08-12,Monday,Thursday,TRAIN,2021-08-11,2021-08-05,2021-07-29,2021-08-18,2021-08-25,2021-09-01,2021-09-08,True,True,True,False,QUEUED_S2S_DOWNLOAD,"Antecedent RZSM, future target RZSM, and ERA5 atm verified; S2S download in progress"
CASE_20210815_0696,696,2021-08-15,2024-08-15,Thursday,Sunday,TRAIN,2021-08-14,2021-08-08,2021-08-01,2021-08-21,2021-08-28,2021-09-04,2021-09-11,True,True,True,False,QUEUED_S2S_DOWNLOAD,"Antecedent RZSM, future target RZSM, and ERA5 atm verified; S2S download in progress"
CASE_20210819_0697,697,2021-08-19,2024-08-19,Monday,Thursday,TRAIN,2021-08-18,2021-08-12,2021-08-05,2021-08-25,2021-09-01,2021-09-08,2021-09-15,True,True,True,False,QUEUED_S2S_DOWNLOAD,"Antecedent RZSM, future target RZSM, and ERA5 atm verified; S2S download in progress"
CASE_20210822_0698,698,2021-08-22,2024-08-22,Thursday,Sunday,TRAIN,2021-08-21,2021-08-15,2021-08-08,2021-08-28,2021-09-04,2021-09-11,2021-09-18,True,True,True,False,QUEUED_S2S_DOWNLOAD,"Antecedent RZSM, future target RZSM, and ERA5 atm verified; S2S download in progress"
CASE_20210826_0699,699,2021-08-26,2024-08-26,Monday,Thursday,TRAIN,2021-08-25,2021-08-19,2021-08-12,2021-09-01,2021-09-08,2021-09-15,2021-09-22,True,True,True,False,QUEUED_S2S_DOWNLOAD,"Antecedent RZSM, future target RZSM, and ERA5 atm verified; S2S download in progress"
CASE_20210829_0700,700,2021-08-29,2024-08-29,Thursday,Sunday,TRAIN,2021-08-28,2021-08-22,2021-08-15,2021-09-04,2021-09-11,2021-09-18,2021-09-25,True,True,True,False,QUEUED_S2S_DOWNLOAD,"Antecedent RZSM, future target RZSM, and ERA5 atm verified; S2S download in progress"
CASE_20210902_0701,701,2021-09-02,2024-09-02,Monday,Thursday,TRAIN,2021-09-01,2021-08-26,2021-08-19,2021-09-08,2021-09-15,2021-09-22,2021-09-29,True,True,True,False,QUEUED_S2S_DOWNLOAD,"Antecedent RZSM, future target RZSM, and ERA5 atm verified; S2S download in progress"
CASE_20210905_0702,702,2021-09-05,2024-09-05,Thursday,Sunday,TRAIN,2021-09-04,2021-08-29,2021-08-22,2021-09-11,2021-09-18,2021-09-25,2021-10-02,True,True,True,False,QUEUED_S2S_DOWNLOAD,"Antecedent RZSM, future target RZSM, and ERA5 atm verified; S2S download in progress"
CASE_20210909_0703,703,2021-09-09,2024-09-09,Monday,Thursday,TRAIN,2021-09-08,2021-09-02,2021-08-26,2021-09-15,2021-09-22,2021-09-29,2021-10-06,True,True,True,False,QUEUED_S2S_DOWNLOAD,"Antecedent RZSM, future target RZSM, and ERA5 atm verified; S2S download in progress"
CASE_20210912_0704,704,2021-09-12,2024-09-12,Thursday,Sunday,TRAIN,2021-09-11,2021-09-05,2021-08-29,2021-09-18,2021-09-25,2021-10-02,2021-10-09,True,True,True,False,QUEUED_S2S_DOWNLOAD,"Antecedent RZSM, future target RZSM, and ERA5 atm verified; S2S download in progress"
CASE_20210916_0705,705,2021-09-16,2024-09-16,Monday,Thursday,TRAIN,2021-09-15,2021-09-09,2021-09-02,2021-09-22,2021-09-29,2021-10-06,2021-10-13,True,True,True,False,QUEUED_S2S_DOWNLOAD,"Antecedent RZSM, future target RZSM, and ERA5 atm verified; S2S download in progress"
CASE_20210919_0706,706,2021-09-19,2024-09-19,Thursday,Sunday,TRAIN,2021-09-18,2021-09-12,2021-09-05,2021-09-25,2021-10-02,2021-10-09,2021-10-16,True,True,True,False,QUEUED_S2S_DOWNLOAD,"Antecedent RZSM, future target RZSM, and ERA5 atm verified; S2S download in progress"
CASE_20210923_0707,707,2021-09-23,2024-09-23,Monday,Thursday,TRAIN,2021-09-22,2021-09-16,2021-09-09,2021-09-29,2021-10-06,2021-10-13,2021-10-20,True,True,True,False,QUEUED_S2S_DOWNLOAD,"Antecedent RZSM, future target RZSM, and ERA5 atm verified; S2S download in progress"
CASE_20210926_0708,708,2021-09-26,2024-09-26,Thursday,Sunday,TRAIN,2021-09-25,2021-09-19,2021-09-12,2021-10-02,2021-10-09,2021-10-16,2021-10-23,True,True,True,False,QUEUED_S2S_DOWNLOAD,"Antecedent RZSM, future target RZSM, and ERA5 atm verified; S2S download in progress"
CASE_20210930_0709,709,2021-09-30,2024-09-30,Monday,Thursday,TRAIN,2021-09-29,2021-09-23,2021-09-16,2021-10-06,2021-10-13,2021-10-20,2021-10-27,True,True,True,False,QUEUED_S2S_DOWNLOAD,"Antecedent RZSM, future target RZSM, and ERA5 atm verified; S2S download in progress"
CASE_20211003_0710,710,2021-10-03,2024-10-03,Thursday,Sunday,TRAIN,2021-10-02,2021-09-26,2021-09-19,2021-10-09,2021-10-16,2021-10-23,2021-10-30,True,True,True,False,QUEUED_S2S_DOWNLOAD,"Antecedent RZSM, future target RZSM, and ERA5 atm verified; S2S download in progress"
CASE_20211007_0711,711,2021-10-07,2024-10-07,Monday,Thursday,TRAIN,2021-10-06,2021-09-30,2021-09-23,2021-10-13,2021-10-20,2021-10-27,2021-11-03,True,True,True,False,QUEUED_S2S_DOWNLOAD,"Antecedent RZSM, future target RZSM, and ERA5 atm verified; S2S download in progress"
CASE_20211010_0712,712,2021-10-10,2024-10-10,Thursday,Sunday,TRAIN,2021-10-09,2021-10-03,2021-09-26,2021-10-16,2021-10-23,2021-10-30,2021-11-06,True,True,True,False,QUEUED_S2S_DOWNLOAD,"Antecedent RZSM, future target RZSM, and ERA5 atm verified; S2S download in progress"
CASE_20211014_0713,713,2021-10-14,2024-10-14,Monday,Thursday,TRAIN,2021-10-13,2021-10-07,2021-09-30,2021-10-20,2021-10-27,2021-11-03,2021-11-10,True,True,True,False,QUEUED_S2S_DOWNLOAD,"Antecedent RZSM, future target RZSM, and ERA5 atm verified; S2S download in progress"
CASE_20211017_0714,714,2021-10-17,2024-10-17,Thursday,Sunday,TRAIN,2021-10-16,2021-10-10,2021-10-03,2021-10-23,2021-10-30,2021-11-06,2021-11-13,True,True,True,False,QUEUED_S2S_DOWNLOAD,"Antecedent RZSM, future target RZSM, and ERA5 atm verified; S2S download in progress"
CASE_20211021_0715,715,2021-10-21,2024-10-21,Monday,Thursday,TRAIN,2021-10-20,2021-10-14,2021-10-07,2021-10-27,2021-11-03,2021-11-10,2021-11-17,True,True,True,False,QUEUED_S2S_DOWNLOAD,"Antecedent RZSM, future target RZSM, and ERA5 atm verified; S2S download in progress"
CASE_20211024_0716,716,2021-10-24,2024-10-24,Thursday,Sunday,TRAIN,2021-10-23,2021-10-17,2021-10-10,2021-10-30,2021-11-06,2021-11-13,2021-11-20,True,True,True,False,QUEUED_S2S_DOWNLOAD,"Antecedent RZSM, future target RZSM, and ERA5 atm verified; S2S download in progress"
CASE_20211028_0717,717,2021-10-28,2024-10-28,Monday,Thursday,TRAIN,2021-10-27,2021-10-21,2021-10-14,2021-11-03,2021-11-10,2021-11-17,2021-11-24,True,True,True,False,QUEUED_S2S_DOWNLOAD,"Antecedent RZSM, future target RZSM, and ERA5 atm verified; S2S download in progress"
CASE_20211031_0718,718,2021-10-31,2024-10-31,Thursday,Sunday,TRAIN,2021-10-30,2021-10-24,2021-10-17,2021-11-06,2021-11-13,2021-11-20,2021-11-27,True,True,True,False,QUEUED_S2S_DOWNLOAD,"Antecedent RZSM, future target RZSM, and ERA5 atm verified; S2S download in progress"
CASE_20211104_0719,719,2021-11-04,2024-11-04,Monday,Thursday,TRAIN,2021-11-03,2021-10-28,2021-10-21,2021-11-10,2021-11-17,2021-11-24,2021-12-01,True,True,True,False,QUEUED_S2S_DOWNLOAD,"Antecedent RZSM, future target RZSM, and ERA5 atm verified; S2S download in progress"
CASE_20211107_0720,720,2021-11-07,2024-11-07,Thursday,Sunday,TRAIN,2021-11-06,2021-10-31,2021-10-24,2021-11-13,2021-11-20,2021-11-27,2021-12-04,True,True,True,False,QUEUED_S2S_DOWNLOAD,"Antecedent RZSM, future target RZSM, and ERA5 atm verified; S2S download in progress"
CASE_20211111_0721,721,2021-11-11,2024-11-11,Monday,Thursday,TRAIN,2021-11-10,2021-11-04,2021-10-28,2021-11-17,2021-11-24,2021-12-01,2021-12-08,True,True,True,False,QUEUED_S2S_DOWNLOAD,"Antecedent RZSM, future target RZSM, and ERA5 atm verified; S2S download in progress"
CASE_20211114_0722,722,2021-11-14,2024-11-14,Thursday,Sunday,TRAIN,2021-11-13,2021-11-07,2021-10-31,2021-11-20,2021-11-27,2021-12-04,2021-12-11,True,True,True,False,QUEUED_S2S_DOWNLOAD,"Antecedent RZSM, future target RZSM, and ERA5 atm verified; S2S download in progress"
CASE_20211118_0723,723,2021-11-18,2024-11-18,Monday,Thursday,TRAIN,2021-11-17,2021-11-11,2021-11-04,2021-11-24,2021-12-01,2021-12-08,2021-12-15,True,True,True,False,QUEUED_S2S_DOWNLOAD,"Antecedent RZSM, future target RZSM, and ERA5 atm verified; S2S download in progress"
CASE_20211121_0724,724,2021-11-21,2024-11-21,Thursday,Sunday,TRAIN,2021-11-20,2021-11-14,2021-11-07,2021-11-27,2021-12-04,2021-12-11,2021-12-18,True,True,True,False,QUEUED_S2S_DOWNLOAD,"Antecedent RZSM, future target RZSM, and ERA5 atm verified; S2S download in progress"
CASE_20211125_0725,725,2021-11-25,2024-11-25,Monday,Thursday,TRAIN,2021-11-24,2021-11-18,2021-11-11,2021-12-01,2021-12-08,2021-12-15,2021-12-22,True,True,True,False,QUEUED_S2S_DOWNLOAD,"Antecedent RZSM, future target RZSM, and ERA5 atm verified; S2S download in progress"
CASE_20211128_0726,726,2021-11-28,2024-11-28,Thursday,Sunday,TRAIN,2021-11-27,2021-11-21,2021-11-14,2021-12-04,2021-12-11,2021-12-18,2021-12-25,True,True,True,False,QUEUED_S2S_DOWNLOAD,"Antecedent RZSM, future target RZSM, and ERA5 atm verified; S2S download in progress"
CASE_20211202_0727,727,2021-12-02,2024-12-02,Monday,Thursday,TRAIN,2021-12-01,2021-11-25,2021-11-18,2021-12-08,2021-12-15,2021-12-22,2021-12-29,True,True,True,False,QUEUED_S2S_DOWNLOAD,"Antecedent RZSM, future target RZSM, and ERA5 atm verified; S2S download in progress"
CASE_20211205_0728,728,2021-12-05,2024-12-05,Thursday,Sunday,TRAIN,2021-12-04,2021-11-28,2021-11-21,2021-12-11,2021-12-18,2021-12-25,2022-01-01,True,True,True,False,QUEUED_S2S_DOWNLOAD,"Antecedent RZSM, future target RZSM, and ERA5 atm verified; S2S download in progress"
CASE_20211209_0729,729,2021-12-09,2024-12-09,Monday,Thursday,TRAIN,2021-12-08,2021-12-02,2021-11-25,2021-12-15,2021-12-22,2021-12-29,2022-01-05,True,True,True,False,QUEUED_S2S_DOWNLOAD,"Antecedent RZSM, future target RZSM, and ERA5 atm verified; S2S download in progress"
CASE_20211212_0730,730,2021-12-12,2024-12-12,Thursday,Sunday,TRAIN,2021-12-11,2021-12-05,2021-11-28,2021-12-18,2021-12-25,2022-01-01,2022-01-08,True,True,True,False,QUEUED_S2S_DOWNLOAD,"Antecedent RZSM, future target RZSM, and ERA5 atm verified; S2S download in progress"
CASE_20211216_0731,731,2021-12-16,2024-12-16,Monday,Thursday,TRAIN,2021-12-15,2021-12-09,2021-12-02,2021-12-22,2021-12-29,2022-01-05,2022-01-12,True,True,True,False,QUEUED_S2S_DOWNLOAD,"Antecedent RZSM, future target RZSM, and ERA5 atm verified; S2S download in progress"
CASE_20211219_0732,732,2021-12-19,2024-12-19,Thursday,Sunday,TRAIN,2021-12-18,2021-12-12,2021-12-05,2021-12-25,2022-01-01,2022-01-08,2022-01-15,True,True,True,False,QUEUED_S2S_DOWNLOAD,"Antecedent RZSM, future target RZSM, and ERA5 atm verified; S2S download in progress"
CASE_20211223_0733,733,2021-12-23,2024-12-23,Monday,Thursday,TRAIN,2021-12-22,2021-12-16,2021-12-09,2021-12-29,2022-01-05,2022-01-12,2022-01-19,True,True,True,False,QUEUED_S2S_DOWNLOAD,"Antecedent RZSM, future target RZSM, and ERA5 atm verified; S2S download in progress"
CASE_20211226_0734,734,2021-12-26,2024-12-26,Thursday,Sunday,TRAIN,2021-12-25,2021-12-19,2021-12-12,2022-01-01,2022-01-08,2022-01-15,2022-01-22,True,True,True,False,QUEUED_S2S_DOWNLOAD,"Antecedent RZSM, future target RZSM, and ERA5 atm verified; S2S download in progress"
CASE_20211230_0735,735,2021-12-30,2024-12-30,Monday,Thursday,TRAIN,2021-12-29,2021-12-23,2021-12-16,2022-01-05,2022-01-12,2022-01-19,2022-01-26,True,True,True,False,QUEUED_S2S_DOWNLOAD,"Antecedent RZSM, future target RZSM, and ERA5 atm verified; S2S download in progress"
